is_about,is_quality_measurement_of,has_specified_numeric_value,has_measurement_unit_label
7022P_411491,Mooney Viscosity,54,
7022P_411491,Mooney Stress Relaxation,3.333,
7022P_411491,Styrene_Cont,21.0,
7022P_411491,Cis_Cont,13.5,
7022P_411491,Trans_Cont,15.5,
7022P_411491,Vinyl_Cont,49.9,
7022P_411491,Glass Transition Temperature,-24.8,
7022P_411491,Number Averaged Molecular Weight,279919,
7022P_411491,Weight Averaged Molecular Weight,322188,
7019P_411492,Mooney Viscosity,45,
7019P_411492,Mooney Stress Relaxation,1.145,
7019P_411492,Styrene_Cont,21.4,
7019P_411492,Cis_Cont,13.4,
7019P_411492,Trans_Cont,15.3,
7019P_411492,Vinyl_Cont,49.9,
7019P_411492,Glass Transition Temperature,-23.1,
7019P_411492,Number Averaged Molecular Weight,248386,
7019P_411492,Weight Averaged Molecular Weight,343234,
7022C_411493,Mooney Viscosity,49,
7022C_411493,Mooney Stress Relaxation,3.736,
7022C_411493,Styrene_Cont,20.9,
7022C_411493,Cis_Cont,13.4,
7022C_411493,Trans_Cont,15.2,
7022C_411493,Vinyl_Cont,50.5,
7022C_411493,Glass Transition Temperature,-23.9,
7022C_411493,Number Averaged Molecular Weight,170448,
7022C_411493,Weight Averaged Molecular Weight,207974,
7022E_411494,Mooney Viscosity,43,
7022E_411494,Mooney Stress Relaxation,1.265,
7022E_411494,Styrene_Cont,21.0,
7022E_411494,Cis_Cont,13.9,
7022E_411494,Trans_Cont,16.6,
7022E_411494,Vinyl_Cont,48.5,
7022E_411494,Glass Transition Temperature,-26.9,
7022E_411494,Number Averaged Molecular Weight,235005,
7022E_411494,Weight Averaged Molecular Weight,330549,
7022G_411495,Mooney Viscosity,70,
7022G_411495,Mooney Stress Relaxation,1.737,
7022G_411495,Styrene_Cont,21.0,
7022G_411495,Cis_Cont,13.7,
7022G_411495,Trans_Cont,16.0,
7022G_411495,Vinyl_Cont,49.3,
7022G_411495,Glass Transition Temperature,-24.6,
7022G_411495,Number Averaged Molecular Weight,256111,
7022G_411495,Weight Averaged Molecular Weight,288496,
7022S_411496,Mooney Viscosity,80,
7022S_411496,Mooney Stress Relaxation,0.905,
7022S_411496,Styrene_Cont,20.7,
7022S_411496,Cis_Cont,13.9,
7022S_411496,Trans_Cont,16.5,
7022S_411496,Vinyl_Cont,49.0,
7022S_411496,Glass Transition Temperature,-25.8,
7022S_411496,Number Averaged Molecular Weight,373294,
7022S_411496,Weight Averaged Molecular Weight,709747,
7024C_411497,Mooney Viscosity,55,
7024C_411497,Mooney Stress Relaxation,1.486,
7024C_411497,Styrene_Cont,21.2,
7024C_411497,Cis_Cont,13.4,
7024C_411497,Trans_Cont,15.6,
7024C_411497,Vinyl_Cont,49.8,
7024C_411497,Glass Transition Temperature,-24.5,
7024C_411497,Number Averaged Molecular Weight,262614,
7024C_411497,Weight Averaged Molecular Weight,306048,
7022P_411511,Mooney Viscosity,54,
7022P_411511,Mooney Stress Relaxation,3.333,
7022P_411511,Styrene_Cont,21.0,
7022P_411511,Cis_Cont,13.5,
7022P_411511,Trans_Cont,15.5,
7022P_411511,Vinyl_Cont,49.9,
7022P_411511,Glass Transition Temperature,-24.8,
7022P_411511,Number Averaged Molecular Weight,279919,
7022P_411511,Weight Averaged Molecular Weight,322188,
7019P_411512,Mooney Viscosity,45,
7019P_411512,Mooney Stress Relaxation,1.145,
7019P_411512,Styrene_Cont,21.4,
7019P_411512,Cis_Cont,13.4,
7019P_411512,Trans_Cont,15.3,
7019P_411512,Vinyl_Cont,49.9,
7019P_411512,Glass Transition Temperature,-23.1,
7019P_411512,Number Averaged Molecular Weight,248386,
7019P_411512,Weight Averaged Molecular Weight,343234,
7022C_411513,Mooney Viscosity,49,
7022C_411513,Mooney Stress Relaxation,3.736,
7022C_411513,Styrene_Cont,20.9,
7022C_411513,Cis_Cont,13.4,
7022C_411513,Trans_Cont,15.2,
7022C_411513,Vinyl_Cont,50.5,
7022C_411513,Glass Transition Temperature,-23.9,
7022C_411513,Number Averaged Molecular Weight,170448,
7022C_411513,Weight Averaged Molecular Weight,207974,
7022E_411514,Mooney Viscosity,43,
7022E_411514,Mooney Stress Relaxation,1.265,
7022E_411514,Styrene_Cont,21.0,
7022E_411514,Cis_Cont,13.9,
7022E_411514,Trans_Cont,16.6,
7022E_411514,Vinyl_Cont,48.5,
7022E_411514,Glass Transition Temperature,-26.9,
7022E_411514,Number Averaged Molecular Weight,235005,
7022E_411514,Weight Averaged Molecular Weight,330549,
7022G_411515,Mooney Viscosity,70,
7022G_411515,Mooney Stress Relaxation,1.737,
7022G_411515,Styrene_Cont,21.0,
7022G_411515,Cis_Cont,13.7,
7022G_411515,Trans_Cont,16.0,
7022G_411515,Vinyl_Cont,49.3,
7022G_411515,Glass Transition Temperature,-24.6,
7022G_411515,Number Averaged Molecular Weight,256111,
7022G_411515,Weight Averaged Molecular Weight,288496,
7022S_411516,Mooney Viscosity,80,
7022S_411516,Mooney Stress Relaxation,0.905,
7022S_411516,Styrene_Cont,20.7,
7022S_411516,Cis_Cont,13.9,
7022S_411516,Trans_Cont,16.5,
7022S_411516,Vinyl_Cont,49.0,
7022S_411516,Glass Transition Temperature,-25.8,
7022S_411516,Number Averaged Molecular Weight,373294,
7022S_411516,Weight Averaged Molecular Weight,709747,
7024C_411517,Mooney Viscosity,55,
7024C_411517,Mooney Stress Relaxation,1.486,
7024C_411517,Styrene_Cont,21.2,
7024C_411517,Cis_Cont,13.4,
7024C_411517,Trans_Cont,15.6,
7024C_411517,Vinyl_Cont,49.8,
7024C_411517,Glass Transition Temperature,-24.5,
7024C_411517,Number Averaged Molecular Weight,262614,
7024C_411517,Weight Averaged Molecular Weight,306048,
7022P_411531,Mooney Viscosity,54,
7022P_411531,Mooney Stress Relaxation,3.333,
7022P_411531,Styrene_Cont,21.0,
7022P_411531,Cis_Cont,13.5,
7022P_411531,Trans_Cont,15.5,
7022P_411531,Vinyl_Cont,49.9,
7022P_411531,Glass Transition Temperature,-24.8,
7022P_411531,Number Averaged Molecular Weight,279919,
7022P_411531,Weight Averaged Molecular Weight,322188,
7019U_411532,Mooney Viscosity,44,
7019U_411532,Mooney Stress Relaxation,1.279,
7019U_411532,Styrene_Cont,21.2,
7019U_411532,Cis_Cont,13.2,
7019U_411532,Trans_Cont,15.4,
7019U_411532,Vinyl_Cont,50.3,
7019U_411532,Glass Transition Temperature,-23.8,
7019U_411532,Number Averaged Molecular Weight,253128,
7019U_411532,Weight Averaged Molecular Weight,343727,
7019X_411533,Mooney Viscosity,49,
7019X_411533,Mooney Stress Relaxation,4.169,
7019X_411533,Styrene_Cont,21.4,
7019X_411533,Cis_Cont,13.4,
7019X_411533,Trans_Cont,15.4,
7019X_411533,Vinyl_Cont,49.8,
7019X_411533,Glass Transition Temperature,-22.6,
7019X_411533,Number Averaged Molecular Weight,166409,
7019X_411533,Weight Averaged Molecular Weight,205170,
7022D_411534,Mooney Viscosity,57,
7022D_411534,Mooney Stress Relaxation,1.191,
7022D_411534,Styrene_Cont,21.0,
7022D_411534,Cis_Cont,13.4,
7022D_411534,Trans_Cont,15.6,
7022D_411534,Vinyl_Cont,50.0,
7022D_411534,Glass Transition Temperature,-25.0,
7022D_411534,Number Averaged Molecular Weight,258386,
7022D_411534,Weight Averaged Molecular Weight,378848,
7022H_411535,Mooney Viscosity,74,
7022H_411535,Mooney Stress Relaxation,1.729,
7022H_411535,Styrene_Cont,20.9,
7022H_411535,Cis_Cont,13.6,
7022H_411535,Trans_Cont,15.9,
7022H_411535,Vinyl_Cont,49.5,
7022H_411535,Glass Transition Temperature,-22.7,
7022H_411535,Number Averaged Molecular Weight,266045,
7022H_411535,Weight Averaged Molecular Weight,300674,
7024D_411536,Mooney Viscosity,75,
7024D_411536,Mooney Stress Relaxation,1.061,
7024D_411536,Styrene_Cont,20.9,
7024D_411536,Cis_Cont,14.3,
7024D_411536,Trans_Cont,16.0,
7024D_411536,Vinyl_Cont,48.8,
7024D_411536,Glass Transition Temperature,-24.3,
7024D_411536,Number Averaged Molecular Weight,415630,
7024D_411536,Weight Averaged Molecular Weight,878098,
7024A_411537,Mooney Viscosity,64,
7024A_411537,Mooney Stress Relaxation,1.763,
7024A_411537,Styrene_Cont,21.2,
7024A_411537,Cis_Cont,13.3,
7024A_411537,Trans_Cont,14.9,
7024A_411537,Vinyl_Cont,50.6,
7024A_411537,Glass Transition Temperature,-25.4,
7024A_411537,Number Averaged Molecular Weight,283734,
7024A_411537,Weight Averaged Molecular Weight,323588,
7022P_411551,Mooney Viscosity,54,
7022P_411551,Mooney Stress Relaxation,3.333,
7022P_411551,Styrene_Cont,21.0,
7022P_411551,Cis_Cont,13.5,
7022P_411551,Trans_Cont,15.5,
7022P_411551,Vinyl_Cont,49.9,
7022P_411551,Glass Transition Temperature,-24.8,
7022P_411551,Number Averaged Molecular Weight,279919,
7022P_411551,Weight Averaged Molecular Weight,322188,
7019U_411552,Mooney Viscosity,44,
7019U_411552,Mooney Stress Relaxation,1.279,
7019U_411552,Styrene_Cont,21.2,
7019U_411552,Cis_Cont,13.2,
7019U_411552,Trans_Cont,15.4,
7019U_411552,Vinyl_Cont,50.3,
7019U_411552,Glass Transition Temperature,-23.8,
7019U_411552,Number Averaged Molecular Weight,253128,
7019U_411552,Weight Averaged Molecular Weight,343727,
7019X_411553,Mooney Viscosity,49,
7019X_411553,Mooney Stress Relaxation,4.169,
7019X_411553,Styrene_Cont,21.4,
7019X_411553,Cis_Cont,13.4,
7019X_411553,Trans_Cont,15.4,
7019X_411553,Vinyl_Cont,49.8,
7019X_411553,Glass Transition Temperature,-22.6,
7019X_411553,Number Averaged Molecular Weight,166409,
7019X_411553,Weight Averaged Molecular Weight,205170,
7022D_411554,Mooney Viscosity,57,
7022D_411554,Mooney Stress Relaxation,1.191,
7022D_411554,Styrene_Cont,21.0,
7022D_411554,Cis_Cont,13.4,
7022D_411554,Trans_Cont,15.6,
7022D_411554,Vinyl_Cont,50.0,
7022D_411554,Glass Transition Temperature,-25.0,
7022D_411554,Number Averaged Molecular Weight,258386,
7022D_411554,Weight Averaged Molecular Weight,378848,
7022H_411555,Mooney Viscosity,74,
7022H_411555,Mooney Stress Relaxation,1.729,
7022H_411555,Styrene_Cont,20.9,
7022H_411555,Cis_Cont,13.6,
7022H_411555,Trans_Cont,15.9,
7022H_411555,Vinyl_Cont,49.5,
7022H_411555,Glass Transition Temperature,-22.7,
7022H_411555,Number Averaged Molecular Weight,266045,
7022H_411555,Weight Averaged Molecular Weight,300674,
7024D_411556,Mooney Viscosity,75,
7024D_411556,Mooney Stress Relaxation,1.061,
7024D_411556,Styrene_Cont,20.9,
7024D_411556,Cis_Cont,14.3,
7024D_411556,Trans_Cont,16.0,
7024D_411556,Vinyl_Cont,48.8,
7024D_411556,Glass Transition Temperature,-24.3,
7024D_411556,Number Averaged Molecular Weight,415630,
7024D_411556,Weight Averaged Molecular Weight,878098,
7024A_411557,Mooney Viscosity,64,
7024A_411557,Mooney Stress Relaxation,1.763,
7024A_411557,Styrene_Cont,21.2,
7024A_411557,Cis_Cont,13.3,
7024A_411557,Trans_Cont,14.9,
7024A_411557,Vinyl_Cont,50.6,
7024A_411557,Glass Transition Temperature,-25.4,
7024A_411557,Number Averaged Molecular Weight,283734,
7024A_411557,Weight Averaged Molecular Weight,323588,
7032E_418512,Mooney Viscosity,48,
7032E_418512,Mooney Stress Relaxation,1.234,
7032E_418512,Styrene_Cont,11.2,
7032E_418512,Cis_Cont,24.0,
7032E_418512,Trans_Cont,33.4,
7032E_418512,Vinyl_Cont,31.4,
7032E_418512,Glass Transition Temperature,-60.9,
7032E_418512,Number Averaged Molecular Weight,232637,
7032E_418512,Weight Averaged Molecular Weight,438842,
7032E_418513,Mooney Viscosity,76,
7032E_418513,Mooney Stress Relaxation,0.851,
7032E_418513,Styrene_Cont,11.2,
7032E_418513,Cis_Cont,24.0,
7032E_418513,Trans_Cont,33.4,
7032E_418513,Vinyl_Cont,31.4,
7032E_418513,Glass Transition Temperature,-59.1,
7032E_418513,Number Averaged Molecular Weight,296765,
7032E_418513,Weight Averaged Molecular Weight,581980,
7032E_418514,Mooney Viscosity,78,
7032E_418514,Mooney Stress Relaxation,0.906,
7032E_418514,Styrene_Cont,11.2,
7032E_418514,Cis_Cont,24.0,
7032E_418514,Trans_Cont,33.4,
7032E_418514,Vinyl_Cont,31.4,
7032E_418514,Glass Transition Temperature,-60.4,
7032E_418514,Number Averaged Molecular Weight,262706,
7032E_418514,Weight Averaged Molecular Weight,532078,
7021G_418516,Mooney Viscosity,79,
7021G_418516,Mooney Stress Relaxation,1.034,
7021G_418516,Styrene_Cont,10.6,
7021G_418516,Cis_Cont,24.3,
7021G_418516,Trans_Cont,33.4,
7021G_418516,Vinyl_Cont,31.6,
7021G_418516,Glass Transition Temperature,-61.4,
7021G_418516,Number Averaged Molecular Weight,294884,
7021G_418516,Weight Averaged Molecular Weight,462943,
7021H_418517,Mooney Viscosity,73,
7021H_418517,Mooney Stress Relaxation,0.813,
7021H_418517,Styrene_Cont,10.5,
7021H_418517,Cis_Cont,25.0,
7021H_418517,Trans_Cont,34.0,
7021H_418517,Vinyl_Cont,30.5,
7021H_418517,Glass Transition Temperature,-63.5,
7021H_418517,Number Averaged Molecular Weight,357981,
7021H_418517,Weight Averaged Molecular Weight,565682,
7032F_418534,Mooney Viscosity,57,
7032F_418534,Mooney Stress Relaxation,1.263,
7032F_418534,Styrene_Cont,11.0,
7032F_418534,Cis_Cont,23.8,
7032F_418534,Trans_Cont,33.0,
7032F_418534,Vinyl_Cont,32.2,
7032F_418534,Glass Transition Temperature,-60.4,
7032F_418534,Number Averaged Molecular Weight,249634,
7032F_418534,Weight Averaged Molecular Weight,466838,
7032F_418535,Mooney Viscosity,91,
7032F_418535,Mooney Stress Relaxation,0.769,
7032F_418535,Styrene_Cont,11.0,
7032F_418535,Cis_Cont,23.8,
7032F_418535,Trans_Cont,33.0,
7032F_418535,Vinyl_Cont,32.2,
7032F_418535,Glass Transition Temperature,-59.7,
7032F_418535,Number Averaged Molecular Weight,314461,
7032F_418535,Weight Averaged Molecular Weight,6585011,
7032F_418536,Mooney Viscosity,111,
7032F_418536,Mooney Stress Relaxation,0.728,
7032F_418536,Styrene_Cont,11.0,
7032F_418536,Cis_Cont,23.8,
7032F_418536,Trans_Cont,33.0,
7032F_418536,Vinyl_Cont,32.2,
7032F_418536,Glass Transition Temperature,-61.1,
7032F_418536,Number Averaged Molecular Weight,325311,
7032F_418536,Weight Averaged Molecular Weight,667608,
7032N_427776,Mooney Viscosity,94,
7032N_427776,Mooney Stress Relaxation,0.873,
7032N_427776,Styrene_Cont,11.3,
7032N_427776,Cis_Cont,25.7,
7032N_427776,Trans_Cont,33.4,
7032N_427776,Vinyl_Cont,29.6,
7032N_427776,Glass Transition Temperature,-60.1,
7032N_427776,Number Averaged Molecular Weight,280000,
7032N_427776,Weight Averaged Molecular Weight,451000,
7032O_427777,Mooney Viscosity,76,
7032O_427777,Mooney Stress Relaxation,0.94,
7032O_427777,Styrene_Cont,11.4,
7032O_427777,Cis_Cont,26.0,
7032O_427777,Trans_Cont,33.0,
7032O_427777,Vinyl_Cont,29.6,
7032O_427777,Glass Transition Temperature,-59.7,
7032O_427777,Number Averaged Molecular Weight,240000,
7032O_427777,Weight Averaged Molecular Weight,320000,
7039Z_428661,Mooney Viscosity,59,
7039Z_428661,Mooney Stress Relaxation,2.389,
7039Z_428661,Styrene_Cont,20.2,
7039Z_428661,Cis_Cont,13.8,
7039Z_428661,Trans_Cont,16.2,
7039Z_428661,Vinyl_Cont,49.8,
7039Z_428661,Glass Transition Temperature,-24.6,
7039Z_428661,Number Averaged Molecular Weight,292879,
7039Z_428661,Weight Averaged Molecular Weight,338836,
7039M_428662,Mooney Viscosity,76,
7039M_428662,Mooney Stress Relaxation,1.631,
7039M_428662,Styrene_Cont,21.2,
7039M_428662,Cis_Cont,13.5,
7039M_428662,Trans_Cont,16.4,
7039M_428662,Vinyl_Cont,48.9,
7039M_428662,Glass Transition Temperature,-24.1,
7039M_428662,Number Averaged Molecular Weight,262852,
7039M_428662,Weight Averaged Molecular Weight,317948,
7039O_428663,Mooney Viscosity,86,
7039O_428663,Mooney Stress Relaxation,1.045,
7039O_428663,Styrene_Cont,21.2,
7039O_428663,Cis_Cont,13.0,
7039O_428663,Trans_Cont,15.7,
7039O_428663,Vinyl_Cont,50.1,
7039O_428663,Glass Transition Temperature,-23.0,
7039O_428663,Number Averaged Molecular Weight,258623,
7039O_428663,Weight Averaged Molecular Weight,538669,
7039P_428664,Mooney Viscosity,95,
7039P_428664,Mooney Stress Relaxation,0.95,
7039P_428664,Styrene_Cont,20.8,
7039P_428664,Cis_Cont,13.6,
7039P_428664,Trans_Cont,15.8,
7039P_428664,Vinyl_Cont,49.8,
7039P_428664,Glass Transition Temperature,-23.2,
7039P_428664,Number Averaged Molecular Weight,314526,
7039P_428664,Weight Averaged Molecular Weight,563211,
7039Z_428665,Mooney Viscosity,59,
7039Z_428665,Mooney Stress Relaxation,2.389,
7039Z_428665,Styrene_Cont,20.2,
7039Z_428665,Cis_Cont,13.8,
7039Z_428665,Trans_Cont,16.2,
7039Z_428665,Vinyl_Cont,49.8,
7039Z_428665,Glass Transition Temperature,-24.6,
7039Z_428665,Number Averaged Molecular Weight,292879,
7039Z_428665,Weight Averaged Molecular Weight,338836,
7039S_428666,Mooney Viscosity,86,
7039S_428666,Mooney Stress Relaxation,1.217,
7039S_428666,Styrene_Cont,20.6,
7039S_428666,Cis_Cont,13.6,
7039S_428666,Trans_Cont,15.9,
7039S_428666,Vinyl_Cont,49.8,
7039S_428666,Glass Transition Temperature,-21.5,
7039S_428666,Number Averaged Molecular Weight,258134,
7039S_428666,Weight Averaged Molecular Weight,501509,
7039V_428667,Mooney Viscosity,77,
7039V_428667,Mooney Stress Relaxation,1.573,
7039V_428667,Styrene_Cont,20.7,
7039V_428667,Cis_Cont,13.3,
7039V_428667,Trans_Cont,15.3,
7039V_428667,Vinyl_Cont,50.6,
7039V_428667,Glass Transition Temperature,-23.0,
7039V_428667,Number Averaged Molecular Weight,241818,
7039V_428667,Weight Averaged Molecular Weight,338800,
7039T_428668,Mooney Viscosity,89,
7039T_428668,Mooney Stress Relaxation,1.144,
7039T_428668,Styrene_Cont,21.1,
7039T_428668,Cis_Cont,13.4,
7039T_428668,Trans_Cont,15.5,
7039T_428668,Vinyl_Cont,50.1,
7039T_428668,Glass Transition Temperature,-22.6,
7039T_428668,Number Averaged Molecular Weight,318257,
7039T_428668,Weight Averaged Molecular Weight,555726,
7039Z_431271,Mooney Viscosity,59,
7039Z_431271,Mooney Stress Relaxation,2.389,
7039Z_431271,Styrene_Cont,20.2,
7039Z_431271,Cis_Cont,13.8,
7039Z_431271,Trans_Cont,16.2,
7039Z_431271,Vinyl_Cont,49.8,
7039Z_431271,Glass Transition Temperature,-24.6,
7039Z_431271,Number Averaged Molecular Weight,292879,
7039Z_431271,Weight Averaged Molecular Weight,338836,
7039M_431272,Mooney Viscosity,76,
7039M_431272,Mooney Stress Relaxation,1.631,
7039M_431272,Styrene_Cont,21.2,
7039M_431272,Cis_Cont,13.5,
7039M_431272,Trans_Cont,16.4,
7039M_431272,Vinyl_Cont,48.9,
7039M_431272,Glass Transition Temperature,-24.1,
7039M_431272,Number Averaged Molecular Weight,262852,
7039M_431272,Weight Averaged Molecular Weight,317948,
7039O_431273,Mooney Viscosity,86,
7039O_431273,Mooney Stress Relaxation,1.045,
7039O_431273,Styrene_Cont,21.2,
7039O_431273,Cis_Cont,13.0,
7039O_431273,Trans_Cont,15.7,
7039O_431273,Vinyl_Cont,50.1,
7039O_431273,Glass Transition Temperature,-23.0,
7039O_431273,Number Averaged Molecular Weight,258623,
7039O_431273,Weight Averaged Molecular Weight,538669,
7039P_431274,Mooney Viscosity,95,
7039P_431274,Mooney Stress Relaxation,0.95,
7039P_431274,Styrene_Cont,20.8,
7039P_431274,Cis_Cont,13.6,
7039P_431274,Trans_Cont,15.8,
7039P_431274,Vinyl_Cont,49.8,
7039P_431274,Glass Transition Temperature,-23.2,
7039P_431274,Number Averaged Molecular Weight,314526,
7039P_431274,Weight Averaged Molecular Weight,563211,
7039Z_431275,Mooney Viscosity,59,
7039Z_431275,Mooney Stress Relaxation,2.389,
7039Z_431275,Styrene_Cont,20.2,
7039Z_431275,Cis_Cont,13.8,
7039Z_431275,Trans_Cont,16.2,
7039Z_431275,Vinyl_Cont,49.8,
7039Z_431275,Glass Transition Temperature,-24.6,
7039Z_431275,Number Averaged Molecular Weight,292879,
7039Z_431275,Weight Averaged Molecular Weight,338836,
7039T_431276,Mooney Viscosity,89,
7039T_431276,Mooney Stress Relaxation,1.144,
7039T_431276,Styrene_Cont,21.1,
7039T_431276,Cis_Cont,13.4,
7039T_431276,Trans_Cont,15.5,
7039T_431276,Vinyl_Cont,50.1,
7039T_431276,Glass Transition Temperature,-22.6,
7039T_431276,Number Averaged Molecular Weight,318257,
7039T_431276,Weight Averaged Molecular Weight,555726,
7039S_431277,Mooney Viscosity,86,
7039S_431277,Mooney Stress Relaxation,1.217,
7039S_431277,Styrene_Cont,20.6,
7039S_431277,Cis_Cont,13.6,
7039S_431277,Trans_Cont,15.9,
7039S_431277,Vinyl_Cont,49.8,
7039S_431277,Glass Transition Temperature,-21.5,
7039S_431277,Number Averaged Molecular Weight,258134,
7039S_431277,Weight Averaged Molecular Weight,501509,
7039V_431278,Mooney Viscosity,77,
7039V_431278,Mooney Stress Relaxation,1.573,
7039V_431278,Styrene_Cont,20.7,
7039V_431278,Cis_Cont,13.3,
7039V_431278,Trans_Cont,15.3,
7039V_431278,Vinyl_Cont,50.6,
7039V_431278,Glass Transition Temperature,-23.0,
7039V_431278,Number Averaged Molecular Weight,241818,
7039V_431278,Weight Averaged Molecular Weight,338800,
7045X_432251,Mooney Viscosity,62,
7045X_432251,Mooney Stress Relaxation,1.768,
7045X_432251,Styrene_Cont,0.0,
7045X_432251,Cis_Cont,0.0,
7045X_432251,Trans_Cont,0.0,
7045X_432251,Vinyl_Cont,0.0,
7045X_432251,Glass Transition Temperature,-24.3,
7045X_432251,Number Averaged Molecular Weight,274287,
7045X_432251,Weight Averaged Molecular Weight,345253,
7046C_432252,Mooney Viscosity,71,
7046C_432252,Mooney Stress Relaxation,1.656,
7046C_432252,Styrene_Cont,0.0,
7046C_432252,Cis_Cont,0.0,
7046C_432252,Trans_Cont,0.0,
7046C_432252,Vinyl_Cont,0.0,
7046C_432252,Glass Transition Temperature,-24.7,
7046C_432252,Number Averaged Molecular Weight,254913,
7046C_432252,Weight Averaged Molecular Weight,318306,
7046A_432253,Mooney Viscosity,76,
7046A_432253,Mooney Stress Relaxation,1.461,
7046A_432253,Styrene_Cont,0.0,
7046A_432253,Cis_Cont,0.0,
7046A_432253,Trans_Cont,0.0,
7046A_432253,Vinyl_Cont,0.0,
7046A_432253,Glass Transition Temperature,-22.5,
7046A_432253,Number Averaged Molecular Weight,266918,
7046A_432253,Weight Averaged Molecular Weight,318493,
7046B_432254,Mooney Viscosity,76,
7046B_432254,Mooney Stress Relaxation,1.428,
7046B_432254,Styrene_Cont,0.0,
7046B_432254,Cis_Cont,0.0,
7046B_432254,Trans_Cont,0.0,
7046B_432254,Vinyl_Cont,0.0,
7046B_432254,Glass Transition Temperature,-23.4,
7046B_432254,Number Averaged Molecular Weight,262490,
7046B_432254,Weight Averaged Molecular Weight,323590,
7045X_432255,Mooney Viscosity,62,
7045X_432255,Mooney Stress Relaxation,1.768,
7045X_432255,Styrene_Cont,0.0,
7045X_432255,Cis_Cont,0.0,
7045X_432255,Trans_Cont,0.0,
7045X_432255,Vinyl_Cont,0.0,
7045X_432255,Glass Transition Temperature,-24.3,
7045X_432255,Number Averaged Molecular Weight,274287,
7045X_432255,Weight Averaged Molecular Weight,345253,
7046B_432256,Mooney Viscosity,76,
7046B_432256,Mooney Stress Relaxation,1.428,
7046B_432256,Styrene_Cont,0.0,
7046B_432256,Cis_Cont,0.0,
7046B_432256,Trans_Cont,0.0,
7046B_432256,Vinyl_Cont,0.0,
7046B_432256,Glass Transition Temperature,-23.4,
7046B_432256,Number Averaged Molecular Weight,262490,
7046B_432256,Weight Averaged Molecular Weight,323590,
7046A_432257,Mooney Viscosity,76,
7046A_432257,Mooney Stress Relaxation,1.461,
7046A_432257,Styrene_Cont,0.0,
7046A_432257,Cis_Cont,0.0,
7046A_432257,Trans_Cont,0.0,
7046A_432257,Vinyl_Cont,0.0,
7046A_432257,Glass Transition Temperature,-22.5,
7046A_432257,Number Averaged Molecular Weight,266918,
7046A_432257,Weight Averaged Molecular Weight,318493,
7046C_432258,Mooney Viscosity,71,
7046C_432258,Mooney Stress Relaxation,1.656,
7046C_432258,Styrene_Cont,0.0,
7046C_432258,Cis_Cont,0.0,
7046C_432258,Trans_Cont,0.0,
7046C_432258,Vinyl_Cont,0.0,
7046C_432258,Glass Transition Temperature,-24.7,
7046C_432258,Number Averaged Molecular Weight,254913,
7046C_432258,Weight Averaged Molecular Weight,318306,
7042O_432581,Mooney Viscosity,58,
7042O_432581,Mooney Stress Relaxation,1.215,
7042O_432581,Styrene_Cont,20.6,
7042O_432581,Cis_Cont,13.4,
7042O_432581,Trans_Cont,15.2,
7042O_432581,Vinyl_Cont,50.8,
7042O_432581,Glass Transition Temperature,-22.4,
7042O_432581,Number Averaged Molecular Weight,243990,
7042O_432581,Weight Averaged Molecular Weight,401726,
7044B_432582,Mooney Viscosity,50,
7044B_432582,Mooney Stress Relaxation,3.209,
7044B_432582,Styrene_Cont,21.1,
7044B_432582,Cis_Cont,13.3,
7044B_432582,Trans_Cont,15.3,
7044B_432582,Vinyl_Cont,50.2,
7044B_432582,Glass Transition Temperature,-21.2,
7044B_432582,Number Averaged Molecular Weight,233277,
7044B_432582,Weight Averaged Molecular Weight,319130,
7044D_432583,Mooney Viscosity,91,
7044D_432583,Mooney Stress Relaxation,1.212,
7044D_432583,Styrene_Cont,21.2,
7044D_432583,Cis_Cont,13.1,
7044D_432583,Trans_Cont,14.7,
7044D_432583,Vinyl_Cont,51.0,
7044D_432583,Glass Transition Temperature,-21.9,
7044D_432583,Number Averaged Molecular Weight,263149,
7044D_432583,Weight Averaged Molecular Weight,366481,
7044C_432584,Mooney Viscosity,79,
7044C_432584,Mooney Stress Relaxation,1.423,
7044C_432584,Styrene_Cont,21.1,
7044C_432584,Cis_Cont,13.4,
7044C_432584,Trans_Cont,15.4,
7044C_432584,Vinyl_Cont,50.1,
7044C_432584,Glass Transition Temperature,-22.9,
7044C_432584,Number Averaged Molecular Weight,243222,
7044C_432584,Weight Averaged Molecular Weight,329900,
7042O_432585,Mooney Viscosity,58,
7042O_432585,Mooney Stress Relaxation,1.215,
7042O_432585,Styrene_Cont,20.6,
7042O_432585,Cis_Cont,13.4,
7042O_432585,Trans_Cont,15.2,
7042O_432585,Vinyl_Cont,50.8,
7042O_432585,Glass Transition Temperature,-22.4,
7042O_432585,Number Averaged Molecular Weight,243990,
7042O_432585,Weight Averaged Molecular Weight,401726,
7039W_432586,Mooney Viscosity,59,
7039W_432586,Mooney Stress Relaxation,3.006,
7039W_432586,Styrene_Cont,20.9,
7039W_432586,Cis_Cont,13.2,
7039W_432586,Trans_Cont,15.1,
7039W_432586,Vinyl_Cont,50.8,
7039W_432586,Glass Transition Temperature,-21.4,
7039W_432586,Number Averaged Molecular Weight,241497,
7039W_432586,Weight Averaged Molecular Weight,341600,
7044A_432587,Mooney Viscosity,70,
7044A_432587,Mooney Stress Relaxation,1.173,
7044A_432587,Styrene_Cont,21.0,
7044A_432587,Cis_Cont,13.5,
7044A_432587,Trans_Cont,15.8,
7044A_432587,Vinyl_Cont,49.7,
7044A_432587,Glass Transition Temperature,-23.7,
7044A_432587,Number Averaged Molecular Weight,241506,
7044A_432587,Weight Averaged Molecular Weight,318086,
7039X_432588,Mooney Viscosity,64,
7039X_432588,Mooney Stress Relaxation,1.81,
7039X_432588,Styrene_Cont,21.0,
7039X_432588,Cis_Cont,13.5,
7039X_432588,Trans_Cont,15.6,
7039X_432588,Vinyl_Cont,50.0,
7039X_432588,Glass Transition Temperature,-20.7,
7039X_432588,Number Averaged Molecular Weight,242587,
7039X_432588,Weight Averaged Molecular Weight,307195,
7040N_433112,Mooney Viscosity,64,
7040N_433112,Mooney Stress Relaxation,1.19,
7040N_433112,Styrene_Cont,20.6,
7040N_433112,Cis_Cont,12.8,
7040N_433112,Trans_Cont,16.8,
7040N_433112,Vinyl_Cont,49.8,
7040N_433112,Glass Transition Temperature,0.0,
7040N_433112,Number Averaged Molecular Weight,247000,
7040N_433112,Weight Averaged Molecular Weight,426000,
7040P_433113,Mooney Viscosity,70,
7040P_433113,Mooney Stress Relaxation,0.891,
7040P_433113,Styrene_Cont,20.8,
7040P_433113,Cis_Cont,12.5,
7040P_433113,Trans_Cont,15.4,
7040P_433113,Vinyl_Cont,51.3,
7040P_433113,Glass Transition Temperature,0.0,
7040P_433113,Number Averaged Molecular Weight,199000,
7040P_433113,Weight Averaged Molecular Weight,528000,
7040O_433116,Mooney Viscosity,68,
7040O_433116,Mooney Stress Relaxation,1.22,
7040O_433116,Styrene_Cont,20.4,
7040O_433116,Cis_Cont,13.0,
7040O_433116,Trans_Cont,16.0,
7040O_433116,Vinyl_Cont,50.6,
7040O_433116,Glass Transition Temperature,0.0,
7040O_433116,Number Averaged Molecular Weight,231000,
7040O_433116,Weight Averaged Molecular Weight,452000,
7040Q_433117,Mooney Viscosity,61,
7040Q_433117,Mooney Stress Relaxation,1.0,
7040Q_433117,Styrene_Cont,20.7,
7040Q_433117,Cis_Cont,12.8,
7040Q_433117,Trans_Cont,15.1,
7040Q_433117,Vinyl_Cont,51.4,
7040Q_433117,Glass Transition Temperature,0.0,
7040Q_433117,Number Averaged Molecular Weight,190000,
7040Q_433117,Weight Averaged Molecular Weight,459000,
7050G_438551,Mooney Viscosity,74,
7050G_438551,Mooney Stress Relaxation,1.109,
7050G_438551,Styrene_Cont,0.0,
7050G_438551,Cis_Cont,0.0,
7050G_438551,Trans_Cont,0.0,
7050G_438551,Vinyl_Cont,0.0,
7050G_438551,Glass Transition Temperature,0.0,
7050G_438551,Number Averaged Molecular Weight,192317,
7050G_438551,Weight Averaged Molecular Weight,414426,
7048U_438552,Mooney Viscosity,69,
7048U_438552,Mooney Stress Relaxation,0.966,
7048U_438552,Styrene_Cont,21.1,
7048U_438552,Cis_Cont,13.4,
7048U_438552,Trans_Cont,15.5,
7048U_438552,Vinyl_Cont,50.0,
7048U_438552,Glass Transition Temperature,-22.7,
7048U_438552,Number Averaged Molecular Weight,276523,
7048U_438552,Weight Averaged Molecular Weight,514784,
7050D_438553,Mooney Viscosity,78,
7050D_438553,Mooney Stress Relaxation,1.462,
7050D_438553,Styrene_Cont,21.1,
7050D_438553,Cis_Cont,13.4,
7050D_438553,Trans_Cont,15.3,
7050D_438553,Vinyl_Cont,50.2,
7050D_438553,Glass Transition Temperature,-19.9,
7050D_438553,Number Averaged Molecular Weight,239095,
7050D_438553,Weight Averaged Molecular Weight,307878,
7050H_438554,Mooney Viscosity,78,
7050H_438554,Mooney Stress Relaxation,0.987,
7050H_438554,Styrene_Cont,0.0,
7050H_438554,Cis_Cont,0.0,
7050H_438554,Trans_Cont,0.0,
7050H_438554,Vinyl_Cont,0.0,
7050H_438554,Glass Transition Temperature,-22.1,
7050H_438554,Number Averaged Molecular Weight,294475,
7050H_438554,Weight Averaged Molecular Weight,1327310,
7048V_438555,Mooney Viscosity,93,
7048V_438555,Mooney Stress Relaxation,0.941,
7048V_438555,Styrene_Cont,21.1,
7048V_438555,Cis_Cont,13.4,
7048V_438555,Trans_Cont,15.4,
7048V_438555,Vinyl_Cont,50.1,
7048V_438555,Glass Transition Temperature,-20.8,
7048V_438555,Number Averaged Molecular Weight,272009,
7048V_438555,Weight Averaged Molecular Weight,480347,
7041V_438556,Mooney Viscosity,71,
7041V_438556,Mooney Stress Relaxation,0.981,
7041V_438556,Styrene_Cont,22.0,
7041V_438556,Cis_Cont,13.0,
7041V_438556,Trans_Cont,14.9,
7041V_438556,Vinyl_Cont,50.1,
7041V_438556,Glass Transition Temperature,-23.8,
7041V_438556,Number Averaged Molecular Weight,326519,
7041V_438556,Weight Averaged Molecular Weight,2760690,
7050G_438557,Mooney Viscosity,74,
7050G_438557,Mooney Stress Relaxation,1.109,
7050G_438557,Styrene_Cont,0.0,
7050G_438557,Cis_Cont,0.0,
7050G_438557,Trans_Cont,0.0,
7050G_438557,Vinyl_Cont,0.0,
7050G_438557,Glass Transition Temperature,0.0,
7050G_438557,Number Averaged Molecular Weight,192317,
7050G_438557,Weight Averaged Molecular Weight,414426,
7050H_438558,Mooney Viscosity,78,
7050H_438558,Mooney Stress Relaxation,0.987,
7050H_438558,Styrene_Cont,0.0,
7050H_438558,Cis_Cont,0.0,
7050H_438558,Trans_Cont,0.0,
7050H_438558,Vinyl_Cont,0.0,
7050H_438558,Glass Transition Temperature,-22.1,
7050H_438558,Number Averaged Molecular Weight,294475,
7050H_438558,Weight Averaged Molecular Weight,1327310,
7052L_443132,Mooney Viscosity,82,
7052L_443132,Mooney Stress Relaxation,0.842,
7052L_443132,Styrene_Cont,0.0,
7052L_443132,Cis_Cont,0.0,
7052L_443132,Trans_Cont,0.0,
7052L_443132,Vinyl_Cont,0.0,
7052L_443132,Glass Transition Temperature,-21.1,
7052L_443132,Number Averaged Molecular Weight,342487,
7052L_443132,Weight Averaged Molecular Weight,743384,
7052M_443133,Mooney Viscosity,78,
7052M_443133,Mooney Stress Relaxation,0.895,
7052M_443133,Styrene_Cont,0.0,
7052M_443133,Cis_Cont,0.0,
7052M_443133,Trans_Cont,0.0,
7052M_443133,Vinyl_Cont,0.0,
7052M_443133,Glass Transition Temperature,-21.1,
7052M_443133,Number Averaged Molecular Weight,332220,
7052M_443133,Weight Averaged Molecular Weight,645603,
7052N_443134,Mooney Viscosity,84,
7052N_443134,Mooney Stress Relaxation,1.556,
7052N_443134,Styrene_Cont,0.0,
7052N_443134,Cis_Cont,0.0,
7052N_443134,Trans_Cont,0.0,
7052N_443134,Vinyl_Cont,0.0,
7052N_443134,Glass Transition Temperature,-21.1,
7052N_443134,Number Averaged Molecular Weight,276490,
7052N_443134,Weight Averaged Molecular Weight,337198,
7052O_443136,Mooney Viscosity,74,
7052O_443136,Mooney Stress Relaxation,0.955,
7052O_443136,Styrene_Cont,0.0,
7052O_443136,Cis_Cont,0.0,
7052O_443136,Trans_Cont,0.0,
7052O_443136,Vinyl_Cont,0.0,
7052O_443136,Glass Transition Temperature,-20.8,
7052O_443136,Number Averaged Molecular Weight,275293,
7052O_443136,Weight Averaged Molecular Weight,583372,
7052P_443137,Mooney Viscosity,89,
7052P_443137,Mooney Stress Relaxation,1.203,
7052P_443137,Styrene_Cont,0.0,
7052P_443137,Cis_Cont,0.0,
7052P_443137,Trans_Cont,0.0,
7052P_443137,Vinyl_Cont,0.0,
7052P_443137,Glass Transition Temperature,-20.4,
7052P_443137,Number Averaged Molecular Weight,253138,
7052P_443137,Weight Averaged Molecular Weight,362338,
7052Q_443138,Mooney Viscosity,87,
7052Q_443138,Mooney Stress Relaxation,1.019,
7052Q_443138,Styrene_Cont,0.0,
7052Q_443138,Cis_Cont,0.0,
7052Q_443138,Trans_Cont,0.0,
7052Q_443138,Vinyl_Cont,0.0,
7052Q_443138,Glass Transition Temperature,-22.1,
7052Q_443138,Number Averaged Molecular Weight,278751,
7052Q_443138,Weight Averaged Molecular Weight,502726,
7053I_444501,Mooney Viscosity,95,
7053I_444501,Mooney Stress Relaxation,1.154,
7053I_444501,Styrene_Cont,21.2,
7053I_444501,Cis_Cont,13.9,
7053I_444501,Trans_Cont,16.8,
7053I_444501,Vinyl_Cont,48.1,
7053I_444501,Glass Transition Temperature,-24.1,
7053I_444501,Number Averaged Molecular Weight,176983,
7053I_444501,Weight Averaged Molecular Weight,360033,
7056F_444502,Mooney Viscosity,79,
7056F_444502,Mooney Stress Relaxation,1.22,
7056F_444502,Styrene_Cont,21.1,
7056F_444502,Cis_Cont,13.6,
7056F_444502,Trans_Cont,16.0,
7056F_444502,Vinyl_Cont,49.3,
7056F_444502,Glass Transition Temperature,0.0,
7056F_444502,Number Averaged Molecular Weight,240629,
7056F_444502,Weight Averaged Molecular Weight,341934,
7056H_444503,Mooney Viscosity,92,
7056H_444503,Mooney Stress Relaxation,1.116,
7056H_444503,Styrene_Cont,21.3,
7056H_444503,Cis_Cont,13.8,
7056H_444503,Trans_Cont,16.5,
7056H_444503,Vinyl_Cont,48.4,
7056H_444503,Glass Transition Temperature,0.0,
7056H_444503,Number Averaged Molecular Weight,228289,
7056H_444503,Weight Averaged Molecular Weight,343279,
7056G_444504,Mooney Viscosity,76,
7056G_444504,Mooney Stress Relaxation,1.401,
7056G_444504,Styrene_Cont,21.3,
7056G_444504,Cis_Cont,13.6,
7056G_444504,Trans_Cont,16.1,
7056G_444504,Vinyl_Cont,49.0,
7056G_444504,Glass Transition Temperature,0.0,
7056G_444504,Number Averaged Molecular Weight,247390,
7056G_444504,Weight Averaged Molecular Weight,331869,
7053I_444505,Mooney Viscosity,95,
7053I_444505,Mooney Stress Relaxation,1.154,
7053I_444505,Styrene_Cont,21.2,
7053I_444505,Cis_Cont,13.9,
7053I_444505,Trans_Cont,16.8,
7053I_444505,Vinyl_Cont,48.1,
7053I_444505,Glass Transition Temperature,-24.1,
7053I_444505,Number Averaged Molecular Weight,176983,
7053I_444505,Weight Averaged Molecular Weight,360033,
7056H_444506,Mooney Viscosity,92,
7056H_444506,Mooney Stress Relaxation,1.116,
7056H_444506,Styrene_Cont,21.3,
7056H_444506,Cis_Cont,13.8,
7056H_444506,Trans_Cont,16.5,
7056H_444506,Vinyl_Cont,48.4,
7056H_444506,Glass Transition Temperature,0.0,
7056H_444506,Number Averaged Molecular Weight,228289,
7056H_444506,Weight Averaged Molecular Weight,343279,
7056G_444507,Mooney Viscosity,76,
7056G_444507,Mooney Stress Relaxation,1.401,
7056G_444507,Styrene_Cont,21.3,
7056G_444507,Cis_Cont,13.6,
7056G_444507,Trans_Cont,16.1,
7056G_444507,Vinyl_Cont,49.0,
7056G_444507,Glass Transition Temperature,0.0,
7056G_444507,Number Averaged Molecular Weight,247390,
7056G_444507,Weight Averaged Molecular Weight,331869,
7056F_444508,Mooney Viscosity,79,
7056F_444508,Mooney Stress Relaxation,1.22,
7056F_444508,Styrene_Cont,21.1,
7056F_444508,Cis_Cont,13.6,
7056F_444508,Trans_Cont,16.0,
7056F_444508,Vinyl_Cont,49.3,
7056F_444508,Glass Transition Temperature,0.0,
7056F_444508,Number Averaged Molecular Weight,240629,
7056F_444508,Weight Averaged Molecular Weight,341934,
7053W_445302,Mooney Viscosity,83,
7053W_445302,Mooney Stress Relaxation,0.743,
7053W_445302,Styrene_Cont,21.3,
7053W_445302,Cis_Cont,13.3,
7053W_445302,Trans_Cont,15.5,
7053W_445302,Vinyl_Cont,49.9,
7053W_445302,Glass Transition Temperature,-24.4,
7053W_445302,Number Averaged Molecular Weight,323623,
7053W_445302,Weight Averaged Molecular Weight,665635,
7053P_445303,Mooney Viscosity,87,
7053P_445303,Mooney Stress Relaxation,1.177,
7053P_445303,Styrene_Cont,21.2,
7053P_445303,Cis_Cont,13.2,
7053P_445303,Trans_Cont,15.0,
7053P_445303,Vinyl_Cont,50.6,
7053P_445303,Glass Transition Temperature,-20.6,
7053P_445303,Number Averaged Molecular Weight,246637,
7053P_445303,Weight Averaged Molecular Weight,365966,
7053Q_445304,Mooney Viscosity,97,
7053Q_445304,Mooney Stress Relaxation,0.9,
7053Q_445304,Styrene_Cont,21.2,
7053Q_445304,Cis_Cont,13.4,
7053Q_445304,Trans_Cont,15.5,
7053Q_445304,Vinyl_Cont,49.9,
7053Q_445304,Glass Transition Temperature,-21.7,
7053Q_445304,Number Averaged Molecular Weight,302162,
7053Q_445304,Weight Averaged Molecular Weight,535088,
7053O_445306,Mooney Viscosity,73,
7053O_445306,Mooney Stress Relaxation,1.296,
7053O_445306,Styrene_Cont,21.3,
7053O_445306,Cis_Cont,13.5,
7053O_445306,Trans_Cont,15.9,
7053O_445306,Vinyl_Cont,49.3,
7053O_445306,Glass Transition Temperature,-22.3,
7053O_445306,Number Averaged Molecular Weight,270669,
7053O_445306,Weight Averaged Molecular Weight,316737,
7053T_445307,Mooney Viscosity,80,
7053T_445307,Mooney Stress Relaxation,0.993,
7053T_445307,Styrene_Cont,22.1,
7053T_445307,Cis_Cont,13.2,
7053T_445307,Trans_Cont,15.2,
7053T_445307,Vinyl_Cont,49.5,
7053T_445307,Glass Transition Temperature,-22.8,
7053T_445307,Number Averaged Molecular Weight,297319,
7053T_445307,Weight Averaged Molecular Weight,543128,
7053V_445308,Mooney Viscosity,99,
7053V_445308,Mooney Stress Relaxation,0.908,
7053V_445308,Styrene_Cont,21.3,
7053V_445308,Cis_Cont,13.3,
7053V_445308,Trans_Cont,15.5,
7053V_445308,Vinyl_Cont,49.9,
7053V_445308,Glass Transition Temperature,-21.9,
7053V_445308,Number Averaged Molecular Weight,292577,
7053V_445308,Weight Averaged Molecular Weight,556120,
7053S_445602,Mooney Viscosity,83,
7053S_445602,Mooney Stress Relaxation,0.881,
7053S_445602,Styrene_Cont,21.1,
7053S_445602,Cis_Cont,13.6,
7053S_445602,Trans_Cont,15.9,
7053S_445602,Vinyl_Cont,49.4,
7053S_445602,Glass Transition Temperature,-22.4,
7053S_445602,Number Averaged Molecular Weight,329635,
7053S_445602,Weight Averaged Molecular Weight,608554,
7053O_445603,Mooney Viscosity,73,
7053O_445603,Mooney Stress Relaxation,1.296,
7053O_445603,Styrene_Cont,21.3,
7053O_445603,Cis_Cont,13.5,
7053O_445603,Trans_Cont,15.9,
7053O_445603,Vinyl_Cont,49.3,
7053O_445603,Glass Transition Temperature,-22.3,
7053O_445603,Number Averaged Molecular Weight,270669,
7053O_445603,Weight Averaged Molecular Weight,316737,
7053U_445604,Mooney Viscosity,84,
7053U_445604,Mooney Stress Relaxation,0.948,
7053U_445604,Styrene_Cont,20.9,
7053U_445604,Cis_Cont,13.4,
7053U_445604,Trans_Cont,15.5,
7053U_445604,Vinyl_Cont,50.2,
7053U_445604,Glass Transition Temperature,-22.9,
7053U_445604,Number Averaged Molecular Weight,330094,
7053U_445604,Weight Averaged Molecular Weight,617283,
7053P_445606,Mooney Viscosity,87,
7053P_445606,Mooney Stress Relaxation,1.177,
7053P_445606,Styrene_Cont,21.2,
7053P_445606,Cis_Cont,13.2,
7053P_445606,Trans_Cont,15.0,
7053P_445606,Vinyl_Cont,50.6,
7053P_445606,Glass Transition Temperature,-20.6,
7053P_445606,Number Averaged Molecular Weight,246637,
7053P_445606,Weight Averaged Molecular Weight,365966,
7053R_445607,Mooney Viscosity,88,
7053R_445607,Mooney Stress Relaxation,0.87,
7053R_445607,Styrene_Cont,21.6,
7053R_445607,Cis_Cont,13.7,
7053R_445607,Trans_Cont,16.3,
7053R_445607,Vinyl_Cont,48.4,
7053R_445607,Glass Transition Temperature,-23.4,
7053R_445607,Number Averaged Molecular Weight,311059,
7053R_445607,Weight Averaged Molecular Weight,545034,
7053W_445608,Mooney Viscosity,83,
7053W_445608,Mooney Stress Relaxation,0.743,
7053W_445608,Styrene_Cont,21.3,
7053W_445608,Cis_Cont,13.3,
7053W_445608,Trans_Cont,15.5,
7053W_445608,Vinyl_Cont,49.9,
7053W_445608,Glass Transition Temperature,-24.4,
7053W_445608,Number Averaged Molecular Weight,323623,
7053W_445608,Weight Averaged Molecular Weight,665635,
7054P_447561,Mooney Viscosity,64,
7054P_447561,Mooney Stress Relaxation,1.75,
7054P_447561,Styrene_Cont,21.7,
7054P_447561,Cis_Cont,13.0,
7054P_447561,Trans_Cont,14.8,
7054P_447561,Vinyl_Cont,50.4,
7054P_447561,Glass Transition Temperature,-21.5,
7054P_447561,Number Averaged Molecular Weight,249580,
7054P_447561,Weight Averaged Molecular Weight,309310,
7057A_447561,Mooney Viscosity,67,
7057A_447561,Mooney Stress Relaxation,1.829,
7057A_447561,Styrene_Cont,21.7,
7057A_447561,Cis_Cont,13.0,
7057A_447561,Trans_Cont,14.7,
7057A_447561,Vinyl_Cont,50.7,
7057A_447561,Glass Transition Temperature,-21.5,
7057A_447561,Number Averaged Molecular Weight,243178,
7057A_447561,Weight Averaged Molecular Weight,301338,
7054W_447562,Mooney Viscosity,88,
7054W_447562,Mooney Stress Relaxation,1.555,
7054W_447562,Styrene_Cont,21.4,
7054W_447562,Cis_Cont,12.5,
7054W_447562,Trans_Cont,13.4,
7054W_447562,Vinyl_Cont,52.6,
7054W_447562,Glass Transition Temperature,-16.6,
7054W_447562,Number Averaged Molecular Weight,247125,
7054W_447562,Weight Averaged Molecular Weight,355459,
7057D_447562,Mooney Viscosity,79,
7057D_447562,Mooney Stress Relaxation,1.487,
7057D_447562,Styrene_Cont,21.7,
7057D_447562,Cis_Cont,12.7,
7057D_447562,Trans_Cont,14.0,
7057D_447562,Vinyl_Cont,51.6,
7057D_447562,Glass Transition Temperature,-16.9,
7057D_447562,Number Averaged Molecular Weight,223753,
7057D_447562,Weight Averaged Molecular Weight,292932,
7054X_447563,Mooney Viscosity,87,
7054X_447563,Mooney Stress Relaxation,1.811,
7054X_447563,Styrene_Cont,21.2,
7054X_447563,Cis_Cont,12.6,
7054X_447563,Trans_Cont,13.6,
7054X_447563,Vinyl_Cont,52.5,
7054X_447563,Glass Transition Temperature,-18.3,
7054X_447563,Number Averaged Molecular Weight,276568,
7054X_447563,Weight Averaged Molecular Weight,345373,
7057E_447563,Mooney Viscosity,85,
7057E_447563,Mooney Stress Relaxation,1.442,
7057E_447563,Styrene_Cont,21.5,
7057E_447563,Cis_Cont,12.6,
7057E_447563,Trans_Cont,13.7,
7057E_447563,Vinyl_Cont,52.1,
7057E_447563,Glass Transition Temperature,-15.1,
7057E_447563,Number Averaged Molecular Weight,262252,
7057E_447563,Weight Averaged Molecular Weight,324251,
7054R_447564,Mooney Viscosity,87,
7054R_447564,Mooney Stress Relaxation,1.811,
7054R_447564,Styrene_Cont,21.5,
7054R_447564,Cis_Cont,12.8,
7054R_447564,Trans_Cont,14.3,
7054R_447564,Vinyl_Cont,51.3,
7054R_447564,Glass Transition Temperature,-17.6,
7054R_447564,Number Averaged Molecular Weight,310036,
7054R_447564,Weight Averaged Molecular Weight,370659,
7054S_447564,Mooney Viscosity,79,
7054S_447564,Mooney Stress Relaxation,1.405,
7054S_447564,Styrene_Cont,21.6,
7054S_447564,Cis_Cont,12.7,
7054S_447564,Trans_Cont,13.9,
7054S_447564,Vinyl_Cont,51.8,
7054S_447564,Glass Transition Temperature,-19.4,
7054S_447564,Number Averaged Molecular Weight,244068,
7054S_447564,Weight Averaged Molecular Weight,312530,
7054R_447565,Mooney Viscosity,87,
7054R_447565,Mooney Stress Relaxation,1.811,
7054R_447565,Styrene_Cont,21.5,
7054R_447565,Cis_Cont,12.8,
7054R_447565,Trans_Cont,14.3,
7054R_447565,Vinyl_Cont,51.3,
7054R_447565,Glass Transition Temperature,-17.6,
7054R_447565,Number Averaged Molecular Weight,310036,
7054R_447565,Weight Averaged Molecular Weight,370659,
7054S_447565,Mooney Viscosity,79,
7054S_447565,Mooney Stress Relaxation,1.405,
7054S_447565,Styrene_Cont,21.6,
7054S_447565,Cis_Cont,12.7,
7054S_447565,Trans_Cont,13.9,
7054S_447565,Vinyl_Cont,51.8,
7054S_447565,Glass Transition Temperature,-19.4,
7054S_447565,Number Averaged Molecular Weight,244068,
7054S_447565,Weight Averaged Molecular Weight,312530,
7054X_447566,Mooney Viscosity,87,
7054X_447566,Mooney Stress Relaxation,1.811,
7054X_447566,Styrene_Cont,21.2,
7054X_447566,Cis_Cont,12.6,
7054X_447566,Trans_Cont,13.6,
7054X_447566,Vinyl_Cont,52.5,
7054X_447566,Glass Transition Temperature,-18.3,
7054X_447566,Number Averaged Molecular Weight,276568,
7054X_447566,Weight Averaged Molecular Weight,345373,
7057E_447566,Mooney Viscosity,85,
7057E_447566,Mooney Stress Relaxation,1.442,
7057E_447566,Styrene_Cont,21.5,
7057E_447566,Cis_Cont,12.6,
7057E_447566,Trans_Cont,13.7,
7057E_447566,Vinyl_Cont,52.1,
7057E_447566,Glass Transition Temperature,-15.1,
7057E_447566,Number Averaged Molecular Weight,262252,
7057E_447566,Weight Averaged Molecular Weight,324251,
7054W_447567,Mooney Viscosity,88,
7054W_447567,Mooney Stress Relaxation,1.555,
7054W_447567,Styrene_Cont,21.4,
7054W_447567,Cis_Cont,12.5,
7054W_447567,Trans_Cont,13.4,
7054W_447567,Vinyl_Cont,52.6,
7054W_447567,Glass Transition Temperature,-16.6,
7054W_447567,Number Averaged Molecular Weight,247125,
7054W_447567,Weight Averaged Molecular Weight,355459,
7057D_447567,Mooney Viscosity,79,
7057D_447567,Mooney Stress Relaxation,1.487,
7057D_447567,Styrene_Cont,21.7,
7057D_447567,Cis_Cont,12.7,
7057D_447567,Trans_Cont,14.0,
7057D_447567,Vinyl_Cont,51.6,
7057D_447567,Glass Transition Temperature,-16.9,
7057D_447567,Number Averaged Molecular Weight,223753,
7057D_447567,Weight Averaged Molecular Weight,292932,
7054P_447568,Mooney Viscosity,64,
7054P_447568,Mooney Stress Relaxation,1.75,
7054P_447568,Styrene_Cont,21.7,
7054P_447568,Cis_Cont,13.0,
7054P_447568,Trans_Cont,14.8,
7054P_447568,Vinyl_Cont,50.4,
7054P_447568,Glass Transition Temperature,-21.5,
7054P_447568,Number Averaged Molecular Weight,249580,
7054P_447568,Weight Averaged Molecular Weight,309310,
7057A_447568,Mooney Viscosity,67,
7057A_447568,Mooney Stress Relaxation,1.829,
7057A_447568,Styrene_Cont,21.7,
7057A_447568,Cis_Cont,13.0,
7057A_447568,Trans_Cont,14.7,
7057A_447568,Vinyl_Cont,50.7,
7057A_447568,Glass Transition Temperature,-21.5,
7057A_447568,Number Averaged Molecular Weight,243178,
7057A_447568,Weight Averaged Molecular Weight,301338,
7054G_447581,Mooney Viscosity,71,
7054G_447581,Mooney Stress Relaxation,1.062,
7054G_447581,Styrene_Cont,21.5,
7054G_447581,Cis_Cont,13.1,
7054G_447581,Trans_Cont,14.9,
7054G_447581,Vinyl_Cont,50.6,
7054G_447581,Glass Transition Temperature,-21.6,
7054G_447581,Number Averaged Molecular Weight,257258,
7054G_447581,Weight Averaged Molecular Weight,414374,
7054T_447582,Mooney Viscosity,71,
7054T_447582,Mooney Stress Relaxation,1.173,
7054T_447582,Styrene_Cont,21.6,
7054T_447582,Cis_Cont,12.8,
7054T_447582,Trans_Cont,14.1,
7054T_447582,Vinyl_Cont,51.6,
7054T_447582,Glass Transition Temperature,-18.8,
7054T_447582,Number Averaged Molecular Weight,237692,
7054T_447582,Weight Averaged Molecular Weight,309108,
7054U_447582,Mooney Viscosity,70,
7054U_447582,Mooney Stress Relaxation,1.178,
7054U_447582,Styrene_Cont,21.6,
7054U_447582,Cis_Cont,12.8,
7054U_447582,Trans_Cont,14.2,
7054U_447582,Vinyl_Cont,51.5,
7054U_447582,Glass Transition Temperature,-19.4,
7054U_447582,Number Averaged Molecular Weight,246543,
7054U_447582,Weight Averaged Molecular Weight,311297,
7054O_447583,Mooney Viscosity,91,
7054O_447583,Mooney Stress Relaxation,1.092,
7054O_447583,Styrene_Cont,21.5,
7054O_447583,Cis_Cont,12.6,
7054O_447583,Trans_Cont,13.8,
7054O_447583,Vinyl_Cont,52.0,
7054O_447583,Glass Transition Temperature,-17.9,
7054O_447583,Number Averaged Molecular Weight,258592,
7054O_447583,Weight Averaged Molecular Weight,385674,
7054K_447584,Mooney Viscosity,78,
7054K_447584,Mooney Stress Relaxation,1.121,
7054K_447584,Styrene_Cont,21.7,
7054K_447584,Cis_Cont,13.0,
7054K_447584,Trans_Cont,14.6,
7054K_447584,Vinyl_Cont,50.7,
7054K_447584,Glass Transition Temperature,-21.3,
7054K_447584,Number Averaged Molecular Weight,246730,
7054K_447584,Weight Averaged Molecular Weight,349352,
7054N_447584,Mooney Viscosity,84,
7054N_447584,Mooney Stress Relaxation,1.101,
7054N_447584,Styrene_Cont,21.2,
7054N_447584,Cis_Cont,12.7,
7054N_447584,Trans_Cont,13.8,
7054N_447584,Vinyl_Cont,52.3,
7054N_447584,Glass Transition Temperature,-19.2,
7054N_447584,Number Averaged Molecular Weight,260051,
7054N_447584,Weight Averaged Molecular Weight,424110,
7054K_447585,Mooney Viscosity,78,
7054K_447585,Mooney Stress Relaxation,1.121,
7054K_447585,Styrene_Cont,21.7,
7054K_447585,Cis_Cont,13.0,
7054K_447585,Trans_Cont,14.6,
7054K_447585,Vinyl_Cont,50.7,
7054K_447585,Glass Transition Temperature,-21.3,
7054K_447585,Number Averaged Molecular Weight,246730,
7054K_447585,Weight Averaged Molecular Weight,349352,
7054N_447585,Mooney Viscosity,84,
7054N_447585,Mooney Stress Relaxation,1.101,
7054N_447585,Styrene_Cont,21.2,
7054N_447585,Cis_Cont,12.7,
7054N_447585,Trans_Cont,13.8,
7054N_447585,Vinyl_Cont,52.3,
7054N_447585,Glass Transition Temperature,-19.2,
7054N_447585,Number Averaged Molecular Weight,260051,
7054N_447585,Weight Averaged Molecular Weight,424110,
7054O_447586,Mooney Viscosity,91,
7054O_447586,Mooney Stress Relaxation,1.092,
7054O_447586,Styrene_Cont,21.5,
7054O_447586,Cis_Cont,12.6,
7054O_447586,Trans_Cont,13.8,
7054O_447586,Vinyl_Cont,52.0,
7054O_447586,Glass Transition Temperature,-17.9,
7054O_447586,Number Averaged Molecular Weight,258592,
7054O_447586,Weight Averaged Molecular Weight,385674,
7054T_447587,Mooney Viscosity,71,
7054T_447587,Mooney Stress Relaxation,1.173,
7054T_447587,Styrene_Cont,21.6,
7054T_447587,Cis_Cont,12.8,
7054T_447587,Trans_Cont,14.1,
7054T_447587,Vinyl_Cont,51.6,
7054T_447587,Glass Transition Temperature,-18.8,
7054T_447587,Number Averaged Molecular Weight,237692,
7054T_447587,Weight Averaged Molecular Weight,309108,
7054U_447587,Mooney Viscosity,70,
7054U_447587,Mooney Stress Relaxation,1.178,
7054U_447587,Styrene_Cont,21.6,
7054U_447587,Cis_Cont,12.8,
7054U_447587,Trans_Cont,14.2,
7054U_447587,Vinyl_Cont,51.5,
7054U_447587,Glass Transition Temperature,-19.4,
7054U_447587,Number Averaged Molecular Weight,246543,
7054U_447587,Weight Averaged Molecular Weight,311297,
7054G_447588,Mooney Viscosity,71,
7054G_447588,Mooney Stress Relaxation,1.062,
7054G_447588,Styrene_Cont,21.5,
7054G_447588,Cis_Cont,13.1,
7054G_447588,Trans_Cont,14.9,
7054G_447588,Vinyl_Cont,50.6,
7054G_447588,Glass Transition Temperature,-21.6,
7054G_447588,Number Averaged Molecular Weight,257258,
7054G_447588,Weight Averaged Molecular Weight,414374,
7054W_447601,Mooney Viscosity,88,
7054W_447601,Mooney Stress Relaxation,1.555,
7054W_447601,Styrene_Cont,21.4,
7054W_447601,Cis_Cont,12.5,
7054W_447601,Trans_Cont,13.4,
7054W_447601,Vinyl_Cont,52.6,
7054W_447601,Glass Transition Temperature,-16.6,
7054W_447601,Number Averaged Molecular Weight,247125,
7054W_447601,Weight Averaged Molecular Weight,355459,
7057D_447601,Mooney Viscosity,79,
7057D_447601,Mooney Stress Relaxation,1.487,
7057D_447601,Styrene_Cont,21.7,
7057D_447601,Cis_Cont,12.7,
7057D_447601,Trans_Cont,14.0,
7057D_447601,Vinyl_Cont,51.6,
7057D_447601,Glass Transition Temperature,-16.9,
7057D_447601,Number Averaged Molecular Weight,223753,
7057D_447601,Weight Averaged Molecular Weight,292932,
7054K_447602,Mooney Viscosity,78,
7054K_447602,Mooney Stress Relaxation,1.121,
7054K_447602,Styrene_Cont,21.7,
7054K_447602,Cis_Cont,13.0,
7054K_447602,Trans_Cont,14.6,
7054K_447602,Vinyl_Cont,50.7,
7054K_447602,Glass Transition Temperature,-21.3,
7054K_447602,Number Averaged Molecular Weight,246730,
7054K_447602,Weight Averaged Molecular Weight,349352,
7054N_447602,Mooney Viscosity,84,
7054N_447602,Mooney Stress Relaxation,1.101,
7054N_447602,Styrene_Cont,21.2,
7054N_447602,Cis_Cont,12.7,
7054N_447602,Trans_Cont,13.8,
7054N_447602,Vinyl_Cont,52.3,
7054N_447602,Glass Transition Temperature,-19.2,
7054N_447602,Number Averaged Molecular Weight,260051,
7054N_447602,Weight Averaged Molecular Weight,424110,
7054R_447603,Mooney Viscosity,87,
7054R_447603,Mooney Stress Relaxation,1.811,
7054R_447603,Styrene_Cont,21.5,
7054R_447603,Cis_Cont,12.8,
7054R_447603,Trans_Cont,14.3,
7054R_447603,Vinyl_Cont,51.3,
7054R_447603,Glass Transition Temperature,-17.6,
7054R_447603,Number Averaged Molecular Weight,310036,
7054R_447603,Weight Averaged Molecular Weight,370659,
7054S_447603,Mooney Viscosity,79,
7054S_447603,Mooney Stress Relaxation,1.405,
7054S_447603,Styrene_Cont,21.6,
7054S_447603,Cis_Cont,12.7,
7054S_447603,Trans_Cont,13.9,
7054S_447603,Vinyl_Cont,51.8,
7054S_447603,Glass Transition Temperature,-19.4,
7054S_447603,Number Averaged Molecular Weight,244068,
7054S_447603,Weight Averaged Molecular Weight,312530,
7054T_447604,Mooney Viscosity,71,
7054T_447604,Mooney Stress Relaxation,1.173,
7054T_447604,Styrene_Cont,21.6,
7054T_447604,Cis_Cont,12.8,
7054T_447604,Trans_Cont,14.1,
7054T_447604,Vinyl_Cont,51.6,
7054T_447604,Glass Transition Temperature,-18.8,
7054T_447604,Number Averaged Molecular Weight,237692,
7054T_447604,Weight Averaged Molecular Weight,309108,
7054U_447604,Mooney Viscosity,70,
7054U_447604,Mooney Stress Relaxation,1.178,
7054U_447604,Styrene_Cont,21.6,
7054U_447604,Cis_Cont,12.8,
7054U_447604,Trans_Cont,14.2,
7054U_447604,Vinyl_Cont,51.5,
7054U_447604,Glass Transition Temperature,-19.4,
7054U_447604,Number Averaged Molecular Weight,246543,
7054U_447604,Weight Averaged Molecular Weight,311297,
7054T_447605,Mooney Viscosity,71,
7054T_447605,Mooney Stress Relaxation,1.173,
7054T_447605,Styrene_Cont,21.6,
7054T_447605,Cis_Cont,12.8,
7054T_447605,Trans_Cont,14.1,
7054T_447605,Vinyl_Cont,51.6,
7054T_447605,Glass Transition Temperature,-18.8,
7054T_447605,Number Averaged Molecular Weight,237692,
7054T_447605,Weight Averaged Molecular Weight,309108,
7054U_447605,Mooney Viscosity,70,
7054U_447605,Mooney Stress Relaxation,1.178,
7054U_447605,Styrene_Cont,21.6,
7054U_447605,Cis_Cont,12.8,
7054U_447605,Trans_Cont,14.2,
7054U_447605,Vinyl_Cont,51.5,
7054U_447605,Glass Transition Temperature,-19.4,
7054U_447605,Number Averaged Molecular Weight,246543,
7054U_447605,Weight Averaged Molecular Weight,311297,
7054R_447606,Mooney Viscosity,87,
7054R_447606,Mooney Stress Relaxation,1.811,
7054R_447606,Styrene_Cont,21.5,
7054R_447606,Cis_Cont,12.8,
7054R_447606,Trans_Cont,14.3,
7054R_447606,Vinyl_Cont,51.3,
7054R_447606,Glass Transition Temperature,-17.6,
7054R_447606,Number Averaged Molecular Weight,310036,
7054R_447606,Weight Averaged Molecular Weight,370659,
7054S_447606,Mooney Viscosity,79,
7054S_447606,Mooney Stress Relaxation,1.405,
7054S_447606,Styrene_Cont,21.6,
7054S_447606,Cis_Cont,12.7,
7054S_447606,Trans_Cont,13.9,
7054S_447606,Vinyl_Cont,51.8,
7054S_447606,Glass Transition Temperature,-19.4,
7054S_447606,Number Averaged Molecular Weight,244068,
7054S_447606,Weight Averaged Molecular Weight,312530,
7054K_447607,Mooney Viscosity,78,
7054K_447607,Mooney Stress Relaxation,1.121,
7054K_447607,Styrene_Cont,21.7,
7054K_447607,Cis_Cont,13.0,
7054K_447607,Trans_Cont,14.6,
7054K_447607,Vinyl_Cont,50.7,
7054K_447607,Glass Transition Temperature,-21.3,
7054K_447607,Number Averaged Molecular Weight,246730,
7054K_447607,Weight Averaged Molecular Weight,349352,
7054N_447607,Mooney Viscosity,84,
7054N_447607,Mooney Stress Relaxation,1.101,
7054N_447607,Styrene_Cont,21.2,
7054N_447607,Cis_Cont,12.7,
7054N_447607,Trans_Cont,13.8,
7054N_447607,Vinyl_Cont,52.3,
7054N_447607,Glass Transition Temperature,-19.2,
7054N_447607,Number Averaged Molecular Weight,260051,
7054N_447607,Weight Averaged Molecular Weight,424110,
7054W_447608,Mooney Viscosity,88,
7054W_447608,Mooney Stress Relaxation,1.555,
7054W_447608,Styrene_Cont,21.4,
7054W_447608,Cis_Cont,12.5,
7054W_447608,Trans_Cont,13.4,
7054W_447608,Vinyl_Cont,52.6,
7054W_447608,Glass Transition Temperature,-16.6,
7054W_447608,Number Averaged Molecular Weight,247125,
7054W_447608,Weight Averaged Molecular Weight,355459,
7057D_447608,Mooney Viscosity,79,
7057D_447608,Mooney Stress Relaxation,1.487,
7057D_447608,Styrene_Cont,21.7,
7057D_447608,Cis_Cont,12.7,
7057D_447608,Trans_Cont,14.0,
7057D_447608,Vinyl_Cont,51.6,
7057D_447608,Glass Transition Temperature,-16.9,
7057D_447608,Number Averaged Molecular Weight,223753,
7057D_447608,Weight Averaged Molecular Weight,292932,
41149_Q1,ML 1+1,61.83,ME
41149_Q2,ML 1+1,54.98,ME
41149_Q3,ML 1+1,79.62,ME
41149_Q4,ML 1+1,52.84,ME
41149_Q5,ML 1+1,78.88,ME
41149_Q6,ML 1+1,67.98,ME
41149_Q7,ML 1+1,76.8,ME
41149_Q1,ML 1+4,51.75,ME
41149_Q2,ML 1+4,45.99,ME
41149_Q3,ML 1+4,66.69,ME
41149_Q4,ML 1+4,44.35,ME
41149_Q5,ML 1+4,64.64,ME
41149_Q6,ML 1+4,59.3,ME
41149_Q7,ML 1+4,63.47,ME
41149_Q1,MSR,0.539,log(ME)/log(s)
41149_Q2,MSR,0.522,log(ME)/log(s)
41149_Q3,MSR,0.437,log(ME)/log(s)
41149_Q4,MSR,0.53,log(ME)/log(s)
41149_Q5,MSR,0.435,log(ME)/log(s)
41149_Q6,MSR,0.445,log(ME)/log(s)
41149_Q7,MSR,0.432,log(ME)/log(s)
41149_Q1,Umsatzzeit 90percent,783.96,[sec]
41149_Q2,Umsatzzeit 90percent,821.22,[sec]
41149_Q3,Umsatzzeit 90percent,815.64,[sec]
41149_Q4,Umsatzzeit 90percent,811.32,[sec]
41149_Q5,Umsatzzeit 90percent,811.74,[sec]
41149_Q6,Umsatzzeit 90percent,791.34,[sec]
41149_Q7,Umsatzzeit 90percent,807.24,[sec]
41149_Q1,S_dash bei 90percent Umsatz,17.82,dNm
41149_Q2,S_dash bei 90percent Umsatz,17.68,dNm
41149_Q3,S_dash bei 90percent Umsatz,17.45,dNm
41149_Q4,S_dash bei 90percent Umsatz,17.75,dNm
41149_Q5,S_dash bei 90percent Umsatz,16.78,dNm
41149_Q6,S_dash bei 90percent Umsatz,16.7,dNm
41149_Q7,S_dash bei 90percent Umsatz,16.78,dNm
41149_Q1,Massedruck_1,30.75,bar
41149_Q2,Massedruck_1,30.55,bar
41149_Q3,Massedruck_1,37.25,bar
41149_Q4,Massedruck_1,0.0,bar
41149_Q5,Massedruck_1,34.75,bar
41149_Q6,Massedruck_1,34.75,bar
41149_Q7,Massedruck_1,35.0,bar
41149_Q1,Massedruck_2,27.7,bar
41149_Q2,Massedruck_2,25.75,bar
41149_Q3,Massedruck_2,32.8,bar
41149_Q4,Massedruck_2,26.3,bar
41149_Q5,Massedruck_2,33.2,bar
41149_Q6,Massedruck_2,31.4,bar
41149_Q7,Massedruck_2,32.15,bar
41149_Q1,Quellung Hausmethode K10_1,32.88,percent
41149_Q2,Quellung Hausmethode K10_1,34.46,percent
41149_Q3,Quellung Hausmethode K10_1,35.63,percent
41149_Q4,Quellung Hausmethode K10_1,34.07,percent
41149_Q5,Quellung Hausmethode K10_1,31.89,percent
41149_Q6,Quellung Hausmethode K10_1,34.46,percent
41149_Q7,Quellung Hausmethode K10_1,34.26,percent
41149_Q1,Quellung Hausmethode K10_2,32.49,percent
41149_Q2,Quellung Hausmethode K10_2,37.75,percent
41149_Q3,Quellung Hausmethode K10_2,36.41,percent
41149_Q4,Quellung Hausmethode K10_2,34.66,percent
41149_Q5,Quellung Hausmethode K10_2,31.69,percent
41149_Q6,Quellung Hausmethode K10_2,32.68,percent
41149_Q7,Quellung Hausmethode K10_2,32.09,percent
41149_Q1,Masse pro Messzeit_1,27.06,g
41149_Q2,Masse pro Messzeit_1,29.14,g
41149_Q3,Masse pro Messzeit_1,26.28,g
41149_Q4,Masse pro Messzeit_1,29.28,g
41149_Q5,Masse pro Messzeit_1,25.04,g
41149_Q6,Masse pro Messzeit_1,25.58,g
41149_Q7,Masse pro Messzeit_1,24.96,g
41149_Q1,Masse pro Messzeit_2,26.7,g
41149_Q2,Masse pro Messzeit_2,28.52,g
41149_Q3,Masse pro Messzeit_2,26.0,g
41149_Q4,Masse pro Messzeit_2,28.52,g
41149_Q5,Masse pro Messzeit_2,26.3,g
41149_Q6,Masse pro Messzeit_2,25.28,g
41149_Q7,Masse pro Messzeit_2,25.9,g
41149_Q1,Hardness_mean_value,66.53,Shore A
41149_Q2,Hardness_mean_value,66.73,Shore A
41149_Q3,Hardness_mean_value,64.7,Shore A
41149_Q4,Hardness_mean_value,66.33,Shore A
41149_Q5,Hardness_mean_value,63.67,Shore A
41149_Q6,Hardness_mean_value,63.57,Shore A
41149_Q7,Hardness_mean_value,65.33,Shore A
41149_Q1,Rebound_mean_value_1,37.13,percent
41149_Q2,Rebound_mean_value_1,36.67,percent
41149_Q3,Rebound_mean_value_1,36.73,percent
41149_Q4,Rebound_mean_value_1,37.27,percent
41149_Q5,Rebound_mean_value_1,41.53,percent
41149_Q6,Rebound_mean_value_1,41.8,percent
41149_Q7,Rebound_mean_value_1,39.4,percent
41149_Q1,Rebound_mean_value_2,52.5,percent
41149_Q2,Rebound_mean_value_2,53.5,percent
41149_Q3,Rebound_mean_value_2,56.5,percent
41149_Q4,Rebound_mean_value_2,54.0,percent
41149_Q5,Rebound_mean_value_2,60.5,percent
41149_Q6,Rebound_mean_value_2,59.5,percent
41149_Q7,Rebound_mean_value_2,57.5,percent
41149_Q1,S50,1.5,MPa
41149_Q2,S50,1.5,MPa
41149_Q3,S50,1.3,MPa
41149_Q4,S50,1.4,MPa
41149_Q5,S50,1.3,MPa
41149_Q6,S50,1.3,MPa
41149_Q7,S50,1.3,MPa
41149_Q1,S100,2.6,MPa
41149_Q2,S100,2.6,MPa
41149_Q3,S100,2.3,MPa
41149_Q4,S100,2.4,MPa
41149_Q5,S100,2.4,MPa
41149_Q6,S100,2.5,MPa
41149_Q7,S100,2.3,MPa
41149_Q1,S300,12.6,MPa
41149_Q2,S300,12.5,MPa
41149_Q3,S300,12.8,MPa
41149_Q4,S300,12.1,MPa
41149_Q5,S300,13.8,MPa
41149_Q6,S300,13.8,MPa
41149_Q7,S300,13.0,MPa
41149_Q1,D Median,400.0,percent
41149_Q2,D Median,425.0,percent
41149_Q3,D Median,430.0,percent
41149_Q4,D Median,419.0,percent
41149_Q5,D Median,407.0,percent
41149_Q6,D Median,405.0,percent
41149_Q7,D Median,413.0,percent
41149_Q1,F Median,18.4,MPa
41149_Q2,F Median,19.8,MPa
41149_Q3,F Median,21.0,MPa
41149_Q4,F Median,18.9,MPa
41149_Q5,F Median,21.1,MPa
41149_Q6,F Median,21.1,MPa
41149_Q7,F Median,20.3,MPa
41149_Q1,E_dash_0_degree_celcius,42.13,MPa
41149_Q2,E_dash_0_degree_celcius,41.03,MPa
41149_Q3,E_dash_0_degree_celcius,29.55,MPa
41149_Q4,E_dash_0_degree_celcius,41.23,MPa
41149_Q5,E_dash_0_degree_celcius,20.44,MPa
41149_Q6,E_dash_0_degree_celcius,22.37,MPa
41149_Q7,E_dash_0_degree_celcius,23.06,MPa
41149_Q1,E_double_dash_0_degree_celcius,10.1,MPa
41149_Q2,E_double_dash_0_degree_celcius,9.41,MPa
41149_Q3,E_double_dash_0_degree_celcius,7.69,MPa
41149_Q4,E_double_dash_0_degree_celcius,9.02,MPa
41149_Q5,E_double_dash_0_degree_celcius,5.93,MPa
41149_Q6,E_double_dash_0_degree_celcius,5.91,MPa
41149_Q7,E_double_dash_0_degree_celcius,6.44,MPa
41149_Q1,E_dash_23_degree_celcius,25.21,MPa
41149_Q2,E_dash_23_degree_celcius,24.53,MPa
41149_Q3,E_dash_23_degree_celcius,17.42,MPa
41149_Q4,E_dash_23_degree_celcius,25.16,MPa
41149_Q5,E_dash_23_degree_celcius,12.04,MPa
41149_Q6,E_dash_23_degree_celcius,13.48,MPa
41149_Q7,E_dash_23_degree_celcius,13.52,MPa
41149_Q1,E_double_dash_23_degree_celcius,4.26,MPa
41149_Q2,E_double_dash_23_degree_celcius,3.99,MPa
41149_Q3,E_double_dash_23_degree_celcius,2.75,MPa
41149_Q4,E_double_dash_23_degree_celcius,4.02,MPa
41149_Q5,E_double_dash_23_degree_celcius,1.84,MPa
41149_Q6,E_double_dash_23_degree_celcius,2.01,MPa
41149_Q7,E_double_dash_23_degree_celcius,2.09,MPa
41149_Q1,E_dash_60_degree_celcius,15.34,MPa
41149_Q2,E_dash_60_degree_celcius,15.09,MPa
41149_Q3,E_dash_60_degree_celcius,10.77,MPa
41149_Q4,E_dash_60_degree_celcius,15.43,MPa
41149_Q5,E_dash_60_degree_celcius,7.75,MPa
41149_Q6,E_dash_60_degree_celcius,8.68,MPa
41149_Q7,E_dash_60_degree_celcius,8.57,MPa
41149_Q1,E_double_dash_60_degree_celcius,1.78,MPa
41149_Q2,E_double_dash_60_degree_celcius,1.71,MPa
41149_Q3,E_double_dash_60_degree_celcius,1.05,MPa
41149_Q4,E_double_dash_60_degree_celcius,1.76,MPa
41149_Q5,E_double_dash_60_degree_celcius,0.65,MPa
41149_Q6,E_double_dash_60_degree_celcius,0.7,MPa
41149_Q7,E_double_dash_60_degree_celcius,0.72,MPa
41149_Q1,tand d max,0.547,
41149_Q2,tand d max,0.542,
41149_Q3,tand d max,0.603,
41149_Q4,tand d max,0.536,
41149_Q5,tand d max,0.671,
41149_Q6,tand d max,0.624,
41149_Q7,tand d max,0.639,
41149_Q1,Temperatur tan d max,-27.3,[degree_celcius]
41149_Q2,Temperatur tan d max,-27.3,[degree_celcius]
41149_Q3,Temperatur tan d max,-25.3,[degree_celcius]
41149_Q4,Temperatur tan d max,-28.3,[degree_celcius]
41149_Q5,Temperatur tan d max,-24.3,[degree_celcius]
41149_Q6,Temperatur tan d max,-25.2,[degree_celcius]
41149_Q7,Temperatur tan d max,-24.2,[degree_celcius]
41149_Q1,ElasticModulus_G_dash_zero_point_five_percent_1_Messung,4.13,MPa
41149_Q2,ElasticModulus_G_dash_zero_point_five_percent_1_Messung,4.73,MPa
41149_Q3,ElasticModulus_G_dash_zero_point_five_percent_1_Messung,3.75,MPa
41149_Q4,ElasticModulus_G_dash_zero_point_five_percent_1_Messung,4.53,MPa
41149_Q5,ElasticModulus_G_dash_zero_point_five_percent_1_Messung,2.83,MPa
41149_Q6,ElasticModulus_G_dash_zero_point_five_percent_1_Messung,2.95,MPa
41149_Q7,ElasticModulus_G_dash_zero_point_five_percent_1_Messung,3.25,MPa
41149_Q1,ElasticModulus_G_dash_15_percent_1_Messung,1.49,MPa
41149_Q2,ElasticModulus_G_dash_15_percent_1_Messung,1.56,MPa
41149_Q3,ElasticModulus_G_dash_15_percent_1_Messung,1.49,MPa
41149_Q4,ElasticModulus_G_dash_15_percent_1_Messung,1.57,MPa
41149_Q5,ElasticModulus_G_dash_15_percent_1_Messung,1.34,MPa
41149_Q6,ElasticModulus_G_dash_15_percent_1_Messung,1.36,MPa
41149_Q7,ElasticModulus_G_dash_15_percent_1_Messung,1.42,MPa
41149_Q1,tan_d_7_percent_1_Messung,0.197,MPa
41149_Q2,tan_d_7_percent_1_Messung,0.199,MPa
41149_Q3,tan_d_7_percent_1_Messung,0.182,MPa
41149_Q4,tan_d_7_percent_1_Messung,0.195,MPa
41149_Q5,tan_d_7_percent_1_Messung,0.162,MPa
41149_Q6,tan_d_7_percent_1_Messung,0.165,MPa
41149_Q7,tan_d_7_percent_1_Messung,0.175,MPa
41149_Q1,LossModulus_Gdouble_dash(max),0.55,MPa
41149_Q2,LossModulus_Gdouble_dash(max),0.63,MPa
41149_Q3,LossModulus_Gdouble_dash(max),0.46,MPa
41149_Q4,LossModulus_Gdouble_dash(max),0.6,MPa
41149_Q5,LossModulus_Gdouble_dash(max),0.33,MPa
41149_Q6,LossModulus_Gdouble_dash(max),0.34,MPa
41149_Q7,LossModulus_Gdouble_dash(max),0.4,MPa
41151_Q1,ML 1+1,75.0,ME
41151_Q2,ML 1+1,71.5,ME
41151_Q3,ML 1+1,92.06,ME
41151_Q4,ML 1+1,70.57,ME
41151_Q5,ML 1+1,87.71,ME
41151_Q6,ML 1+1,83.64,ME
41151_Q7,ML 1+1,87.39,ME
41151_Q1,ML 1+4,66.56,ME
41151_Q2,ML 1+4,61.77,ME
41151_Q3,ML 1+4,78.81,ME
41151_Q4,ML 1+4,60.97,ME
41151_Q5,ML 1+4,75.46,ME
41151_Q6,ML 1+4,74.65,ME
41151_Q7,ML 1+4,75.96,ME
41151_Q1,MSR,0.425,log(ME)/log(s)
41151_Q2,MSR,0.417,log(ME)/log(s)
41151_Q3,MSR,0.365,log(ME)/log(s)
41151_Q4,MSR,0.422,log(ME)/log(s)
41151_Q5,MSR,0.344,log(ME)/log(s)
41151_Q6,MSR,0.362,log(ME)/log(s)
41151_Q7,MSR,0.349,log(ME)/log(s)
41151_Q1,Umsatzzeit 90percent,620.82,[sec]
41151_Q2,Umsatzzeit 90percent,624.66,[sec]
41151_Q3,Umsatzzeit 90percent,617.82,[sec]
41151_Q4,Umsatzzeit 90percent,616.8,[sec]
41151_Q5,Umsatzzeit 90percent,585.42,[sec]
41151_Q6,Umsatzzeit 90percent,616.98,[sec]
41151_Q7,Umsatzzeit 90percent,628.62,[sec]
41151_Q1,S_dash bei 90percent Umsatz,14.12,dNm
41151_Q2,S_dash bei 90percent Umsatz,13.96,dNm
41151_Q3,S_dash bei 90percent Umsatz,14.09,dNm
41151_Q4,S_dash bei 90percent Umsatz,14.22,dNm
41151_Q5,S_dash bei 90percent Umsatz,14.37,dNm
41151_Q6,S_dash bei 90percent Umsatz,14.7,dNm
41151_Q7,S_dash bei 90percent Umsatz,14.43,dNm
41151_Q1,Massedruck_1,37.95,bar
41151_Q2,Massedruck_1,36.7,bar
41151_Q3,Massedruck_1,43.1,bar
41151_Q4,Massedruck_1,37.0,bar
41151_Q5,Massedruck_1,40.7,bar
41151_Q6,Massedruck_1,39.95,bar
41151_Q7,Massedruck_1,41.15,bar
41151_Q1,Massedruck_2,34.05,bar
41151_Q2,Massedruck_2,35.8,bar
41151_Q3,Massedruck_2,41.55,bar
41151_Q4,Massedruck_2,33.7,bar
41151_Q5,Massedruck_2,39.25,bar
41151_Q6,Massedruck_2,39.7,bar
41151_Q7,Massedruck_2,41.1,bar
41151_Q1,Quellung Hausmethode K10_1,32.88,percent
41151_Q2,Quellung Hausmethode K10_1,36.6,percent
41151_Q3,Quellung Hausmethode K10_1,27.62,percent
41151_Q4,Quellung Hausmethode K10_1,38.52,percent
41151_Q5,Quellung Hausmethode K10_1,27.0,percent
41151_Q6,Quellung Hausmethode K10_1,30.68,percent
41151_Q7,Quellung Hausmethode K10_1,27.83,percent
41151_Q1,Quellung Hausmethode K10_2,34.66,percent
41151_Q2,Quellung Hausmethode K10_2,39.65,percent
41151_Q3,Quellung Hausmethode K10_2,31.09,percent
41151_Q4,Quellung Hausmethode K10_2,34.07,percent
41151_Q5,Quellung Hausmethode K10_2,27.21,percent
41151_Q6,Quellung Hausmethode K10_2,28.65,percent
41151_Q7,Quellung Hausmethode K10_2,26.17,percent
41151_Q1,Masse pro Messzeit_1,25.74,g
41151_Q2,Masse pro Messzeit_1,26.68,g
41151_Q3,Masse pro Messzeit_1,24.24,g
41151_Q4,Masse pro Messzeit_1,27.18,g
41151_Q5,Masse pro Messzeit_1,23.98,g
41151_Q6,Masse pro Messzeit_1,23.48,g
41151_Q7,Masse pro Messzeit_1,23.86,g
41151_Q1,Masse pro Messzeit_2,25.8,g
41151_Q2,Masse pro Messzeit_2,26.9,g
41151_Q3,Masse pro Messzeit_2,24.12,g
41151_Q4,Masse pro Messzeit_2,27.56,g
41151_Q5,Masse pro Messzeit_2,22.88,g
41151_Q6,Masse pro Messzeit_2,23.4,g
41151_Q7,Masse pro Messzeit_2,23.76,g
41151_Q1,Hardness_mean_value,60.7,Shore A
41151_Q2,Hardness_mean_value,60.03,Shore A
41151_Q3,Hardness_mean_value,60.37,Shore A
41151_Q4,Hardness_mean_value,59.5,Shore A
41151_Q5,Hardness_mean_value,61.0,Shore A
41151_Q6,Hardness_mean_value,60.9,Shore A
41151_Q7,Hardness_mean_value,60.73,Shore A
41151_Q1,Rebound_mean_value_1,44.33,percent
41151_Q2,Rebound_mean_value_1,43.6,percent
41151_Q3,Rebound_mean_value_1,43.8,percent
41151_Q4,Rebound_mean_value_1,43.93,percent
41151_Q5,Rebound_mean_value_1,43.13,percent
41151_Q6,Rebound_mean_value_1,43.93,percent
41151_Q7,Rebound_mean_value_1,41.93,percent
41151_Q1,Rebound_mean_value_2,62.5,percent
41151_Q2,Rebound_mean_value_2,62.0,percent
41151_Q3,Rebound_mean_value_2,63.5,percent
41151_Q4,Rebound_mean_value_2,61.5,percent
41151_Q5,Rebound_mean_value_2,63.5,percent
41151_Q6,Rebound_mean_value_2,63.5,percent
41151_Q7,Rebound_mean_value_2,62.5,percent
41151_Q1,S50,1.2,MPa
41151_Q2,S50,1.3,MPa
41151_Q3,S50,1.2,MPa
41151_Q4,S50,1.3,MPa
41151_Q5,S50,1.3,MPa
41151_Q6,S50,1.3,MPa
41151_Q7,S50,1.3,MPa
41151_Q1,S100,2.4,MPa
41151_Q2,S100,2.4,MPa
41151_Q3,S100,2.4,MPa
41151_Q4,S100,2.5,MPa
41151_Q5,S100,2.5,MPa
41151_Q6,S100,2.6,MPa
41151_Q7,S100,2.5,MPa
41151_Q1,S300,15.2,MPa
41151_Q2,S300,14.8,MPa
41151_Q3,S300,15.7,MPa
41151_Q4,S300,15.3,MPa
41151_Q5,S300,16.0,MPa
41151_Q6,S300,16.0,MPa
41151_Q7,S300,16.3,MPa
41151_Q1,D Median,368.0,percent
41151_Q2,D Median,371.0,percent
41151_Q3,D Median,373.0,percent
41151_Q4,D Median,363.0,percent
41151_Q5,D Median,344.0,percent
41151_Q6,D Median,363.0,percent
41151_Q7,D Median,333.0,percent
41151_Q1,F Median,20.5,MPa
41151_Q2,F Median,20.2,MPa
41151_Q3,F Median,21.3,MPa
41151_Q4,F Median,20.3,MPa
41151_Q5,F Median,19.7,MPa
41151_Q6,F Median,20.9,MPa
41151_Q7,F Median,19.2,MPa
41151_Q1,E_dash_0_degree_celcius,14.51,MPa
41151_Q2,E_dash_0_degree_celcius,13.85,MPa
41151_Q3,E_dash_0_degree_celcius,13.58,MPa
41151_Q4,E_dash_0_degree_celcius,12.31,MPa
41151_Q5,E_dash_0_degree_celcius,12.64,MPa
41151_Q6,E_dash_0_degree_celcius,14.04,MPa
41151_Q7,E_dash_0_degree_celcius,15.49,MPa
41151_Q1,E_double_dash_0_degree_celcius,4.64,MPa
41151_Q2,E_double_dash_0_degree_celcius,4.5,MPa
41151_Q3,E_double_dash_0_degree_celcius,4.44,MPa
41151_Q4,E_double_dash_0_degree_celcius,3.73,MPa
41151_Q5,E_double_dash_0_degree_celcius,4.05,MPa
41151_Q6,E_double_dash_0_degree_celcius,4.36,MPa
41151_Q7,E_double_dash_0_degree_celcius,5.19,MPa
41151_Q1,E_dash_23_degree_celcius,8.35,MPa
41151_Q2,E_dash_23_degree_celcius,8.0,MPa
41151_Q3,E_dash_23_degree_celcius,8.0,MPa
41151_Q4,E_dash_23_degree_celcius,7.65,MPa
41151_Q5,E_dash_23_degree_celcius,7.63,MPa
41151_Q6,E_dash_23_degree_celcius,8.48,MPa
41151_Q7,E_dash_23_degree_celcius,8.87,MPa
41151_Q1,E_double_dash_23_degree_celcius,1.22,MPa
41151_Q2,E_double_dash_23_degree_celcius,1.22,MPa
41151_Q3,E_double_dash_23_degree_celcius,1.17,MPa
41151_Q4,E_double_dash_23_degree_celcius,1.09,MPa
41151_Q5,E_double_dash_23_degree_celcius,1.07,MPa
41151_Q6,E_double_dash_23_degree_celcius,1.21,MPa
41151_Q7,E_double_dash_23_degree_celcius,1.37,MPa
41151_Q1,E_dash_60_degree_celcius,5.69,MPa
41151_Q2,E_dash_60_degree_celcius,5.38,MPa
41151_Q3,E_dash_60_degree_celcius,5.42,MPa
41151_Q4,E_dash_60_degree_celcius,5.2,MPa
41151_Q5,E_dash_60_degree_celcius,5.32,MPa
41151_Q6,E_dash_60_degree_celcius,5.8,MPa
41151_Q7,E_dash_60_degree_celcius,5.87,MPa
41151_Q1,E_double_dash_60_degree_celcius,0.43,MPa
41151_Q2,E_double_dash_60_degree_celcius,0.41,MPa
41151_Q3,E_double_dash_60_degree_celcius,0.39,MPa
41151_Q4,E_double_dash_60_degree_celcius,0.4,MPa
41151_Q5,E_double_dash_60_degree_celcius,0.35,MPa
41151_Q6,E_double_dash_60_degree_celcius,0.41,MPa
41151_Q7,E_double_dash_60_degree_celcius,0.45,MPa
41151_Q1,tand d max,0.72,
41151_Q2,tand d max,0.733,
41151_Q3,tand d max,0.748,
41151_Q4,tand d max,0.776,
41151_Q5,tand d max,0.788,
41151_Q6,tand d max,0.741,
41151_Q7,tand d max,0.727,
41151_Q1,Temperatur tan d max,-23.3,[°C]
41151_Q2,Temperatur tan d max,-23.2,[°C]
41151_Q3,Temperatur tan d max,-22.3,[°C]
41151_Q4,Temperatur tan d max,-24.3,[°C]
41151_Q5,Temperatur tan d max,-22.3,[°C]
41151_Q6,Temperatur tan d max,-23.3,[°C]
41151_Q7,Temperatur tan d max,-22.3,[°C]
41151_Q1,ElasticModulus_G_dash_zero_point_five_percent_1_Messung,2.13,MPa
41151_Q2,ElasticModulus_G_dash_zero_point_five_percent_1_Messung,2.25,MPa
41151_Q3,ElasticModulus_G_dash_zero_point_five_percent_1_Messung,2.3,MPa
41151_Q4,ElasticModulus_G_dash_zero_point_five_percent_1_Messung,2.3,MPa
41151_Q5,ElasticModulus_G_dash_zero_point_five_percent_1_Messung,1.93,MPa
41151_Q6,ElasticModulus_G_dash_zero_point_five_percent_1_Messung,2.03,MPa
41151_Q7,ElasticModulus_G_dash_zero_point_five_percent_1_Messung,2.09,MPa
41151_Q1,ElasticModulus_G_dash_15_percent_1_Messung,1.18,MPa
41151_Q2,ElasticModulus_G_dash_15_percent_1_Messung,1.2,MPa
41151_Q3,ElasticModulus_G_dash_15_percent_1_Messung,1.22,MPa
41151_Q4,ElasticModulus_G_dash_15_percent_1_Messung,1.22,MPa
41151_Q5,ElasticModulus_G_dash_15_percent_1_Messung,1.15,MPa
41151_Q6,ElasticModulus_G_dash_15_percent_1_Messung,1.18,MPa
41151_Q7,ElasticModulus_G_dash_15_percent_1_Messung,1.18,MPa
41151_Q1,tan_d_7_percent_1_Messung,0.155,MPa
41151_Q2,tan_d_7_percent_1_Messung,0.164,MPa
41151_Q3,tan_d_7_percent_1_Messung,0.156,MPa
41151_Q4,tan_d_7_percent_1_Messung,0.165,MPa
41151_Q5,tan_d_7_percent_1_Messung,0.145,MPa
41151_Q6,tan_d_7_percent_1_Messung,0.147,MPa
41151_Q7,tan_d_7_percent_1_Messung,0.155,MPa
41151_Q1,LossModulus_Gdouble_dash(max),0.24,MPa
41151_Q2,LossModulus_Gdouble_dash(max),0.27,MPa
41151_Q3,LossModulus_Gdouble_dash(max),0.26,MPa
41151_Q4,LossModulus_Gdouble_dash(max),0.28,MPa
41151_Q5,LossModulus_Gdouble_dash(max),0.21,MPa
41151_Q6,LossModulus_Gdouble_dash(max),0.22,MPa
41151_Q7,LossModulus_Gdouble_dash(max),0.24,MPa
41153_Q1,ML 1+1,57.43,ME
41153_Q2,ML 1+1,51.97,ME
41153_Q3,ML 1+1,74.46,ME
41153_Q4,ML 1+1,58.27,ME
41153_Q5,ML 1+1,75.25,ME
41153_Q6,ML 1+1,69.25,ME
41153_Q7,ML 1+1,79.27,ME
41153_Q1,ML 1+4,49.19,ME
41153_Q2,ML 1+4,43.6,ME
41153_Q3,ML 1+4,63.06,ME
41153_Q4,ML 1+4,49.54,ME
41153_Q5,ML 1+4,62.58,ME
41153_Q6,ML 1+4,60.51,ME
41153_Q7,ML 1+4,66.59,ME
41153_Q1,MSR,0.567,log(ME)/log(s)
41153_Q2,MSR,0.544,log(ME)/log(s)
41153_Q3,MSR,0.473,log(ME)/log(s)
41153_Q4,MSR,0.539,log(ME)/log(s)
41153_Q5,MSR,0.453,log(ME)/log(s)
41153_Q6,MSR,0.464,log(ME)/log(s)
41153_Q7,MSR,0.432,log(ME)/log(s)
41153_Q1,Umsatzzeit 90percent,762.18,[sec]
41153_Q2,Umsatzzeit 90percent,842.58,[sec]
41153_Q3,Umsatzzeit 90percent,778.68,[sec]
41153_Q4,Umsatzzeit 90percent,796.86,[sec]
41153_Q5,Umsatzzeit 90percent,778.8,[sec]
41153_Q6,Umsatzzeit 90percent,790.02,[sec]
41153_Q7,Umsatzzeit 90percent,828.66,[sec]
41153_Q1,S_dash bei 90percent Umsatz,17.61,dNm
41153_Q2,S_dash bei 90percent Umsatz,17.89,dNm
41153_Q3,S_dash bei 90percent Umsatz,17.13,dNm
41153_Q4,S_dash bei 90percent Umsatz,17.88,dNm
41153_Q5,S_dash bei 90percent Umsatz,16.7,dNm
41153_Q6,S_dash bei 90percent Umsatz,17.26,dNm
41153_Q7,S_dash bei 90percent Umsatz,17.25,dNm
41153_Q1,Massedruck_1,31.85,bar
41153_Q2,Massedruck_1,29.6,bar
41153_Q3,Massedruck_1,35.5,bar
41153_Q4,Massedruck_1,29.75,bar
41153_Q5,Massedruck_1,34.8,bar
41153_Q6,Massedruck_1,35.3,bar
41153_Q7,Massedruck_1,33.85,bar
41153_Q1,Massedruck_2,26.65,bar
41153_Q2,Massedruck_2,24.1,bar
41153_Q3,Massedruck_2,31.7,bar
41153_Q4,Massedruck_2,27.5,bar
41153_Q5,Massedruck_2,32.85,bar
41153_Q6,Massedruck_2,31.75,bar
41153_Q7,Massedruck_2,33.35,bar
41153_Q1,Quellung Hausmethode K10_1,35.24,percent
41153_Q2,Quellung Hausmethode K10_1,37.18,percent
41153_Q3,Quellung Hausmethode K10_1,40.03,percent
41153_Q4,Quellung Hausmethode K10_1,40.41,percent
41153_Q5,Quellung Hausmethode K10_1,32.29,percent
41153_Q6,Quellung Hausmethode K10_1,34.46,percent
41153_Q7,Quellung Hausmethode K10_1,38.13,percent
41153_Q1,Quellung Hausmethode K10_2,29.47,percent
41153_Q2,Quellung Hausmethode K10_2,32.29,percent
41153_Q3,Quellung Hausmethode K10_2,34.85,percent
41153_Q4,Quellung Hausmethode K10_2,35.05,percent
41153_Q5,Quellung Hausmethode K10_2,30.28,percent
41153_Q6,Quellung Hausmethode K10_2,30.08,percent
41153_Q7,Quellung Hausmethode K10_2,36.6,percent
41153_Q1,Masse pro Messzeit_1,29.76,g
41153_Q2,Masse pro Messzeit_1,29.38,g
41153_Q3,Masse pro Messzeit_1,27.66,g
41153_Q4,Masse pro Messzeit_1,28.56,g
41153_Q5,Masse pro Messzeit_1,25.0,g
41153_Q6,Masse pro Messzeit_1,27.4,g
41153_Q7,Masse pro Messzeit_1,24.82,g
41153_Q1,Masse pro Messzeit_2,27.88,g
41153_Q2,Masse pro Messzeit_2,29.74,g
41153_Q3,Masse pro Messzeit_2,26.82,g
41153_Q4,Masse pro Messzeit_2,28.46,g
41153_Q5,Masse pro Messzeit_2,26.36,g
41153_Q6,Masse pro Messzeit_2,26.4,g
41153_Q7,Masse pro Messzeit_2,26.5,g
41153_Q1,Hardness_mean_value,67.1,Shore A
41153_Q2,Hardness_mean_value,65.77,Shore A
41153_Q3,Hardness_mean_value,64.3,Shore A
41153_Q4,Hardness_mean_value,65.47,Shore A
41153_Q5,Hardness_mean_value,63.8,Shore A
41153_Q6,Hardness_mean_value,63.2,Shore A
41153_Q7,Hardness_mean_value,62.37,Shore A
41153_Q1,Rebound_mean_value_1,36.2,percent
41153_Q2,Rebound_mean_value_1,37.0,percent
41153_Q3,Rebound_mean_value_1,38.67,percent
41153_Q4,Rebound_mean_value_1,38.0,percent
41153_Q5,Rebound_mean_value_1,41.0,percent
41153_Q6,Rebound_mean_value_1,40.4,percent
41153_Q7,Rebound_mean_value_1,39.4,percent
41153_Q1,Rebound_mean_value_2,53.0,percent
41153_Q2,Rebound_mean_value_2,54.0,percent
41153_Q3,Rebound_mean_value_2,56.0,percent
41153_Q4,Rebound_mean_value_2,60.0,percent
41153_Q5,Rebound_mean_value_2,55.5,percent
41153_Q6,Rebound_mean_value_2,60.0,percent
41153_Q7,Rebound_mean_value_2,60.5,percent
41153_Q1,S50,1.6,MPa
41153_Q2,S50,1.5,MPa
41153_Q3,S50,1.5,MPa
41153_Q4,S50,1.5,MPa
41153_Q5,S50,1.4,MPa
41153_Q6,S50,1.5,MPa
41153_Q7,S50,1.4,MPa
41153_Q1,S100,2.7,MPa
41153_Q2,S100,2.8,MPa
41153_Q3,S100,2.7,MPa
41153_Q4,S100,2.8,MPa
41153_Q5,S100,2.6,MPa
41153_Q6,S100,2.7,MPa
41153_Q7,S100,2.7,MPa
41153_Q1,S300,12.7,MPa
41153_Q2,S300,13.5,MPa
41153_Q3,S300,14.2,MPa
41153_Q4,S300,13.4,MPa
41153_Q5,S300,14.6,MPa
41153_Q6,S300,14.7,MPa
41153_Q7,S300,14.9,MPa
41153_Q1,D Median,408.0,percent
41153_Q2,D Median,392.0,percent
41153_Q3,D Median,412.0,percent
41153_Q4,D Median,433.0,percent
41153_Q5,D Median,382.0,percent
41153_Q6,D Median,412.0,percent
41153_Q7,D Median,382.0,percent
41153_Q1,F Median,19.0,MPa
41153_Q2,F Median,19.0,MPa
41153_Q3,F Median,21.1,MPa
41153_Q4,F Median,21.1,MPa
41153_Q5,F Median,20.4,MPa
41153_Q6,F Median,22.3,MPa
41153_Q7,F Median,20.7,MPa
41153_Q1,E_dash_0_degree_celcius,45.82,MPa
41153_Q2,E_dash_0_degree_celcius,39.67,MPa
41153_Q3,E_dash_0_degree_celcius,32.28,MPa
41153_Q4,E_dash_0_degree_celcius,39.87,MPa
41153_Q5,E_dash_0_degree_celcius,26.19,MPa
41153_Q6,E_dash_0_degree_celcius,21.8,MPa
41153_Q7,E_dash_0_degree_celcius,22.87,MPa
41153_Q1,E_double_dash_0_degree_celcius,11.23,MPa
41153_Q2,E_double_dash_0_degree_celcius,9.66,MPa
41153_Q3,E_double_dash_0_degree_celcius,7.93,MPa
41153_Q4,E_double_dash_0_degree_celcius,10.06,MPa
41153_Q5,E_double_dash_0_degree_celcius,7.08,MPa
41153_Q6,E_double_dash_0_degree_celcius,5.93,MPa
41153_Q7,E_double_dash_0_degree_celcius,6.57,MPa
41153_Q1,E_dash_23_degree_celcius,27.22,MPa
41153_Q2,E_dash_23_degree_celcius,23.62,MPa
41153_Q3,E_dash_23_degree_celcius,18.65,MPa
41153_Q4,E_dash_23_degree_celcius,23.43,MPa
41153_Q5,E_dash_23_degree_celcius,14.89,MPa
41153_Q6,E_dash_23_degree_celcius,12.89,MPa
41153_Q7,E_dash_23_degree_celcius,13.16,MPa
41153_Q1,E_double_dash_23_degree_celcius,4.72,MPa
41153_Q2,E_double_dash_23_degree_celcius,3.97,MPa
41153_Q3,E_double_dash_23_degree_celcius,2.85,MPa
41153_Q4,E_double_dash_23_degree_celcius,4.01,MPa
41153_Q5,E_double_dash_23_degree_celcius,2.32,MPa
41153_Q6,E_double_dash_23_degree_celcius,1.91,MPa
41153_Q7,E_double_dash_23_degree_celcius,2.01,MPa
41153_Q1,E_dash_60_degree_celcius,16.72,MPa
41153_Q2,E_dash_60_degree_celcius,14.52,MPa
41153_Q3,E_dash_60_degree_celcius,11.42,MPa
41153_Q4,E_dash_60_degree_celcius,14.33,MPa
41153_Q5,E_dash_60_degree_celcius,9.44,MPa
41153_Q6,E_dash_60_degree_celcius,8.33,MPa
41153_Q7,E_dash_60_degree_celcius,8.38,MPa
41153_Q1,E_double_dash_60_degree_celcius,1.99,MPa
41153_Q2,E_double_dash_60_degree_celcius,1.67,MPa
41153_Q3,E_double_dash_60_degree_celcius,1.08,MPa
41153_Q4,E_double_dash_60_degree_celcius,1.58,MPa
41153_Q5,E_double_dash_60_degree_celcius,0.84,MPa
41153_Q6,E_double_dash_60_degree_celcius,0.68,MPa
41153_Q7,E_double_dash_60_degree_celcius,0.69,MPa
41153_Q1,tand d max,0.541,
41153_Q2,tand d max,0.553,
41153_Q3,tand d max,0.554,
41153_Q4,tand d max,0.556,
41153_Q5,tand d max,0.577,
41153_Q6,tand d max,0.618,
41153_Q7,tand d max,0.636,
41153_Q1,Temperatur tan d max,-28.2,[°C]
41153_Q2,Temperatur tan d max,-26.3,[°C]
41153_Q3,Temperatur tan d max,-26.3,[°C]
41153_Q4,Temperatur tan d max,-27.3,[°C]
41153_Q5,Temperatur tan d max,-28.3,[°C]
41153_Q6,Temperatur tan d max,-24.3,[°C]
41153_Q7,Temperatur tan d max,-23.3,[°C]
41153_Q1,ElasticModulus_G_dash_zero_point_five_percent_1_Messung,4.82,MPa
41153_Q2,ElasticModulus_G_dash_zero_point_five_percent_1_Messung,4.5,MPa
41153_Q3,ElasticModulus_G_dash_zero_point_five_percent_1_Messung,4.11,MPa
41153_Q4,ElasticModulus_G_dash_zero_point_five_percent_1_Messung,4.37,MPa
41153_Q5,ElasticModulus_G_dash_zero_point_five_percent_1_Messung,3.57,MPa
41153_Q6,ElasticModulus_G_dash_zero_point_five_percent_1_Messung,3.16,MPa
41153_Q7,ElasticModulus_G_dash_zero_point_five_percent_1_Messung,3.53,MPa
41153_Q1,ElasticModulus_G_dash_15_percent_1_Messung,1.58,MPa
41153_Q2,ElasticModulus_G_dash_15_percent_1_Messung,1.51,MPa
41153_Q3,ElasticModulus_G_dash_15_percent_1_Messung,1.53,MPa
41153_Q4,ElasticModulus_G_dash_15_percent_1_Messung,1.51,MPa
41153_Q5,ElasticModulus_G_dash_15_percent_1_Messung,1.49,MPa
41153_Q6,ElasticModulus_G_dash_15_percent_1_Messung,1.38,MPa
41153_Q7,ElasticModulus_G_dash_15_percent_1_Messung,1.47,MPa
41153_Q1,tan_d_7_percent_1_Messung,0.207,MPa
41153_Q2,tan_d_7_percent_1_Messung,0.2,MPa
41153_Q3,tan_d_7_percent_1_Messung,0.19,MPa
41153_Q4,tan_d_7_percent_1_Messung,0.193,MPa
41153_Q5,tan_d_7_percent_1_Messung,0.178,MPa
41153_Q6,tan_d_7_percent_1_Messung,0.168,MPa
41153_Q7,tan_d_7_percent_1_Messung,0.171,MPa
41153_Q1,LossModulus_Gdouble_dash(max),0.65,MPa
41153_Q2,LossModulus_Gdouble_dash(max),0.6,MPa
41153_Q3,LossModulus_Gdouble_dash(max),0.52,MPa
41153_Q4,LossModulus_Gdouble_dash(max),0.56,MPa
41153_Q5,LossModulus_Gdouble_dash(max),0.44,MPa
41153_Q6,LossModulus_Gdouble_dash(max),0.37,MPa
41153_Q7,LossModulus_Gdouble_dash(max),0.42,MPa
41155_Q1,ML 1+1,75.49,ME
41155_Q2,ML 1+1,70.37,ME
41155_Q3,ML 1+1,91.95,ME
41155_Q4,ML 1+1,77.44,ME
41155_Q5,ML 1+1,89.97,ME
41155_Q6,ML 1+1,81.32,ME
41155_Q7,ML 1+1,91.82,ME
41155_Q1,ML 1+4,66.3,ME
41155_Q2,ML 1+4,60.58,ME
41155_Q3,ML 1+4,79.94,ME
41155_Q4,ML 1+4,67.96,ME
41155_Q5,ML 1+4,77.25,ME
41155_Q6,ML 1+4,73.0,ME
41155_Q7,ML 1+4,79.65,ME
41155_Q1,MSR,0.432,log(ME)/log(s)
41155_Q2,MSR,0.42,log(ME)/log(s)
41155_Q3,MSR,0.366,log(ME)/log(s)
41155_Q4,MSR,0.394,log(ME)/log(s)
41155_Q5,MSR,0.339,log(ME)/log(s)
41155_Q6,MSR,0.373,log(ME)/log(s)
41155_Q7,MSR,0.336,log(ME)/log(s)
41155_Q1,Umsatzzeit 90percent,635.34,[sec]
41155_Q2,Umsatzzeit 90percent,650.52,[sec]
41155_Q3,Umsatzzeit 90percent,610.56,[sec]
41155_Q4,Umsatzzeit 90percent,615.99,[sec]
41155_Q5,Umsatzzeit 90percent,645.66,[sec]
41155_Q6,Umsatzzeit 90percent,596.46,[sec]
41155_Q7,Umsatzzeit 90percent,557.22,[sec]
41155_Q1,S_dash bei 90percent Umsatz,13.85,dNm
41155_Q2,S_dash bei 90percent Umsatz,14.03,dNm
41155_Q3,S_dash bei 90percent Umsatz,14.29,dNm
41155_Q4,S_dash bei 90percent Umsatz,14.19,dNm
41155_Q5,S_dash bei 90percent Umsatz,13.83,dNm
41155_Q6,S_dash bei 90percent Umsatz,14.54,dNm
41155_Q7,S_dash bei 90percent Umsatz,14.82,dNm
41155_Q1,Massedruck_1,41.6,bar
41155_Q2,Massedruck_1,38.6,bar
41155_Q3,Massedruck_1,46.3,bar
41155_Q4,Massedruck_1,41.2,bar
41155_Q5,Massedruck_1,43.15,bar
41155_Q6,Massedruck_1,42.2,bar
41155_Q7,Massedruck_1,45.2,bar
41155_Q1,Massedruck_2,38.4,bar
41155_Q2,Massedruck_2,34.6,bar
41155_Q3,Massedruck_2,41.7,bar
41155_Q4,Massedruck_2,37.3,bar
41155_Q5,Massedruck_2,40.8,bar
41155_Q6,Massedruck_2,40.05,bar
41155_Q7,Massedruck_2,41.65,bar
41155_Q1,Quellung Hausmethode K10_1,30.68,percent
41155_Q2,Quellung Hausmethode K10_1,43.19,percent
41155_Q3,Quellung Hausmethode K10_1,28.86,percent
41155_Q4,Quellung Hausmethode K10_1,36.21,percent
41155_Q5,Quellung Hausmethode K10_1,27.62,percent
41155_Q6,Quellung Hausmethode K10_1,30.48,percent
41155_Q7,Quellung Hausmethode K10_1,30.28,percent
41155_Q1,Quellung Hausmethode K10_2,38.33,percent
41155_Q2,Quellung Hausmethode K10_2,40.97,percent
41155_Q3,Quellung Hausmethode K10_2,31.49,percent
41155_Q4,Quellung Hausmethode K10_2,38.52,percent
41155_Q5,Quellung Hausmethode K10_2,31.49,percent
41155_Q6,Quellung Hausmethode K10_2,35.05,percent
41155_Q7,Quellung Hausmethode K10_2,32.68,percent
41155_Q1,Masse pro Messzeit_1,26.28,g
41155_Q2,Masse pro Messzeit_1,26.58,g
41155_Q3,Masse pro Messzeit_1,24.58,g
41155_Q4,Masse pro Messzeit_1,25.48,g
41155_Q5,Masse pro Messzeit_1,23.0,g
41155_Q6,Masse pro Messzeit_1,24.22,g
41155_Q7,Masse pro Messzeit_1,24.74,g
41155_Q1,Masse pro Messzeit_2,24.16,g
41155_Q2,Masse pro Messzeit_2,26.28,g
41155_Q3,Masse pro Messzeit_2,23.16,g
41155_Q4,Masse pro Messzeit_2,25.06,g
41155_Q5,Masse pro Messzeit_2,22.02,g
41155_Q6,Masse pro Messzeit_2,23.12,g
41155_Q7,Masse pro Messzeit_2,23.48,g
41155_Q1,Hardness_mean_value,60.33,Shore A
41155_Q2,Hardness_mean_value,59.77,Shore A
41155_Q3,Hardness_mean_value,61.33,Shore A
41155_Q4,Hardness_mean_value,60.07,Shore A
41155_Q5,Hardness_mean_value,60.03,Shore A
41155_Q6,Hardness_mean_value,60.6,Shore A
41155_Q7,Hardness_mean_value,62.0,Shore A
41155_Q1,Rebound_mean_value_1,42.2,percent
41155_Q2,Rebound_mean_value_1,41.73,percent
41155_Q3,Rebound_mean_value_1,42.4,percent
41155_Q4,Rebound_mean_value_1,41.87,percent
41155_Q5,Rebound_mean_value_1,42.27,percent
41155_Q6,Rebound_mean_value_1,42.0,percent
41155_Q7,Rebound_mean_value_1,42.2,percent
41155_Q1,Rebound_mean_value_2,65.5,percent
41155_Q2,Rebound_mean_value_2,64.5,percent
41155_Q3,Rebound_mean_value_2,67.5,percent
41155_Q4,Rebound_mean_value_2,64.5,percent
41155_Q5,Rebound_mean_value_2,65.5,percent
41155_Q6,Rebound_mean_value_2,66.5,percent
41155_Q7,Rebound_mean_value_2,65.5,percent
41155_Q1,S50,1.3,MPa
41155_Q2,S50,1.4,MPa
41155_Q3,S50,1.3,MPa
41155_Q4,S50,1.3,MPa
41155_Q5,S50,1.4,MPa
41155_Q6,S50,1.3,MPa
41155_Q7,S50,1.3,MPa
41155_Q1,S100,2.6,MPa
41155_Q2,S100,2.8,MPa
41155_Q3,S100,2.5,MPa
41155_Q4,S100,2.6,MPa
41155_Q5,S100,3.0,MPa
41155_Q6,S100,2.5,MPa
41155_Q7,S100,2.6,MPa
41155_Q1,S300,16.8,MPa
41155_Q2,S300,17.1,MPa
41155_Q3,S300,15.9,MPa
41155_Q4,S300,16.0,MPa
41155_Q5,S300,19.1,MPa
41155_Q6,S300,15.6,MPa
41155_Q7,S300,16.4,MPa
41155_Q1,D Median,330.0,percent
41155_Q2,D Median,331.0,percent
41155_Q3,D Median,358.0,percent
41155_Q4,D Median,371.0,percent
41155_Q5,D Median,297.0,percent
41155_Q6,D Median,384.0,percent
41155_Q7,D Median,344.0,percent
41155_Q1,F Median,19.5,MPa
41155_Q2,F Median,19.7,MPa
41155_Q3,F Median,20.8,MPa
41155_Q4,F Median,21.1,MPa
41155_Q5,F Median,19.8,MPa
41155_Q6,F Median,22.4,MPa
41155_Q7,F Median,19.8,MPa
41155_Q1,E_dash_0_degree_celcius,14.79,MPa
41155_Q2,E_dash_0_degree_celcius,13.38,MPa
41155_Q3,E_dash_0_degree_celcius,12.15,MPa
41155_Q4,E_dash_0_degree_celcius,13.53,MPa
41155_Q5,E_dash_0_degree_celcius,12.71,MPa
41155_Q6,E_dash_0_degree_celcius,13.76,MPa
41155_Q7,E_dash_0_degree_celcius,15.88,MPa
41155_Q1,E_double_dash_0_degree_celcius,4.82,MPa
41155_Q2,E_double_dash_0_degree_celcius,4.34,MPa
41155_Q3,E_double_dash_0_degree_celcius,3.87,MPa
41155_Q4,E_double_dash_0_degree_celcius,4.37,MPa
41155_Q5,E_double_dash_0_degree_celcius,4.11,MPa
41155_Q6,E_double_dash_0_degree_celcius,4.28,MPa
41155_Q7,E_double_dash_0_degree_celcius,5.13,MPa
41155_Q1,E_dash_23_degree_celcius,8.55,MPa
41155_Q2,E_dash_23_degree_celcius,7.95,MPa
41155_Q3,E_dash_23_degree_celcius,7.41,MPa
41155_Q4,E_dash_23_degree_celcius,8.01,MPa
41155_Q5,E_dash_23_degree_celcius,7.78,MPa
41155_Q6,E_dash_23_degree_celcius,8.23,MPa
41155_Q7,E_dash_23_degree_celcius,9.03,MPa
41155_Q1,E_double_dash_23_degree_celcius,1.28,MPa
41155_Q2,E_double_dash_23_degree_celcius,1.19,MPa
41155_Q3,E_double_dash_23_degree_celcius,1.04,MPa
41155_Q4,E_double_dash_23_degree_celcius,1.21,MPa
41155_Q5,E_double_dash_23_degree_celcius,1.07,MPa
41155_Q6,E_double_dash_23_degree_celcius,1.2,MPa
41155_Q7,E_double_dash_23_degree_celcius,1.31,MPa
41155_Q1,E_dash_60_degree_celcius,5.74,MPa
41155_Q2,E_dash_60_degree_celcius,5.35,MPa
41155_Q3,E_dash_60_degree_celcius,5.08,MPa
41155_Q4,E_dash_60_degree_celcius,5.48,MPa
41155_Q5,E_dash_60_degree_celcius,5.52,MPa
41155_Q6,E_dash_60_degree_celcius,5.63,MPa
41155_Q7,E_dash_60_degree_celcius,5.99,MPa
41155_Q1,E_double_dash_60_degree_celcius,0.39,MPa
41155_Q2,E_double_dash_60_degree_celcius,0.43,MPa
41155_Q3,E_double_dash_60_degree_celcius,0.35,MPa
41155_Q4,E_double_dash_60_degree_celcius,0.4,MPa
41155_Q5,E_double_dash_60_degree_celcius,0.32,MPa
41155_Q6,E_double_dash_60_degree_celcius,0.39,MPa
41155_Q7,E_double_dash_60_degree_celcius,0.4,MPa
41155_Q1,tand d max,0.734,
41155_Q2,tand d max,0.776,
41155_Q3,tand d max,0.766,
41155_Q4,tand d max,0.761,
41155_Q5,tand d max,0.792,
41155_Q6,tand d max,0.725,
41155_Q7,tand d max,0.698,
41155_Q1,Temperatur tan d max,-22.2,[°C]
41155_Q2,Temperatur tan d max,-23.2,[°C]
41155_Q3,Temperatur tan d max,-23.2,[°C]
41155_Q4,Temperatur tan d max,-23.2,[°C]
41155_Q5,Temperatur tan d max,-22.3,[°C]
41155_Q6,Temperatur tan d max,-22.2,[°C]
41155_Q7,Temperatur tan d max,-22.3,[°C]
41155_Q1,ElasticModulus_G_dash_zero_point_five_percent_1_Messung,2.35,MPa
41155_Q2,ElasticModulus_G_dash_zero_point_five_percent_1_Messung,2.16,MPa
41155_Q3,ElasticModulus_G_dash_zero_point_five_percent_1_Messung,1.89,MPa
41155_Q4,ElasticModulus_G_dash_zero_point_five_percent_1_Messung,2.06,MPa
41155_Q5,ElasticModulus_G_dash_zero_point_five_percent_1_Messung,1.89,MPa
41155_Q6,ElasticModulus_G_dash_zero_point_five_percent_1_Messung,1.96,MPa
41155_Q7,ElasticModulus_G_dash_zero_point_five_percent_1_Messung,2.15,MPa
41155_Q1,ElasticModulus_G_dash_15_percent_1_Messung,1.25,MPa
41155_Q2,ElasticModulus_G_dash_15_percent_1_Messung,1.2,MPa
41155_Q3,ElasticModulus_G_dash_15_percent_1_Messung,1.15,MPa
41155_Q4,ElasticModulus_G_dash_15_percent_1_Messung,1.18,MPa
41155_Q5,ElasticModulus_G_dash_15_percent_1_Messung,1.17,MPa
41155_Q6,ElasticModulus_G_dash_15_percent_1_Messung,1.16,MPa
41155_Q7,ElasticModulus_G_dash_15_percent_1_Messung,1.23,MPa
41155_Q1,tan_d_7_percent_1_Messung,0.16,MPa
41155_Q2,tan_d_7_percent_1_Messung,0.162,MPa
41155_Q3,tan_d_7_percent_1_Messung,0.145,MPa
41155_Q4,tan_d_7_percent_1_Messung,0.152,MPa
41155_Q5,tan_d_7_percent_1_Messung,0.137,MPa
41155_Q6,tan_d_7_percent_1_Messung,0.144,MPa
41155_Q7,tan_d_7_percent_1_Messung,0.148,MPa
41155_Q1,LossModulus_Gdouble_dash(max),0.27,MPa
41155_Q2,LossModulus_Gdouble_dash(max),0.26,MPa
41155_Q3,LossModulus_Gdouble_dash(max),0.21,MPa
41155_Q4,LossModulus_Gdouble_dash(max),0.23,MPa
41155_Q5,LossModulus_Gdouble_dash(max),0.2,MPa
41155_Q6,LossModulus_Gdouble_dash(max),0.21,MPa
41155_Q7,LossModulus_Gdouble_dash(max),0.23,MPa
41851_Q1,ML 1+1,153.1,ME
41851_Q2,ML 1+1,98.12,ME
41851_Q3,ML 1+1,148.04,ME
41851_Q4,ML 1+1,143.31,ME
41851_Q5,ML 1+1,155.69,ME
41851_Q6,ML 1+1,141.78,ME
41851_Q7,ML 1+1,148.51,ME
41851_Q8,ML 1+1,151.39,ME
41851_Q1,ML 1+4,131.79,ME
41851_Q2,ML 1+4,82.43,ME
41851_Q3,ML 1+4,122.52,ME
41851_Q4,ML 1+4,114.75,ME
41851_Q5,ML 1+4,134.84,ME
41851_Q6,ML 1+4,112.91,ME
41851_Q7,ML 1+4,129.77,ME
41851_Q8,ML 1+4,127.71,ME
41851_Q1,MSR,0.223,log(ME)/log(s)
41851_Q2,MSR,0.361,log(ME)/log(s)
41851_Q3,MSR,0.227,log(ME)/log(s)
41851_Q4,MSR,0.249,log(ME)/log(s)
41851_Q5,MSR,0.216,log(ME)/log(s)
41851_Q6,MSR,0.264,log(ME)/log(s)
41851_Q7,MSR,0.231,log(ME)/log(s)
41851_Q8,MSR,0.234,log(ME)/log(s)
41851_Q1,Umsatzzeit 90percent,1179.66,[sec]
41851_Q2,Umsatzzeit 90percent,1086.42,[sec]
41851_Q3,Umsatzzeit 90percent,1042.44,[sec]
41851_Q4,Umsatzzeit 90percent,1023.46,[sec]
41851_Q5,Umsatzzeit 90percent,1125.0,[sec]
41851_Q6,Umsatzzeit 90percent,965.31,[sec]
41851_Q7,Umsatzzeit 90percent,981.9,[sec]
41851_Q8,Umsatzzeit 90percent,896.24,[sec]
41851_Q1,S_dash bei 90percent Umsatz,19.19,dNm
41851_Q2,S_dash bei 90percent Umsatz,18.89,dNm
41851_Q3,S_dash bei 90percent Umsatz,19.16,dNm
41851_Q4,S_dash bei 90percent Umsatz,18.3,dNm
41851_Q5,S_dash bei 90percent Umsatz,19.37,dNm
41851_Q6,S_dash bei 90percent Umsatz,19.33,dNm
41851_Q7,S_dash bei 90percent Umsatz,20.43,dNm
41851_Q8,S_dash bei 90percent Umsatz,18.79,dNm
41851_Q1,Massedruck_1,62.55,bar
41851_Q2,Massedruck_1,50.05,bar
41851_Q3,Massedruck_1,61.15,bar
41851_Q4,Massedruck_1,59.15,bar
41851_Q5,Massedruck_1,63.2,bar
41851_Q6,Massedruck_1,61.65,bar
41851_Q7,Massedruck_1,65.9,bar
41851_Q8,Massedruck_1,60.65,bar
41851_Q1,Massedruck_2,64.7,bar
41851_Q2,Massedruck_2,0.0,bar
41851_Q3,Massedruck_2,63.9,bar
41851_Q4,Massedruck_2,59.45,bar
41851_Q5,Massedruck_2,67.3,bar
41851_Q6,Massedruck_2,64.75,bar
41851_Q7,Massedruck_2,69.6,bar
41851_Q8,Massedruck_2,64.85,bar
41851_Q1,Quellung Hausmethode K10_1,26.17,percent
41851_Q2,Quellung Hausmethode K10_1,29.07,percent
41851_Q3,Quellung Hausmethode K10_1,24.06,percent
41851_Q4,Quellung Hausmethode K10_1,22.98,percent
41851_Q5,Quellung Hausmethode K10_1,25.96,percent
41851_Q6,Quellung Hausmethode K10_1,22.98,percent
41851_Q7,Quellung Hausmethode K10_1,24.06,percent
41851_Q8,Quellung Hausmethode K10_1,27.0,percent
41851_Q1,Quellung Hausmethode K10_2,30.7,percent
41851_Q2,Quellung Hausmethode K10_2,33.3,percent
41851_Q3,Quellung Hausmethode K10_2,29.07,percent
41851_Q4,Quellung Hausmethode K10_2,27.0,percent
41851_Q5,Quellung Hausmethode K10_2,29.07,percent
41851_Q6,Quellung Hausmethode K10_2,24.69,percent
41851_Q7,Quellung Hausmethode K10_2,27.21,percent
41851_Q8,Quellung Hausmethode K10_2,30.5,percent
41851_Q1,Masse pro Messzeit_1,9.16,g
41851_Q2,Masse pro Messzeit_1,10.65,g
41851_Q3,Masse pro Messzeit_1,8.54,g
41851_Q4,Masse pro Messzeit_1,8.85,g
41851_Q5,Masse pro Messzeit_1,7.11,g
41851_Q6,Masse pro Messzeit_1,7.72,g
41851_Q7,Masse pro Messzeit_1,6.32,g
41851_Q8,Masse pro Messzeit_1,6.14,g
41851_Q1,Masse pro Messzeit_2,9.05,g
41851_Q2,Masse pro Messzeit_2,11.13,g
41851_Q3,Masse pro Messzeit_2,9.24,g
41851_Q4,Masse pro Messzeit_2,9.38,g
41851_Q5,Masse pro Messzeit_2,8.43,g
41851_Q6,Masse pro Messzeit_2,9.13,g
41851_Q7,Masse pro Messzeit_2,8.32,g
41851_Q8,Masse pro Messzeit_2,8.4,g
41851_Q1,Hardness_mean_value,66.67,Shore A
41851_Q2,Hardness_mean_value,65.67,Shore A
41851_Q3,Hardness_mean_value,65.6,Shore A
41851_Q4,Hardness_mean_value,64.43,Shore A
41851_Q5,Hardness_mean_value,65.37,Shore A
41851_Q6,Hardness_mean_value,65.8,Shore A
41851_Q7,Hardness_mean_value,67.33,Shore A
41851_Q8,Hardness_mean_value,64.77,Shore A
41851_Q1,Rebound_mean_value_1,39.2,percent
41851_Q2,Rebound_mean_value_1,35.8,percent
41851_Q3,Rebound_mean_value_1,39.27,percent
41851_Q4,Rebound_mean_value_1,38.8,percent
41851_Q5,Rebound_mean_value_1,39.8,percent
41851_Q6,Rebound_mean_value_1,37.6,percent
41851_Q7,Rebound_mean_value_1,38.73,percent
41851_Q8,Rebound_mean_value_1,39.4,percent
41851_Q1,Rebound_mean_value_2,62.5,percent
41851_Q2,Rebound_mean_value_2,56.0,percent
41851_Q3,Rebound_mean_value_2,62.5,percent
41851_Q4,Rebound_mean_value_2,62.5,percent
41851_Q5,Rebound_mean_value_2,62.0,percent
41851_Q6,Rebound_mean_value_2,62.5,percent
41851_Q7,Rebound_mean_value_2,62.5,percent
41851_Q8,Rebound_mean_value_2,61.5,percent
41851_Q1,S50,1.4,MPa
41851_Q2,S50,1.4,MPa
41851_Q3,S50,1.5,MPa
41851_Q4,S50,1.4,MPa
41851_Q5,S50,1.5,MPa
41851_Q6,S50,1.5,MPa
41851_Q7,S50,1.5,MPa
41851_Q8,S50,1.4,MPa
41851_Q1,S100,2.7,MPa
41851_Q2,S100,2.7,MPa
41851_Q3,S100,2.9,MPa
41851_Q4,S100,2.8,MPa
41851_Q5,S100,2.9,MPa
41851_Q6,S100,2.8,MPa
41851_Q7,S100,2.9,MPa
41851_Q8,S100,2.8,MPa
41851_Q1,S300,17.6,MPa
41851_Q2,S300,15.7,MPa
41851_Q3,S300,18.1,MPa
41851_Q4,S300,17.8,MPa
41851_Q5,S300,18.4,MPa
41851_Q6,S300,17.9,MPa
41851_Q7,S300,17.7,MPa
41851_Q8,S300,17.7,MPa
41851_Q1,D Median,366.0,percent
41851_Q2,D Median,367.0,percent
41851_Q3,D Median,344.0,percent
41851_Q4,D Median,345.0,percent
41851_Q5,D Median,363.0,percent
41851_Q6,D Median,354.0,percent
41851_Q7,D Median,347.0,percent
41851_Q8,D Median,360.0,percent
41851_Q1,F Median,23.7,MPa
41851_Q2,F Median,21.0,MPa
41851_Q3,F Median,21.9,MPa
41851_Q4,F Median,21.9,MPa
41851_Q5,F Median,23.9,MPa
41851_Q6,F Median,22.7,MPa
41851_Q7,F Median,22.0,MPa
41851_Q8,F Median,23.3,MPa
41851_Q1,E_dash_0_degree_celcius,21.26,MPa
41851_Q2,E_dash_0_degree_celcius,26.86,MPa
41851_Q3,E_dash_0_degree_celcius,23.21,MPa
41851_Q4,E_dash_0_degree_celcius,20.89,MPa
41851_Q5,E_dash_0_degree_celcius,23.54,MPa
41851_Q6,E_dash_0_degree_celcius,23.21,MPa
41851_Q7,E_dash_0_degree_celcius,23.88,MPa
41851_Q8,E_dash_0_degree_celcius,21.42,MPa
41851_Q1,E_double_dash_0_degree_celcius,6.39,MPa
41851_Q2,E_double_dash_0_degree_celcius,8.22,MPa
41851_Q3,E_double_dash_0_degree_celcius,7.09,MPa
41851_Q4,E_double_dash_0_degree_celcius,6.43,MPa
41851_Q5,E_double_dash_0_degree_celcius,6.96,MPa
41851_Q6,E_double_dash_0_degree_celcius,7.43,MPa
41851_Q7,E_double_dash_0_degree_celcius,7.12,MPa
41851_Q8,E_double_dash_0_degree_celcius,6.42,MPa
41851_Q1,E_dash_23_degree_celcius,11.45,MPa
41851_Q2,E_dash_23_degree_celcius,13.46,MPa
41851_Q3,E_dash_23_degree_celcius,12.6,MPa
41851_Q4,E_dash_23_degree_celcius,11.33,MPa
41851_Q5,E_dash_23_degree_celcius,13.03,MPa
41851_Q6,E_dash_23_degree_celcius,12.2,MPa
41851_Q7,E_dash_23_degree_celcius,12.81,MPa
41851_Q8,E_dash_23_degree_celcius,11.68,MPa
41851_Q1,E_double_dash_23_degree_celcius,1.73,MPa
41851_Q2,E_double_dash_23_degree_celcius,2.33,MPa
41851_Q3,E_double_dash_23_degree_celcius,1.96,MPa
41851_Q4,E_double_dash_23_degree_celcius,1.73,MPa
41851_Q5,E_double_dash_23_degree_celcius,2.06,MPa
41851_Q6,E_double_dash_23_degree_celcius,1.87,MPa
41851_Q7,E_double_dash_23_degree_celcius,1.96,MPa
41851_Q8,E_double_dash_23_degree_celcius,1.82,MPa
41851_Q1,E_dash_60_degree_celcius,7.77,MPa
41851_Q2,E_dash_60_degree_celcius,8.48,MPa
41851_Q3,E_dash_60_degree_celcius,8.28,MPa
41851_Q4,E_dash_60_degree_celcius,7.5,MPa
41851_Q5,E_dash_60_degree_celcius,8.41,MPa
41851_Q6,E_dash_60_degree_celcius,8.02,MPa
41851_Q7,E_dash_60_degree_celcius,8.47,MPa
41851_Q8,E_dash_60_degree_celcius,7.66,MPa
41851_Q1,E_double_dash_60_degree_celcius,0.53,MPa
41851_Q2,E_double_dash_60_degree_celcius,0.74,MPa
41851_Q3,E_double_dash_60_degree_celcius,0.58,MPa
41851_Q4,E_double_dash_60_degree_celcius,0.52,MPa
41851_Q5,E_double_dash_60_degree_celcius,0.61,MPa
41851_Q6,E_double_dash_60_degree_celcius,0.53,MPa
41851_Q7,E_double_dash_60_degree_celcius,0.57,MPa
41851_Q8,E_double_dash_60_degree_celcius,0.56,MPa
41851_Q1,tand d max,0.528,
41851_Q2,tand d max,0.455,
41851_Q3,tand d max,0.52,
41851_Q4,tand d max,0.534,
41851_Q5,tand d max,0.529,
41851_Q6,tand d max,0.495,
41851_Q7,tand d max,0.472,
41851_Q8,tand d max,0.532,
41851_Q1,Temperatur tan d max,-22.3,[°C]
41851_Q2,Temperatur tan d max,-19.2,[°C]
41851_Q3,Temperatur tan d max,-20.2,[°C]
41851_Q4,Temperatur tan d max,-21.3,[°C]
41851_Q5,Temperatur tan d max,-23.3,[°C]
41851_Q6,Temperatur tan d max,-16.2,[°C]
41851_Q7,Temperatur tan d max,-18.3,[°C]
41851_Q8,Temperatur tan d max,-23.2,[°C]
41851_Q1,ElasticModulus_G_dash_zero_point_five_percent_1_Messung,2.64,MPa
41851_Q2,ElasticModulus_G_dash_zero_point_five_percent_1_Messung,2.94,MPa
41851_Q3,ElasticModulus_G_dash_zero_point_five_percent_1_Messung,2.76,MPa
41851_Q4,ElasticModulus_G_dash_zero_point_five_percent_1_Messung,2.44,MPa
41851_Q5,ElasticModulus_G_dash_zero_point_five_percent_1_Messung,2.42,MPa
41851_Q6,ElasticModulus_G_dash_zero_point_five_percent_1_Messung,2.6,MPa
41851_Q7,ElasticModulus_G_dash_zero_point_five_percent_1_Messung,2.92,MPa
41851_Q8,ElasticModulus_G_dash_zero_point_five_percent_1_Messung,2.88,MPa
41851_Q1,ElasticModulus_G_dash_15_percent_1_Messung,1.42,MPa
41851_Q2,ElasticModulus_G_dash_15_percent_1_Messung,1.46,MPa
41851_Q3,ElasticModulus_G_dash_15_percent_1_Messung,1.44,MPa
41851_Q4,ElasticModulus_G_dash_15_percent_1_Messung,1.37,MPa
41851_Q5,ElasticModulus_G_dash_15_percent_1_Messung,1.37,MPa
41851_Q6,ElasticModulus_G_dash_15_percent_1_Messung,1.42,MPa
41851_Q7,ElasticModulus_G_dash_15_percent_1_Messung,1.52,MPa
41851_Q8,ElasticModulus_G_dash_15_percent_1_Messung,1.49,MPa
41851_Q1,tan_d_7_percent_1_Messung,0.139,MPa
41851_Q2,tan_d_7_percent_1_Messung,0.155,MPa
41851_Q3,tan_d_7_percent_1_Messung,0.14,MPa
41851_Q4,tan_d_7_percent_1_Messung,0.133,MPa
41851_Q5,tan_d_7_percent_1_Messung,0.131,MPa
41851_Q6,tan_d_7_percent_1_Messung,0.133,MPa
41851_Q7,tan_d_7_percent_1_Messung,0.137,MPa
41851_Q8,tan_d_7_percent_1_Messung,0.143,MPa
41851_Q1,LossModulus_Gdouble_dash(max),0.29,MPa
41851_Q2,LossModulus_Gdouble_dash(max),0.35,MPa
41851_Q3,LossModulus_Gdouble_dash(max),0.3,MPa
41851_Q4,LossModulus_Gdouble_dash(max),0.26,MPa
41851_Q5,LossModulus_Gdouble_dash(max),0.25,MPa
41851_Q6,LossModulus_Gdouble_dash(max),0.27,MPa
41851_Q7,LossModulus_Gdouble_dash(max),0.3,MPa
41851_Q8,LossModulus_Gdouble_dash(max),0.31,MPa
41853_Q1,ML 1+1,156.74,ME
41853_Q2,ML 1+1,156.84,ME
41853_Q3,ML 1+1,140.3,ME
41853_Q4,ML 1+1,111.2,ME
41853_Q5,ML 1+1,151.66,ME
41853_Q6,ML 1+1,152.1,ME
41853_Q7,ML 1+1,155.57,ME
41853_Q1,ML 1+4,135.38,ME
41853_Q2,ML 1+4,134.56,ME
41853_Q3,ML 1+4,110.78,ME
41853_Q4,ML 1+4,90.81,ME
41853_Q5,ML 1+4,130.03,ME
41853_Q6,ML 1+4,131.87,ME
41853_Q7,ML 1+4,132.53,ME
41853_Q1,MSR,0.212,log(ME)/log(s)
41853_Q2,MSR,0.211,log(ME)/log(s)
41853_Q3,MSR,0.297,log(ME)/log(s)
41853_Q4,MSR,0.351,log(ME)/log(s)
41853_Q5,MSR,0.212,log(ME)/log(s)
41853_Q6,MSR,0.216,log(ME)/log(s)
41853_Q7,MSR,0.222,log(ME)/log(s)
41853_Q1,Umsatzzeit 90percent,1019.52,[sec]
41853_Q2,Umsatzzeit 90percent,1040.28,[sec]
41853_Q3,Umsatzzeit 90percent,921.78,[sec]
41853_Q4,Umsatzzeit 90percent,1110.18,[sec]
41853_Q5,Umsatzzeit 90percent,1023.48,[sec]
41853_Q6,Umsatzzeit 90percent,1045.44,[sec]
41853_Q7,Umsatzzeit 90percent,958.62,[sec]
41853_Q1,S_dash bei 90percent Umsatz,19.61,dNm
41853_Q2,S_dash bei 90percent Umsatz,19.79,dNm
41853_Q3,S_dash bei 90percent Umsatz,19.84,dNm
41853_Q4,S_dash bei 90percent Umsatz,20.57,dNm
41853_Q5,S_dash bei 90percent Umsatz,20.02,dNm
41853_Q6,S_dash bei 90percent Umsatz,20.09,dNm
41853_Q7,S_dash bei 90percent Umsatz,19.75,dNm
41853_Q1,Massedruck_1,59.2,bar
41853_Q2,Massedruck_1,60.8,bar
41853_Q3,Massedruck_1,56.75,bar
41853_Q4,Massedruck_1,48.8,bar
41853_Q5,Massedruck_1,60.15,bar
41853_Q6,Massedruck_1,60.35,bar
41853_Q7,Massedruck_1,59.2,bar
41853_Q1,Massedruck_2,60.3,bar
41853_Q2,Massedruck_2,61.05,bar
41853_Q3,Massedruck_2,56.1,bar
41853_Q4,Massedruck_2,48.1,bar
41853_Q5,Massedruck_2,63.4,bar
41853_Q6,Massedruck_2,62.4,bar
41853_Q7,Massedruck_2,60.1,bar
41853_Q1,Quellung Hausmethode K10_1,23.63,percent
41853_Q2,Quellung Hausmethode K10_1,21.9,percent
41853_Q3,Quellung Hausmethode K10_1,15.44,percent
41853_Q4,Quellung Hausmethode K10_1,27.42,percent
41853_Q5,Quellung Hausmethode K10_1,19.94,percent
41853_Q6,Quellung Hausmethode K10_1,22.34,percent
41853_Q7,Quellung Hausmethode K10_1,22.12,percent
41853_Q1,Quellung Hausmethode K10_2,26.38,percent
41853_Q2,Quellung Hausmethode K10_2,26.38,percent
41853_Q3,Quellung Hausmethode K10_2,18.16,percent
41853_Q4,Quellung Hausmethode K10_2,163.21,percent
41853_Q5,Quellung Hausmethode K10_2,27.0,percent
41853_Q6,Quellung Hausmethode K10_2,27.0,percent
41853_Q7,Quellung Hausmethode K10_2,24.9,percent
41853_Q1,Masse pro Messzeit_1,18.76,g
41853_Q2,Masse pro Messzeit_1,18.54,g
41853_Q3,Masse pro Messzeit_1,20.78,g
41853_Q4,Masse pro Messzeit_1,24.6,g
41853_Q5,Masse pro Messzeit_1,17.22,g
41853_Q6,Masse pro Messzeit_1,17.06,g
41853_Q7,Masse pro Messzeit_1,19.4,g
41853_Q1,Masse pro Messzeit_2,10.46,g
41853_Q2,Masse pro Messzeit_2,10.41,g
41853_Q3,Masse pro Messzeit_2,11.12,g
41853_Q4,Masse pro Messzeit_2,13.07,g
41853_Q5,Masse pro Messzeit_2,9.69,g
41853_Q6,Masse pro Messzeit_2,9.59,g
41853_Q7,Masse pro Messzeit_2,10.5,g
41853_Q1,Hardness_mean_value,68.07,Shore A
41853_Q2,Hardness_mean_value,66.07,Shore A
41853_Q3,Hardness_mean_value,68.37,Shore A
41853_Q4,Hardness_mean_value,68.93,Shore A
41853_Q5,Hardness_mean_value,67.17,Shore A
41853_Q6,Hardness_mean_value,67.83,Shore A
41853_Q7,Hardness_mean_value,68.33,Shore A
41853_Q1,Rebound_mean_value_1,41.4,percent
41853_Q2,Rebound_mean_value_1,41.13,percent
41853_Q3,Rebound_mean_value_1,41.2,percent
41853_Q4,Rebound_mean_value_1,36.47,percent
41853_Q5,Rebound_mean_value_1,40.6,percent
41853_Q6,Rebound_mean_value_1,39.87,percent
41853_Q7,Rebound_mean_value_1,40.4,percent
41853_Q1,Rebound_mean_value_2,62.0,percent
41853_Q2,Rebound_mean_value_2,62.5,percent
41853_Q3,Rebound_mean_value_2,63.5,percent
41853_Q4,Rebound_mean_value_2,58.0,percent
41853_Q5,Rebound_mean_value_2,61.5,percent
41853_Q6,Rebound_mean_value_2,63.0,percent
41853_Q7,Rebound_mean_value_2,62.5,percent
41853_Q1,S50,1.4,MPa
41853_Q2,S50,1.4,MPa
41853_Q3,S50,1.5,MPa
41853_Q4,S50,1.4,MPa
41853_Q5,S50,1.6,MPa
41853_Q6,S50,1.5,MPa
41853_Q7,S50,1.4,MPa
41853_Q1,S100,2.6,MPa
41853_Q2,S100,2.5,MPa
41853_Q3,S100,2.8,MPa
41853_Q4,S100,2.6,MPa
41853_Q5,S100,3.0,MPa
41853_Q6,S100,2.8,MPa
41853_Q7,S100,2.7,MPa
41853_Q1,S300,16.9,MPa
41853_Q2,S300,16.4,MPa
41853_Q3,S300,17.8,MPa
41853_Q4,S300,15.4,MPa
41853_Q5,S300,19.3,MPa
41853_Q6,S300,18.8,MPa
41853_Q7,S300,17.6,MPa
41853_Q1,D Median,369.0,percent
41853_Q2,D Median,322.0,percent
41853_Q3,D Median,328.0,percent
41853_Q4,D Median,344.0,percent
41853_Q5,D Median,338.0,percent
41853_Q6,D Median,325.0,percent
41853_Q7,D Median,355.0,percent
41853_Q1,F Median,23.0,MPa
41853_Q2,F Median,18.4,MPa
41853_Q3,F Median,20.9,MPa
41853_Q4,F Median,19.0,MPa
41853_Q5,F Median,22.9,MPa
41853_Q6,F Median,21.3,MPa
41853_Q7,F Median,22.7,MPa
41853_Q1,E_dash_0_degree_celcius,22.12,MPa
41853_Q2,E_dash_0_degree_celcius,20.43,MPa
41853_Q3,E_dash_0_degree_celcius,17.61,MPa
41853_Q4,E_dash_0_degree_celcius,26.06,MPa
41853_Q5,E_dash_0_degree_celcius,23.23,MPa
41853_Q6,E_dash_0_degree_celcius,22.94,MPa
41853_Q7,E_dash_0_degree_celcius,21.04,MPa
41853_Q1,E_double_dash_0_degree_celcius,6.81,MPa
41853_Q2,E_double_dash_0_degree_celcius,6.47,MPa
41853_Q3,E_double_dash_0_degree_celcius,5.7,MPa
41853_Q4,E_double_dash_0_degree_celcius,8.45,MPa
41853_Q5,E_double_dash_0_degree_celcius,7.2,MPa
41853_Q6,E_double_dash_0_degree_celcius,6.81,MPa
41853_Q7,E_double_dash_0_degree_celcius,6.43,MPa
41853_Q1,E_dash_23_degree_celcius,11.89,MPa
41853_Q2,E_dash_23_degree_celcius,11.07,MPa
41853_Q3,E_dash_23_degree_celcius,9.88,MPa
41853_Q4,E_dash_23_degree_celcius,13.11,MPa
41853_Q5,E_dash_23_degree_celcius,12.46,MPa
41853_Q6,E_dash_23_degree_celcius,12.66,MPa
41853_Q7,E_dash_23_degree_celcius,11.31,MPa
41853_Q1,E_double_dash_23_degree_celcius,1.87,MPa
41853_Q2,E_double_dash_23_degree_celcius,1.74,MPa
41853_Q3,E_double_dash_23_degree_celcius,1.46,MPa
41853_Q4,E_double_dash_23_degree_celcius,2.22,MPa
41853_Q5,E_double_dash_23_degree_celcius,1.91,MPa
41853_Q6,E_double_dash_23_degree_celcius,1.96,MPa
41853_Q7,E_double_dash_23_degree_celcius,1.77,MPa
41853_Q1,E_dash_60_degree_celcius,7.85,MPa
41853_Q2,E_dash_60_degree_celcius,7.35,MPa
41853_Q3,E_dash_60_degree_celcius,6.81,MPa
41853_Q4,E_dash_60_degree_celcius,8.32,MPa
41853_Q5,E_dash_60_degree_celcius,8.14,MPa
41853_Q6,E_dash_60_degree_celcius,8.24,MPa
41853_Q7,E_dash_60_degree_celcius,7.42,MPa
41853_Q1,E_double_dash_60_degree_celcius,0.58,MPa
41853_Q2,E_double_dash_60_degree_celcius,0.5,MPa
41853_Q3,E_double_dash_60_degree_celcius,0.41,MPa
41853_Q4,E_double_dash_60_degree_celcius,0.66,MPa
41853_Q5,E_double_dash_60_degree_celcius,0.54,MPa
41853_Q6,E_double_dash_60_degree_celcius,0.58,MPa
41853_Q7,E_double_dash_60_degree_celcius,0.53,MPa
41853_Q1,tand d max,0.525,
41853_Q2,tand d max,0.528,
41853_Q3,tand d max,0.611,
41853_Q4,tand d max,0.471,
41853_Q5,tand d max,0.52,
41853_Q6,tand d max,0.52,
41853_Q7,tand d max,0.525,
41853_Q1,Temperatur tan d max,-19.3,[°C]
41853_Q2,Temperatur tan d max,-18.2,[°C]
41853_Q3,Temperatur tan d max,-20.2,[°C]
41853_Q4,Temperatur tan d max,-17.2,[°C]
41853_Q5,Temperatur tan d max,-20.3,[°C]
41853_Q6,Temperatur tan d max,-22.2,[°C]
41853_Q7,Temperatur tan d max,-20.2,[°C]
41853_Q1,ElasticModulus_G_dash_zero_point_five_percent_1_Messung,2.81,MPa
41853_Q2,ElasticModulus_G_dash_zero_point_five_percent_1_Messung,2.75,MPa
41853_Q3,ElasticModulus_G_dash_zero_point_five_percent_1_Messung,2.76,MPa
41853_Q4,ElasticModulus_G_dash_zero_point_five_percent_1_Messung,3.14,MPa
41853_Q5,ElasticModulus_G_dash_zero_point_five_percent_1_Messung,2.61,MPa
41853_Q6,ElasticModulus_G_dash_zero_point_five_percent_1_Messung,2.93,MPa
41853_Q7,ElasticModulus_G_dash_zero_point_five_percent_1_Messung,2.85,MPa
41853_Q1,ElasticModulus_G_dash_15_percent_1_Messung,1.47,MPa
41853_Q2,ElasticModulus_G_dash_15_percent_1_Messung,1.46,MPa
41853_Q3,ElasticModulus_G_dash_15_percent_1_Messung,1.47,MPa
41853_Q4,ElasticModulus_G_dash_15_percent_1_Messung,1.5,MPa
41853_Q5,ElasticModulus_G_dash_15_percent_1_Messung,1.44,MPa
41853_Q6,ElasticModulus_G_dash_15_percent_1_Messung,1.52,MPa
41853_Q7,ElasticModulus_G_dash_15_percent_1_Messung,1.48,MPa
41853_Q1,tan_d_7_percent_1_Messung,0.134,MPa
41853_Q2,tan_d_7_percent_1_Messung,0.136,MPa
41853_Q3,tan_d_7_percent_1_Messung,0.136,MPa
41853_Q4,tan_d_7_percent_1_Messung,0.158,MPa
41853_Q5,tan_d_7_percent_1_Messung,0.128,MPa
41853_Q6,tan_d_7_percent_1_Messung,0.134,MPa
41853_Q7,tan_d_7_percent_1_Messung,0.141,MPa
41853_Q1,LossModulus_Gdouble_dash(max),0.29,MPa
41853_Q2,LossModulus_Gdouble_dash(max),0.29,MPa
41853_Q3,LossModulus_Gdouble_dash(max),0.29,MPa
41853_Q4,LossModulus_Gdouble_dash(max),0.37,MPa
41853_Q5,LossModulus_Gdouble_dash(max),0.26,MPa
41853_Q6,LossModulus_Gdouble_dash(max),0.3,MPa
41853_Q7,LossModulus_Gdouble_dash(max),0.3,MPa
42278_Q1,ML 1+1,82.73,ME
42278_Q2,ML 1+1,84.03,ME
42278_Q3,ML 1+1,62.89,ME
42278_Q4,ML 1+1,83.0,ME
42278_Q5,ML 1+1,119.27,ME
42278_Q6,ML 1+1,62.24,ME
42278_Q1,ML 1+4,69.0,ME
42278_Q2,ML 1+4,70.76,ME
42278_Q3,ML 1+4,53.34,ME
42278_Q4,ML 1+4,75.37,ME
42278_Q5,ML 1+4,99.15,ME
42278_Q6,ML 1+4,53.03,ME
42278_Q1,MSR,0.36,log(ME)/log(s)
42278_Q2,MSR,0.34,log(ME)/log(s)
42278_Q3,MSR,0.472,log(ME)/log(s)
42278_Q4,MSR,0.368,log(ME)/log(s)
42278_Q5,MSR,0.252,log(ME)/log(s)
42278_Q6,MSR,0.473,log(ME)/log(s)
42278_Q1,Umsatzzeit 90percent,1015.8,[sec]
42278_Q2,Umsatzzeit 90percent,1045.38,[sec]
42278_Q3,Umsatzzeit 90percent,1042.2,[sec]
42278_Q4,Umsatzzeit 90percent,933.78,[sec]
42278_Q5,Umsatzzeit 90percent,953.64,[sec]
42278_Q6,Umsatzzeit 90percent,1063.32,[sec]
42278_Q1,S_dash bei 90percent Umsatz,17.52,dNm
42278_Q2,S_dash bei 90percent Umsatz,17.94,dNm
42278_Q3,S_dash bei 90percent Umsatz,17.43,dNm
42278_Q4,S_dash bei 90percent Umsatz,19.89,dNm
42278_Q5,S_dash bei 90percent Umsatz,18.87,dNm
42278_Q6,S_dash bei 90percent Umsatz,17.32,dNm
42278_Q1,Massedruck_1,48.25,bar
42278_Q2,Massedruck_1,36.8,bar
42278_Q3,Massedruck_1,30.35,bar
42278_Q4,Massedruck_1,39.25,bar
42278_Q5,Massedruck_1,45.25,bar
42278_Q6,Massedruck_1,31.25,bar
42278_Q1,Massedruck_2,39.4,bar
42278_Q2,Massedruck_2,39.7,bar
42278_Q3,Massedruck_2,33.5,bar
42278_Q4,Massedruck_2,43.45,bar
42278_Q5,Massedruck_2,47.6,bar
42278_Q6,Massedruck_2,33.4,bar
42278_Q1,Massedruck_3,40.7,bar
42278_Q2,Massedruck_3,42.2,bar
42278_Q3,Massedruck_3,35.65,bar
42278_Q4,Massedruck_3,45.35,bar
42278_Q5,Massedruck_3,49.65,bar
42278_Q6,Massedruck_3,33.3,bar
42278_Q1,Quellung Hausmethode K10_1,35.24,percent
42278_Q2,Quellung Hausmethode K10_1,36.6,percent
42278_Q3,Quellung Hausmethode K10_1,23.64,percent
42278_Q4,Quellung Hausmethode K10_1,32.0,percent
42278_Q5,Quellung Hausmethode K10_1,33.39,percent
42278_Q6,Quellung Hausmethode K10_1,23.85,percent
42278_Q1,Quellung Hausmethode K10_2,36.41,percent
42278_Q2,Quellung Hausmethode K10_2,38.52,percent
42278_Q3,Quellung Hausmethode K10_2,28.86,percent
42278_Q4,Quellung Hausmethode K10_2,34.77,percent
42278_Q5,Quellung Hausmethode K10_2,32.2,percent
42278_Q6,Quellung Hausmethode K10_2,28.03,percent
42278_Q1,Quellung Hausmethode K10_3,36.41,percent
42278_Q2,Quellung Hausmethode K10_3,38.71,percent
42278_Q3,Quellung Hausmethode K10_3,31.29,percent
42278_Q4,Quellung Hausmethode K10_3,34.18,percent
42278_Q5,Quellung Hausmethode K10_3,30.18,percent
42278_Q6,Quellung Hausmethode K10_3,30.28,percent
42278_Q1,Masse pro Messzeit_1,9.9,g
42278_Q2,Masse pro Messzeit_1,9.56,g
42278_Q3,Masse pro Messzeit_1,11.24,g
42278_Q4,Masse pro Messzeit_1,9.16,g
42278_Q5,Masse pro Messzeit_1,8.24,g
42278_Q6,Masse pro Messzeit_1,11.3,g
42278_Q1,Masse pro Messzeit_2,17.36,g
42278_Q2,Masse pro Messzeit_2,16.58,g
42278_Q3,Masse pro Messzeit_2,19.0,g
42278_Q4,Masse pro Messzeit_2,16.3,g
42278_Q5,Masse pro Messzeit_2,14.88,g
42278_Q6,Masse pro Messzeit_2,18.76,g
42278_Q1,Masse pro Messzeit_3,24.5,g
42278_Q2,Masse pro Messzeit_3,24.2,g
42278_Q3,Masse pro Messzeit_3,24.78,g
42278_Q4,Masse pro Messzeit_3,23.24,g
42278_Q5,Masse pro Messzeit_3,21.6,g
42278_Q6,Masse pro Messzeit_3,26.92,g
42278_Q1,Hardness_mean_value,64.3,Shore A
42278_Q2,Hardness_mean_value,65.67,Shore A
42278_Q3,Hardness_mean_value,65.0,Shore A
42278_Q4,Hardness_mean_value,67.83,Shore A
42278_Q5,Hardness_mean_value,66.3,Shore A
42278_Q6,Hardness_mean_value,64.93,Shore A
42278_Q1,Rebound_mean_value_1,38.6,percent
42278_Q2,Rebound_mean_value_1,36.93,percent
42278_Q3,Rebound_mean_value_1,40.13,percent
42278_Q4,Rebound_mean_value_1,36.0,percent
42278_Q5,Rebound_mean_value_1,35.67,percent
42278_Q6,Rebound_mean_value_1,39.6,percent
42278_Q1,Rebound_mean_value_2,58.5,percent
42278_Q2,Rebound_mean_value_2,58.0,percent
42278_Q3,Rebound_mean_value_2,59.5,percent
42278_Q4,Rebound_mean_value_2,57.5,percent
42278_Q5,Rebound_mean_value_2,58.5,percent
42278_Q6,Rebound_mean_value_2,58.5,percent
42278_Q1,S50,1.5,MPa
42278_Q2,S50,1.6,MPa
42278_Q3,S50,1.5,MPa
42278_Q4,S50,1.6,MPa
42278_Q5,S50,1.5,MPa
42278_Q6,S50,1.5,MPa
42278_Q1,S100,2.9,MPa
42278_Q2,S100,3.0,MPa
42278_Q3,S100,2.8,MPa
42278_Q4,S100,2.9,MPa
42278_Q5,S100,2.7,MPa
42278_Q6,S100,2.8,MPa
42278_Q1,S300,15.5,MPa
42278_Q2,S300,15.8,MPa
42278_Q3,S300,14.8,MPa
42278_Q4,S300,15.1,MPa
42278_Q5,S300,16.2,MPa
42278_Q6,S300,14.2,MPa
42278_Q1,D Median,362.0,percent
42278_Q2,D Median,376.0,percent
42278_Q3,D Median,387.0,percent
42278_Q4,D Median,385.0,percent
42278_Q5,D Median,368.0,percent
42278_Q6,D Median,371.0,percent
42278_Q1,F Median,20.0,MPa
42278_Q2,F Median,21.2,MPa
42278_Q3,F Median,20.9,MPa
42278_Q4,F Median,21.2,MPa
42278_Q5,F Median,21.6,MPa
42278_Q6,F Median,19.1,MPa
42278_Q1,E_dash_0_degree_celcius,28.08,MPa
42278_Q2,E_dash_0_degree_celcius,32.71,MPa
42278_Q3,E_dash_0_degree_celcius,23.77,MPa
42278_Q4,E_dash_0_degree_celcius,40.19,MPa
42278_Q5,E_dash_0_degree_celcius,32.38,MPa
42278_Q6,E_dash_0_degree_celcius,28.69,MPa
42278_Q1,E_double_dash_0_degree_celcius,8.54,MPa
42278_Q2,E_double_dash_0_degree_celcius,9.32,MPa
42278_Q3,E_double_dash_0_degree_celcius,7.19,MPa
42278_Q4,E_double_dash_0_degree_celcius,10.84,MPa
42278_Q5,E_double_dash_0_degree_celcius,10.23,MPa
42278_Q6,E_double_dash_0_degree_celcius,8.45,MPa
42278_Q1,E_dash_23_degree_celcius,15.15,MPa
42278_Q2,E_dash_23_degree_celcius,17.75,MPa
42278_Q3,E_dash_23_degree_celcius,13.03,MPa
42278_Q4,E_dash_23_degree_celcius,22.56,MPa
42278_Q5,E_dash_23_degree_celcius,16.74,MPa
42278_Q6,E_dash_23_degree_celcius,15.85,MPa
42278_Q1,E_double_dash_23_degree_celcius,2.55,MPa
42278_Q2,E_double_dash_23_degree_celcius,2.98,MPa
42278_Q3,E_double_dash_23_degree_celcius,2.07,MPa
42278_Q4,E_double_dash_23_degree_celcius,3.72,MPa
42278_Q5,E_double_dash_23_degree_celcius,2.81,MPa
42278_Q6,E_double_dash_23_degree_celcius,2.62,MPa
42278_Q1,E_dash_60_degree_celcius,9.61,MPa
42278_Q2,E_dash_60_degree_celcius,11.09,MPa
42278_Q3,E_dash_60_degree_celcius,8.46,MPa
42278_Q4,E_dash_60_degree_celcius,14.38,MPa
42278_Q5,E_dash_60_degree_celcius,10.58,MPa
42278_Q6,E_dash_60_degree_celcius,10.09,MPa
42278_Q1,E_double_dash_60_degree_celcius,0.88,MPa
42278_Q2,E_double_dash_60_degree_celcius,1.06,MPa
42278_Q3,E_double_dash_60_degree_celcius,0.72,MPa
42278_Q4,E_double_dash_60_degree_celcius,1.39,MPa
42278_Q5,E_double_dash_60_degree_celcius,0.88,MPa
42278_Q6,E_double_dash_60_degree_celcius,0.93,MPa
42278_Q1,tand d max,0.594,
42278_Q2,tand d max,0.564,
42278_Q3,tand d max,0.617,
42278_Q4,tand d max,0.553,
42278_Q5,tand d max,0.565,
42278_Q6,tand d max,0.592,
42278_Q1,Temperatur tan d max,-23.2,[°C]
42278_Q2,Temperatur tan d max,-24.2,[°C]
42278_Q3,Temperatur tan d max,-23.2,[°C]
42278_Q4,Temperatur tan d max,-24.3,[°C]
42278_Q5,Temperatur tan d max,-20.3,[°C]
42278_Q6,Temperatur tan d max,-23.3,[°C]
42278_Q1,ElasticModulus_G_dash_zero_point_five_percent_1_Messung,3.24,MPa
42278_Q2,ElasticModulus_G_dash_zero_point_five_percent_1_Messung,3.34,MPa
42278_Q3,ElasticModulus_G_dash_zero_point_five_percent_1_Messung,3.29,MPa
42278_Q4,ElasticModulus_G_dash_zero_point_five_percent_1_Messung,4.15,MPa
42278_Q5,ElasticModulus_G_dash_zero_point_five_percent_1_Messung,3.02,MPa
42278_Q6,ElasticModulus_G_dash_zero_point_five_percent_1_Messung,3.28,MPa
42278_Q1,ElasticModulus_G_dash_15_percent_1_Messung,1.44,MPa
42278_Q2,ElasticModulus_G_dash_15_percent_1_Messung,1.44,MPa
42278_Q3,ElasticModulus_G_dash_15_percent_1_Messung,1.45,MPa
42278_Q4,ElasticModulus_G_dash_15_percent_1_Messung,1.6,MPa
42278_Q5,ElasticModulus_G_dash_15_percent_1_Messung,1.38,MPa
42278_Q6,ElasticModulus_G_dash_15_percent_1_Messung,1.46,MPa
42278_Q1,tan_d_7_percent_1_Messung,0.165,MPa
42278_Q2,tan_d_7_percent_1_Messung,0.168,MPa
42278_Q3,tan_d_7_percent_1_Messung,0.167,MPa
42278_Q4,tan_d_7_percent_1_Messung,0.172,MPa
42278_Q5,tan_d_7_percent_1_Messung,0.151,MPa
42278_Q6,tan_d_7_percent_1_Messung,0.168,MPa
42278_Q1,LossModulus_Gdouble_dash(max),0.37,MPa
42278_Q2,LossModulus_Gdouble_dash(max),0.39,MPa
42278_Q3,LossModulus_Gdouble_dash(max),0.39,MPa
42278_Q4,LossModulus_Gdouble_dash(max),0.48,MPa
42278_Q5,LossModulus_Gdouble_dash(max),0.32,MPa
42278_Q6,LossModulus_Gdouble_dash(max),0.39,MPa
42777_Q1,ML 1+1,76.64,ME
42777_Q2,ML 1+1,118.15,ME
42777_Q3,ML 1+1,113.59,ME
42777_Q4,ML 1+1,109.41,ME
42777_Q5,ML 1+1,76.93,ME
42777_Q6,ML 1+1,106.97,ME
42777_Q7,ML 1+1,92.31,ME
42777_Q8,ML 1+1,107.16,ME
42777_Q1,ML 1+4,68.48,ME
42777_Q2,ML 1+4,93.69,ME
42777_Q3,ML 1+4,91.45,ME
42777_Q4,ML 1+4,88.23,ME
42777_Q5,ML 1+4,68.45,ME
42777_Q6,ML 1+4,88.74,ME
42777_Q7,ML 1+4,79.14,ME
42777_Q8,ML 1+4,88.51,ME
42777_Q1,MSR,0.441,log(ME)/log(s)
42777_Q2,MSR,0.302,log(ME)/log(s)
42777_Q3,MSR,0.312,log(ME)/log(s)
42777_Q4,MSR,0.321,log(ME)/log(s)
42777_Q5,MSR,0.438,log(ME)/log(s)
42777_Q6,MSR,0.341,log(ME)/log(s)
42777_Q7,MSR,0.369,log(ME)/log(s)
42777_Q8,MSR,0.316,log(ME)/log(s)
42777_Q1,Umsatzzeit 90percent,1142.34,[sec]
42777_Q2,Umsatzzeit 90percent,1119.06,[sec]
42777_Q3,Umsatzzeit 90percent,1153.68,[sec]
42777_Q4,Umsatzzeit 90percent,1150.62,[sec]
42777_Q5,Umsatzzeit 90percent,1115.36,[sec]
42777_Q6,Umsatzzeit 90percent,1133.13,[sec]
42777_Q7,Umsatzzeit 90percent,1151.39,[sec]
42777_Q8,Umsatzzeit 90percent,1107.06,[sec]
42777_Q1,S_dash bei 90percent Umsatz,18.95,dNm
42777_Q2,S_dash bei 90percent Umsatz,18.53,dNm
42777_Q3,S_dash bei 90percent Umsatz,18.59,dNm
42777_Q4,S_dash bei 90percent Umsatz,18.11,dNm
42777_Q5,S_dash bei 90percent Umsatz,18.99,dNm
42777_Q6,S_dash bei 90percent Umsatz,18.56,dNm
42777_Q7,S_dash bei 90percent Umsatz,17.63,dNm
42777_Q8,S_dash bei 90percent Umsatz,18.29,dNm
42777_Q1,Massedruck_1,36.5,bar
42777_Q2,Massedruck_1,44.2,bar
42777_Q3,Massedruck_1,44.05,bar
42777_Q4,Massedruck_1,43.1,bar
42777_Q5,Massedruck_1,36.45,bar
42777_Q6,Massedruck_1,43.2,bar
42777_Q7,Massedruck_1,39.6,bar
42777_Q8,Massedruck_1,44.6,bar
42777_Q1,Massedruck_2,46.15,bar
42777_Q2,Massedruck_2,52.2,bar
42777_Q3,Massedruck_2,52.65,bar
42777_Q4,Massedruck_2,50.45,bar
42777_Q5,Massedruck_2,45.9,bar
42777_Q6,Massedruck_2,51.55,bar
42777_Q7,Massedruck_2,47.25,bar
42777_Q8,Massedruck_2,52.55,bar
42777_Q1,Quellung Hausmethode K10_1,47.3,percent
42777_Q2,Quellung Hausmethode K10_1,36.59,percent
42777_Q3,Quellung Hausmethode K10_1,35.82,percent
42777_Q4,Quellung Hausmethode K10_1,36.97,percent
42777_Q5,Quellung Hausmethode K10_1,44.97,percent
42777_Q6,Quellung Hausmethode K10_1,31.11,percent
42777_Q7,Quellung Hausmethode K10_1,36.59,percent
42777_Q8,Quellung Hausmethode K10_1,35.43,percent
42777_Q1,Quellung Hausmethode K10_2,40.37,percent
42777_Q2,Quellung Hausmethode K10_2,30.71,percent
42777_Q3,Quellung Hausmethode K10_2,30.51,percent
42777_Q4,Quellung Hausmethode K10_2,29.9,percent
42777_Q5,Quellung Hausmethode K10_2,38.31,percent
42777_Q6,Quellung Hausmethode K10_2,27.46,percent
42777_Q7,Quellung Hausmethode K10_2,33.29,percent
42777_Q8,Quellung Hausmethode K10_2,31.31,percent
42777_Q1,Masse pro Messzeit_1,8.94,g
42777_Q2,Masse pro Messzeit_1,7.86,g
42777_Q3,Masse pro Messzeit_1,7.96,g
42777_Q4,Masse pro Messzeit_1,8.18,g
42777_Q5,Masse pro Messzeit_1,9.32,g
42777_Q6,Masse pro Messzeit_1,7.66,g
42777_Q7,Masse pro Messzeit_1,8.78,g
42777_Q8,Masse pro Messzeit_1,8.12,g
42777_Q1,Masse pro Messzeit_2,33.1,g
42777_Q2,Masse pro Messzeit_2,28.86,g
42777_Q3,Masse pro Messzeit_2,29.04,g
42777_Q4,Masse pro Messzeit_2,29.2,g
42777_Q5,Masse pro Messzeit_2,33.44,g
42777_Q6,Masse pro Messzeit_2,27.98,g
42777_Q7,Masse pro Messzeit_2,31.92,g
42777_Q8,Masse pro Messzeit_2,29.74,g
42777_Q1,Hardness_mean_value,65.9,Shore A
42777_Q2,Hardness_mean_value,64.2,Shore A
42777_Q3,Hardness_mean_value,64.9,Shore A
42777_Q4,Hardness_mean_value,63.63,Shore A
42777_Q5,Hardness_mean_value,66.13,Shore A
42777_Q6,Hardness_mean_value,64.53,Shore A
42777_Q7,Hardness_mean_value,64.07,Shore A
42777_Q8,Hardness_mean_value,64.5,Shore A
42777_Q1,Rebound_mean_value_1,37.87,percent
42777_Q2,Rebound_mean_value_1,40.53,percent
42777_Q3,Rebound_mean_value_1,41.13,percent
42777_Q4,Rebound_mean_value_1,40.8,percent
42777_Q5,Rebound_mean_value_1,37.4,percent
42777_Q6,Rebound_mean_value_1,42.0,percent
42777_Q7,Rebound_mean_value_1,41.67,percent
42777_Q8,Rebound_mean_value_1,41.87,percent
42777_Q1,Rebound_mean_value_2,53.5,percent
42777_Q2,Rebound_mean_value_2,58.5,percent
42777_Q3,Rebound_mean_value_2,59.5,percent
42777_Q4,Rebound_mean_value_2,59.5,percent
42777_Q5,Rebound_mean_value_2,55.0,percent
42777_Q6,Rebound_mean_value_2,60.0,percent
42777_Q7,Rebound_mean_value_2,60.0,percent
42777_Q8,Rebound_mean_value_2,58.5,percent
42777_Q1,Rebound_mean_value_3,58.0,percent
42777_Q2,Rebound_mean_value_3,60.5,percent
42777_Q3,Rebound_mean_value_3,60.5,percent
42777_Q4,Rebound_mean_value_3,62.0,percent
42777_Q5,Rebound_mean_value_3,57.5,percent
42777_Q6,Rebound_mean_value_3,62.5,percent
42777_Q7,Rebound_mean_value_3,61.5,percent
42777_Q8,Rebound_mean_value_3,61.5,percent
42777_Q1,S50,1.6,MPa
42777_Q2,S50,1.5,MPa
42777_Q3,S50,1.6,MPa
42777_Q4,S50,1.6,MPa
42777_Q5,S50,1.6,MPa
42777_Q6,S50,1.6,MPa
42777_Q7,S50,1.5,MPa
42777_Q8,S50,1.6,MPa
42777_Q1,S100,2.8,MPa
42777_Q2,S100,2.7,MPa
42777_Q3,S100,3.0,MPa
42777_Q4,S100,2.8,MPa
42777_Q5,S100,2.7,MPa
42777_Q6,S100,2.9,MPa
42777_Q7,S100,2.8,MPa
42777_Q8,S100,2.9,MPa
42777_Q1,S300,14.6,MPa
42777_Q2,S300,15.9,MPa
42777_Q3,S300,16.9,MPa
42777_Q4,S300,16.3,MPa
42777_Q5,S300,14.0,MPa
42777_Q6,S300,16.0,MPa
42777_Q7,S300,15.8,MPa
42777_Q8,S300,16.2,MPa
42777_Q1,D Median,412.0,percent
42777_Q2,D Median,411.0,percent
42777_Q3,D Median,405.0,percent
42777_Q4,D Median,395.0,percent
42777_Q5,D Median,432.0,percent
42777_Q6,D Median,419.0,percent
42777_Q7,D Median,415.0,percent
42777_Q8,D Median,417.0,percent
42777_Q1,F Median,22.5,MPa
42777_Q2,F Median,24.6,MPa
42777_Q3,F Median,25.5,MPa
42777_Q4,F Median,24.2,MPa
42777_Q5,F Median,22.6,MPa
42777_Q6,F Median,25.2,MPa
42777_Q7,F Median,24.5,MPa
42777_Q8,F Median,25.5,MPa
42777_Q1,E_dash_0_degree_celcius,46.93,MPa
42777_Q2,E_dash_0_degree_celcius,31.3,MPa
42777_Q3,E_dash_0_degree_celcius,35.15,MPa
42777_Q4,E_dash_0_degree_celcius,32.44,MPa
42777_Q5,E_dash_0_degree_celcius,49.88,MPa
42777_Q6,E_dash_0_degree_celcius,36.55,MPa
42777_Q7,E_dash_0_degree_celcius,34.8,MPa
42777_Q8,E_dash_0_degree_celcius,29.32,MPa
42777_Q1,E_double_dash_0_degree_celcius,10.98,MPa
42777_Q2,E_double_dash_0_degree_celcius,8.01,MPa
42777_Q3,E_double_dash_0_degree_celcius,9.02,MPa
42777_Q4,E_double_dash_0_degree_celcius,8.52,MPa
42777_Q5,E_double_dash_0_degree_celcius,11.61,MPa
42777_Q6,E_double_dash_0_degree_celcius,8.87,MPa
42777_Q7,E_double_dash_0_degree_celcius,9.27,MPa
42777_Q8,E_double_dash_0_degree_celcius,7.61,MPa
42777_Q1,E_dash_23_degree_celcius,26.43,MPa
42777_Q2,E_dash_23_degree_celcius,17.51,MPa
42777_Q3,E_dash_23_degree_celcius,20.05,MPa
42777_Q4,E_dash_23_degree_celcius,18.63,MPa
42777_Q5,E_dash_23_degree_celcius,29.24,MPa
42777_Q6,E_dash_23_degree_celcius,21.04,MPa
42777_Q7,E_dash_23_degree_celcius,19.87,MPa
42777_Q8,E_dash_23_degree_celcius,17.22,MPa
42777_Q1,E_double_dash_23_degree_celcius,4.3,MPa
42777_Q2,E_double_dash_23_degree_celcius,2.72,MPa
42777_Q3,E_double_dash_23_degree_celcius,3.31,MPa
42777_Q4,E_double_dash_23_degree_celcius,3.05,MPa
42777_Q5,E_double_dash_23_degree_celcius,4.88,MPa
42777_Q6,E_double_dash_23_degree_celcius,3.35,MPa
42777_Q7,E_double_dash_23_degree_celcius,3.34,MPa
42777_Q8,E_double_dash_23_degree_celcius,2.86,MPa
42777_Q1,E_dash_60_degree_celcius,15.56,MPa
42777_Q2,E_dash_60_degree_celcius,10.74,MPa
42777_Q3,E_dash_60_degree_celcius,12.2,MPa
42777_Q4,E_dash_60_degree_celcius,11.32,MPa
42777_Q5,E_dash_60_degree_celcius,17.5,MPa
42777_Q6,E_dash_60_degree_celcius,12.92,MPa
42777_Q7,E_dash_60_degree_celcius,12.08,MPa
42777_Q8,E_dash_60_degree_celcius,10.52,MPa
42777_Q1,E_double_dash_60_degree_celcius,1.78,MPa
42777_Q2,E_double_dash_60_degree_celcius,1.01,MPa
42777_Q3,E_double_dash_60_degree_celcius,1.28,MPa
42777_Q4,E_double_dash_60_degree_celcius,1.11,MPa
42777_Q5,E_double_dash_60_degree_celcius,2.09,MPa
42777_Q6,E_double_dash_60_degree_celcius,1.28,MPa
42777_Q7,E_double_dash_60_degree_celcius,1.21,MPa
42777_Q8,E_double_dash_60_degree_celcius,1.06,MPa
42777_Q1,tand d max,0.53,
42777_Q2,tand d max,0.63,
42777_Q3,tand d max,0.614,
42777_Q4,tand d max,0.638,
42777_Q5,tand d max,0.517,
42777_Q6,tand d max,0.581,
42777_Q7,tand d max,0.608,
42777_Q8,tand d max,0.629,
42777_Q1,Temperatur tan d max,-27.2,[°C]
42777_Q2,Temperatur tan d max,-29.2,[°C]
42777_Q3,Temperatur tan d max,-28.3,[°C]
42777_Q4,Temperatur tan d max,-29.4,[°C]
42777_Q5,Temperatur tan d max,-29.2,[°C]
42777_Q6,Temperatur tan d max,-29.3,[°C]
42777_Q7,Temperatur tan d max,-28.1,[°C]
42777_Q8,Temperatur tan d max,-29.3,[°C]
42777_Q1,ElasticModulus_G_dash_zero_point_five_percent_1_Messung,4.22,MPa
42777_Q2,ElasticModulus_G_dash_zero_point_five_percent_1_Messung,3.09,MPa
42777_Q3,ElasticModulus_G_dash_zero_point_five_percent_1_Messung,3.64,MPa
42777_Q4,ElasticModulus_G_dash_zero_point_five_percent_1_Messung,3.38,MPa
42777_Q5,ElasticModulus_G_dash_zero_point_five_percent_1_Messung,4.34,MPa
42777_Q6,ElasticModulus_G_dash_zero_point_five_percent_1_Messung,3.39,MPa
42777_Q7,ElasticModulus_G_dash_zero_point_five_percent_1_Messung,3.41,MPa
42777_Q8,ElasticModulus_G_dash_zero_point_five_percent_1_Messung,3.67,MPa
42777_Q1,ElasticModulus_G_dash_15_percent_1_Messung,1.57,MPa
42777_Q2,ElasticModulus_G_dash_15_percent_1_Messung,1.38,MPa
42777_Q3,ElasticModulus_G_dash_15_percent_1_Messung,1.51,MPa
42777_Q4,ElasticModulus_G_dash_15_percent_1_Messung,1.46,MPa
42777_Q5,ElasticModulus_G_dash_15_percent_1_Messung,1.56,MPa
42777_Q6,ElasticModulus_G_dash_15_percent_1_Messung,1.47,MPa
42777_Q7,ElasticModulus_G_dash_15_percent_1_Messung,1.48,MPa
42777_Q8,ElasticModulus_G_dash_15_percent_1_Messung,1.51,MPa
42777_Q1,tan_d_7_percent_1_Messung,0.189,MPa
42777_Q2,tan_d_7_percent_1_Messung,0.162,MPa
42777_Q3,tan_d_7_percent_1_Messung,0.171,MPa
42777_Q4,tan_d_7_percent_1_Messung,0.172,MPa
42777_Q5,tan_d_7_percent_1_Messung,0.189,MPa
42777_Q6,tan_d_7_percent_1_Messung,0.159,MPa
42777_Q7,tan_d_7_percent_1_Messung,0.174,MPa
42777_Q8,tan_d_7_percent_1_Messung,0.18,MPa
42777_Q1,LossModulus_Gdouble_dash(max),0.56,MPa
42777_Q2,LossModulus_Gdouble_dash(max),0.36,MPa
42777_Q3,LossModulus_Gdouble_dash(max),0.44,MPa
42777_Q4,LossModulus_Gdouble_dash(max),0.4,MPa
42777_Q5,LossModulus_Gdouble_dash(max),0.57,MPa
42777_Q6,LossModulus_Gdouble_dash(max),0.38,MPa
42777_Q7,LossModulus_Gdouble_dash(max),0.42,MPa
42777_Q8,LossModulus_Gdouble_dash(max),0.46,MPa
42866_Q1,ML 1+1,59.81,ME
42866_Q2,ML 1+1,77.89,ME
42866_Q3,ML 1+1,67.52,ME
42866_Q4,ML 1+1,70.61,ME
42866_Q5,ML 1+1,59.57,ME
42866_Q6,ML 1+1,69.59,ME
42866_Q7,ML 1+1,77.28,ME
42866_Q8,ML 1+1,69.09,ME
42866_Q1,ML 1+4,51.11,ME
42866_Q2,ML 1+4,65.01,ME
42866_Q3,ML 1+4,58.87,ME
42866_Q4,ML 1+4,62.53,ME
42866_Q5,ML 1+4,51.25,ME
42866_Q6,ML 1+4,60.96,ME
42866_Q7,ML 1+4,64.56,ME
42866_Q8,ML 1+4,60.91,ME
42866_Q1,MSR,0.552,log(ME)/log(s)
42866_Q2,MSR,0.436,log(ME)/log(s)
42866_Q3,MSR,0.481,log(ME)/log(s)
42866_Q4,MSR,0.434,log(ME)/log(s)
42866_Q5,MSR,0.533,log(ME)/log(s)
42866_Q6,MSR,0.478,log(ME)/log(s)
42866_Q7,MSR,0.436,log(ME)/log(s)
42866_Q8,MSR,0.442,log(ME)/log(s)
42866_Q1,Umsatzzeit 90percent,881.22,[sec]
42866_Q2,Umsatzzeit 90percent,793.08,[sec]
42866_Q3,Umsatzzeit 90percent,886.44,[sec]
42866_Q4,Umsatzzeit 90percent,881.1,[sec]
42866_Q5,Umsatzzeit 90percent,876.24,[sec]
42866_Q6,Umsatzzeit 90percent,916.74,[sec]
42866_Q7,Umsatzzeit 90percent,870.66,[sec]
42866_Q8,Umsatzzeit 90percent,880.8,[sec]
42866_Q1,S_dash bei 90percent Umsatz,19.41,dNm
42866_Q2,S_dash bei 90percent Umsatz,17.57,dNm
42866_Q3,S_dash bei 90percent Umsatz,17.58,dNm
42866_Q4,S_dash bei 90percent Umsatz,17.32,dNm
42866_Q5,S_dash bei 90percent Umsatz,18.86,dNm
42866_Q6,S_dash bei 90percent Umsatz,17.78,dNm
42866_Q7,S_dash bei 90percent Umsatz,17.41,dNm
42866_Q8,S_dash bei 90percent Umsatz,17.24,dNm
42866_Q1,Massedruck_1,27.9,bar
42866_Q2,Massedruck_1,31.2,bar
42866_Q3,Massedruck_1,30.25,bar
42866_Q4,Massedruck_1,32.5,bar
42866_Q5,Massedruck_1,28.05,bar
42866_Q6,Massedruck_1,31.5,bar
42866_Q7,Massedruck_1,31.5,bar
42866_Q8,Massedruck_1,31.4,bar
42866_Q1,Massedruck_2,37.15,bar
42866_Q2,Massedruck_2,40.15,bar
42866_Q3,Massedruck_2,39.55,bar
42866_Q4,Massedruck_2,40.4,bar
42866_Q5,Massedruck_2,37.05,bar
42866_Q6,Massedruck_2,40.1,bar
42866_Q7,Massedruck_2,39.9,bar
42866_Q8,Massedruck_2,40.55,bar
42866_Q1,Quellung Hausmethode K10_1,36.02,percent
42866_Q2,Quellung Hausmethode K10_1,33.48,percent
42866_Q3,Quellung Hausmethode K10_1,35.83,percent
42866_Q4,Quellung Hausmethode K10_1,33.48,percent
42866_Q5,Quellung Hausmethode K10_1,36.79,percent
42866_Q6,Quellung Hausmethode K10_1,37.18,percent
42866_Q7,Quellung Hausmethode K10_1,33.48,percent
42866_Q8,Quellung Hausmethode K10_1,35.83,percent
42866_Q1,Quellung Hausmethode K10_2,33.48,percent
42866_Q2,Quellung Hausmethode K10_2,32.68,percent
42866_Q3,Quellung Hausmethode K10_2,35.83,percent
42866_Q4,Quellung Hausmethode K10_2,32.88,percent
42866_Q5,Quellung Hausmethode K10_2,31.89,percent
42866_Q6,Quellung Hausmethode K10_2,36.6,percent
42866_Q7,Quellung Hausmethode K10_2,35.44,percent
42866_Q8,Quellung Hausmethode K10_2,34.85,percent
42866_Q1,Masse pro Messzeit_1,10.52,g
42866_Q2,Masse pro Messzeit_1,9.02,g
42866_Q3,Masse pro Messzeit_1,9.4,g
42866_Q4,Masse pro Messzeit_1,7.84,g
42866_Q5,Masse pro Messzeit_1,10.5,g
42866_Q6,Masse pro Messzeit_1,9.32,g
42866_Q7,Masse pro Messzeit_1,9.68,g
42866_Q8,Masse pro Messzeit_1,8.96,g
42866_Q1,Masse pro Messzeit_2,36.06,g
42866_Q2,Masse pro Messzeit_2,33.68,g
42866_Q3,Masse pro Messzeit_2,33.58,g
42866_Q4,Masse pro Messzeit_2,33.56,g
42866_Q5,Masse pro Messzeit_2,36.36,g
42866_Q6,Masse pro Messzeit_2,34.18,g
42866_Q7,Masse pro Messzeit_2,35.16,g
42866_Q8,Masse pro Messzeit_2,34.06,g
42866_Q1,Hardness_mean_value,66.0,Shore A
42866_Q2,Hardness_mean_value,63.37,Shore A
42866_Q3,Hardness_mean_value,63.57,Shore A
42866_Q4,Hardness_mean_value,63.23,Shore A
42866_Q5,Hardness_mean_value,66.77,Shore A
42866_Q6,Hardness_mean_value,63.17,Shore A
42866_Q7,Hardness_mean_value,63.5,Shore A
42866_Q8,Hardness_mean_value,62.87,Shore A
42866_Q1,Rebound_mean_value_1,37.4,percent
42866_Q2,Rebound_mean_value_1,39.67,percent
42866_Q3,Rebound_mean_value_1,39.47,percent
42866_Q4,Rebound_mean_value_1,41.27,percent
42866_Q5,Rebound_mean_value_1,38.07,percent
42866_Q6,Rebound_mean_value_1,39.33,percent
42866_Q7,Rebound_mean_value_1,39.4,percent
42866_Q8,Rebound_mean_value_1,39.6,percent
42866_Q1,Rebound_mean_value_2,54.5,percent
42866_Q2,Rebound_mean_value_2,58.5,percent
42866_Q3,Rebound_mean_value_2,59.0,percent
42866_Q4,Rebound_mean_value_2,61.5,percent
42866_Q5,Rebound_mean_value_2,58.5,percent
42866_Q6,Rebound_mean_value_2,57.5,percent
42866_Q7,Rebound_mean_value_2,58.5,percent
42866_Q8,Rebound_mean_value_2,56.5,percent
42866_Q1,Rebound_mean_value_3,56.5,percent
42866_Q2,Rebound_mean_value_3,63.5,percent
42866_Q3,Rebound_mean_value_3,61.5,percent
42866_Q4,Rebound_mean_value_3,63.5,percent
42866_Q5,Rebound_mean_value_3,57.5,percent
42866_Q6,Rebound_mean_value_3,61.5,percent
42866_Q7,Rebound_mean_value_3,62.5,percent
42866_Q8,Rebound_mean_value_3,63.5,percent
42866_Q1,S50,1.6,MPa
42866_Q2,S50,1.4,MPa
42866_Q3,S50,1.4,MPa
42866_Q4,S50,1.4,MPa
42866_Q5,S50,1.4,MPa
42866_Q6,S50,1.4,MPa
42866_Q7,S50,1.4,MPa
42866_Q8,S50,1.5,MPa
42866_Q1,S100,2.7,MPa
42866_Q2,S100,2.5,MPa
42866_Q3,S100,2.6,MPa
42866_Q4,S100,2.6,MPa
42866_Q5,S100,2.6,MPa
42866_Q6,S100,2.6,MPa
42866_Q7,S100,2.5,MPa
42866_Q8,S100,2.8,MPa
42866_Q1,S300,12.3,MPa
42866_Q2,S300,13.2,MPa
42866_Q3,S300,13.4,MPa
42866_Q4,S300,13.6,MPa
42866_Q5,S300,13.3,MPa
42866_Q6,S300,12.7,MPa
42866_Q7,S300,12.9,MPa
42866_Q8,S300,12.8,MPa
42866_Q1,D Median,411.0,percent
42866_Q2,D Median,426.0,percent
42866_Q3,D Median,381.0,percent
42866_Q4,D Median,401.0,percent
42866_Q5,D Median,429.0,percent
42866_Q6,D Median,410.0,percent
42866_Q7,D Median,390.0,percent
42866_Q8,D Median,396.0,percent
42866_Q1,F Median,18.8,MPa
42866_Q2,F Median,21.3,MPa
42866_Q3,F Median,18.5,MPa
42866_Q4,F Median,20.6,MPa
42866_Q5,F Median,21.4,MPa
42866_Q6,F Median,19.5,MPa
42866_Q7,F Median,18.7,MPa
42866_Q8,F Median,18.9,MPa
42866_Q1,E_dash_0_degree_celcius,46.1,MPa
42866_Q2,E_dash_0_degree_celcius,24.9,MPa
42866_Q3,E_dash_0_degree_celcius,32.07,MPa
42866_Q4,E_dash_0_degree_celcius,23.34,MPa
42866_Q5,E_dash_0_degree_celcius,46.96,MPa
42866_Q6,E_dash_0_degree_celcius,30.78,MPa
42866_Q7,E_dash_0_degree_celcius,27.69,MPa
42866_Q8,E_dash_0_degree_celcius,30.59,MPa
42866_Q1,E_double_dash_0_degree_celcius,10.24,MPa
42866_Q2,E_double_dash_0_degree_celcius,6.7,MPa
42866_Q3,E_double_dash_0_degree_celcius,8.27,MPa
42866_Q4,E_double_dash_0_degree_celcius,6.4,MPa
42866_Q5,E_double_dash_0_degree_celcius,10.17,MPa
42866_Q6,E_double_dash_0_degree_celcius,7.72,MPa
42866_Q7,E_double_dash_0_degree_celcius,7.46,MPa
42866_Q8,E_double_dash_0_degree_celcius,7.85,MPa
42866_Q1,E_dash_23_degree_celcius,28.66,MPa
42866_Q2,E_dash_23_degree_celcius,14.22,MPa
42866_Q3,E_dash_23_degree_celcius,18.68,MPa
42866_Q4,E_dash_23_degree_celcius,13.67,MPa
42866_Q5,E_dash_23_degree_celcius,29.13,MPa
42866_Q6,E_dash_23_degree_celcius,18.06,MPa
42866_Q7,E_dash_23_degree_celcius,16.13,MPa
42866_Q8,E_dash_23_degree_celcius,17.91,MPa
42866_Q1,E_double_dash_23_degree_celcius,4.71,MPa
42866_Q2,E_double_dash_23_degree_celcius,2.2,MPa
42866_Q3,E_double_dash_23_degree_celcius,3.0,MPa
42866_Q4,E_double_dash_23_degree_celcius,2.08,MPa
42866_Q5,E_double_dash_23_degree_celcius,4.64,MPa
42866_Q6,E_double_dash_23_degree_celcius,2.85,MPa
42866_Q7,E_double_dash_23_degree_celcius,2.53,MPa
42866_Q8,E_double_dash_23_degree_celcius,2.84,MPa
42866_Q1,E_dash_60_degree_celcius,17.76,MPa
42866_Q2,E_dash_60_degree_celcius,8.96,MPa
42866_Q3,E_dash_60_degree_celcius,11.67,MPa
42866_Q4,E_dash_60_degree_celcius,8.84,MPa
42866_Q5,E_dash_60_degree_celcius,17.42,MPa
42866_Q6,E_dash_60_degree_celcius,11.29,MPa
42866_Q7,E_dash_60_degree_celcius,10.14,MPa
42866_Q8,E_dash_60_degree_celcius,10.96,MPa
42866_Q1,E_double_dash_60_degree_celcius,2.12,MPa
42866_Q2,E_double_dash_60_degree_celcius,0.78,MPa
42866_Q3,E_double_dash_60_degree_celcius,1.16,MPa
42866_Q4,E_double_dash_60_degree_celcius,0.72,MPa
42866_Q5,E_double_dash_60_degree_celcius,1.98,MPa
42866_Q6,E_double_dash_60_degree_celcius,1.11,MPa
42866_Q7,E_double_dash_60_degree_celcius,0.93,MPa
42866_Q8,E_double_dash_60_degree_celcius,1.05,MPa
42866_Q1,tand d max,0.546,
42866_Q2,tand d max,0.605,
42866_Q3,tand d max,0.576,
42866_Q4,tand d max,0.625,
42866_Q5,tand d max,0.527,
42866_Q6,tand d max,0.577,
42866_Q7,tand d max,0.606,
42866_Q8,tand d max,0.584,
42866_Q1,Temperatur tan d max,-29.3,[°C]
42866_Q2,Temperatur tan d max,-25.2,[°C]
42866_Q3,Temperatur tan d max,-25.2,[°C]
42866_Q4,Temperatur tan d max,-25.3,[°C]
42866_Q5,Temperatur tan d max,-29.3,[°C]
42866_Q6,Temperatur tan d max,-26.2,[°C]
42866_Q7,Temperatur tan d max,-24.2,[°C]
42866_Q8,Temperatur tan d max,-25.2,[°C]
42866_Q1,ElasticModulus_G_dash_zero_point_five_percent_1_Messung,4.41,MPa
42866_Q2,ElasticModulus_G_dash_zero_point_five_percent_1_Messung,3.41,MPa
42866_Q3,ElasticModulus_G_dash_zero_point_five_percent_1_Messung,4.0,MPa
42866_Q4,ElasticModulus_G_dash_zero_point_five_percent_1_Messung,2.91,MPa
42866_Q5,ElasticModulus_G_dash_zero_point_five_percent_1_Messung,4.8,MPa
42866_Q6,ElasticModulus_G_dash_zero_point_five_percent_1_Messung,3.64,MPa
42866_Q7,ElasticModulus_G_dash_zero_point_five_percent_1_Messung,3.66,MPa
42866_Q8,ElasticModulus_G_dash_zero_point_five_percent_1_Messung,4.79,MPa
42866_Q1,ElasticModulus_G_dash_15_percent_1_Messung,1.54,MPa
42866_Q2,ElasticModulus_G_dash_15_percent_1_Messung,1.43,MPa
42866_Q3,ElasticModulus_G_dash_15_percent_1_Messung,1.48,MPa
42866_Q4,ElasticModulus_G_dash_15_percent_1_Messung,1.34,MPa
42866_Q5,ElasticModulus_G_dash_15_percent_1_Messung,1.6,MPa
42866_Q6,ElasticModulus_G_dash_15_percent_1_Messung,1.43,MPa
42866_Q7,ElasticModulus_G_dash_15_percent_1_Messung,1.47,MPa
42866_Q8,ElasticModulus_G_dash_15_percent_1_Messung,1.91,MPa
42866_Q1,tan_d_7_percent_1_Messung,0.197,MPa
42866_Q2,tan_d_7_percent_1_Messung,0.184,MPa
42866_Q3,tan_d_7_percent_1_Messung,0.183,MPa
42866_Q4,tan_d_7_percent_1_Messung,0.158,MPa
42866_Q5,tan_d_7_percent_1_Messung,0.201,MPa
42866_Q6,tan_d_7_percent_1_Messung,0.178,MPa
42866_Q7,tan_d_7_percent_1_Messung,0.175,MPa
42866_Q8,tan_d_7_percent_1_Messung,0.183,MPa
42866_Q1,LossModulus_Gdouble_dash(max),0.6,MPa
42866_Q2,LossModulus_Gdouble_dash(max),0.43,MPa
42866_Q3,LossModulus_Gdouble_dash(max),0.5,MPa
42866_Q4,LossModulus_Gdouble_dash(max),0.33,MPa
42866_Q5,LossModulus_Gdouble_dash(max),0.63,MPa
42866_Q6,LossModulus_Gdouble_dash(max),0.44,MPa
42866_Q7,LossModulus_Gdouble_dash(max),0.44,MPa
42866_Q8,LossModulus_Gdouble_dash(max),0.61,MPa
43127_Q1,ML 1+1,62.3,ME
43127_Q2,ML 1+1,79.86,ME
43127_Q3,ML 1+1,71.2,ME
43127_Q4,ML 1+1,72.72,ME
43127_Q5,ML 1+1,61.84,ME
43127_Q6,ML 1+1,70.65,ME
43127_Q7,ML 1+1,71.79,ME
43127_Q8,ML 1+1,77.8,ME
43127_Q1,ML 1+4,53.14,ME
43127_Q2,ML 1+4,66.88,ME
43127_Q3,ML 1+4,61.61,ME
43127_Q4,ML 1+4,64.13,ME
43127_Q5,ML 1+4,52.95,ME
43127_Q6,ML 1+4,62.09,ME
43127_Q7,ML 1+4,62.65,ME
43127_Q8,ML 1+4,65.52,ME
43127_Q1,MSR,0.555,log(ME)/log(s)
43127_Q2,MSR,0.433,log(ME)/log(s)
43127_Q3,MSR,0.482,log(ME)/log(s)
43127_Q4,MSR,0.438,log(ME)/log(s)
43127_Q5,MSR,0.553,log(ME)/log(s)
43127_Q6,MSR,0.45,log(ME)/log(s)
43127_Q7,MSR,0.481,log(ME)/log(s)
43127_Q8,MSR,0.43,log(ME)/log(s)
43127_Q1,Umsatzzeit 90percent,809.88,[sec]
43127_Q2,Umsatzzeit 90percent,799.05,[sec]
43127_Q3,Umsatzzeit 90percent,824.04,[sec]
43127_Q4,Umsatzzeit 90percent,801.3,[sec]
43127_Q5,Umsatzzeit 90percent,798.54,[sec]
43127_Q6,Umsatzzeit 90percent,833.28,[sec]
43127_Q7,Umsatzzeit 90percent,833.22,[sec]
43127_Q8,Umsatzzeit 90percent,807.42,[sec]
43127_Q1,S_dash bei 90percent Umsatz,18.97,dNm
43127_Q2,S_dash bei 90percent Umsatz,17.47,dNm
43127_Q3,S_dash bei 90percent Umsatz,17.88,dNm
43127_Q4,S_dash bei 90percent Umsatz,17.9,dNm
43127_Q5,S_dash bei 90percent Umsatz,19.14,dNm
43127_Q6,S_dash bei 90percent Umsatz,17.75,dNm
43127_Q7,S_dash bei 90percent Umsatz,18.02,dNm
43127_Q8,S_dash bei 90percent Umsatz,17.85,dNm
43127_Q1,Massedruck_1,23.65,bar
43127_Q2,Massedruck_1,30.9,bar
43127_Q3,Massedruck_1,27.25,bar
43127_Q4,Massedruck_1,29.0,bar
43127_Q5,Massedruck_1,23.2,bar
43127_Q6,Massedruck_1,28.7,bar
43127_Q7,Massedruck_1,28.3,bar
43127_Q8,Massedruck_1,30.7,bar
43127_Q1,Massedruck_2,35.2,bar
43127_Q2,Massedruck_2,39.65,bar
43127_Q3,Massedruck_2,38.65,bar
43127_Q4,Massedruck_2,39.9,bar
43127_Q5,Massedruck_2,35.2,bar
43127_Q6,Massedruck_2,38.5,bar
43127_Q7,Massedruck_2,39.0,bar
43127_Q8,Massedruck_2,39.5,bar
43127_Q1,Quellung Hausmethode K10_1,31.09,percent
43127_Q2,Quellung Hausmethode K10_1,30.28,percent
43127_Q3,Quellung Hausmethode K10_1,32.29,percent
43127_Q4,Quellung Hausmethode K10_1,28.86,percent
43127_Q5,Quellung Hausmethode K10_1,30.08,percent
43127_Q6,Quellung Hausmethode K10_1,34.66,percent
43127_Q7,Quellung Hausmethode K10_1,34.85,percent
43127_Q8,Quellung Hausmethode K10_1,34.07,percent
43127_Q1,Quellung Hausmethode K10_2,32.88,percent
43127_Q2,Quellung Hausmethode K10_2,30.68,percent
43127_Q3,Quellung Hausmethode K10_2,31.89,percent
43127_Q4,Quellung Hausmethode K10_2,30.28,percent
43127_Q5,Quellung Hausmethode K10_2,32.49,percent
43127_Q6,Quellung Hausmethode K10_2,32.29,percent
43127_Q7,Quellung Hausmethode K10_2,31.29,percent
43127_Q8,Quellung Hausmethode K10_2,29.26,percent
43127_Q1,Masse pro Messzeit_1,10.88,g
43127_Q2,Masse pro Messzeit_1,9.24,g
43127_Q3,Masse pro Messzeit_1,9.22,g
43127_Q4,Masse pro Messzeit_1,9.56,g
43127_Q5,Masse pro Messzeit_1,10.9,g
43127_Q6,Masse pro Messzeit_1,10.0,g
43127_Q7,Masse pro Messzeit_1,9.88,g
43127_Q8,Masse pro Messzeit_1,9.6,g
43127_Q1,Masse pro Messzeit_2,38.48,g
43127_Q2,Masse pro Messzeit_2,34.42,g
43127_Q3,Masse pro Messzeit_2,37.08,g
43127_Q4,Masse pro Messzeit_2,37.06,g
43127_Q5,Masse pro Messzeit_2,38.38,g
43127_Q6,Masse pro Messzeit_2,35.56,g
43127_Q7,Masse pro Messzeit_2,36.74,g
43127_Q8,Masse pro Messzeit_2,34.86,g
43127_Q1,Hardness_mean_value,67.13,Shore A
43127_Q2,Hardness_mean_value,62.3,Shore A
43127_Q3,Hardness_mean_value,64.2,Shore A
43127_Q4,Hardness_mean_value,63.2,Shore A
43127_Q5,Hardness_mean_value,65.63,Shore A
43127_Q6,Hardness_mean_value,63.7,Shore A
43127_Q7,Hardness_mean_value,64.13,Shore A
43127_Q8,Hardness_mean_value,63.23,Shore A
43127_Q1,Rebound_mean_value_1,37.73,percent
43127_Q2,Rebound_mean_value_1,42.6,percent
43127_Q3,Rebound_mean_value_1,38.73,percent
43127_Q4,Rebound_mean_value_1,40.13,percent
43127_Q5,Rebound_mean_value_1,38.4,percent
43127_Q6,Rebound_mean_value_1,39.8,percent
43127_Q7,Rebound_mean_value_1,40.33,percent
43127_Q8,Rebound_mean_value_1,39.4,percent
43127_Q1,Rebound_mean_value_2,55.5,percent
43127_Q2,Rebound_mean_value_2,60.5,percent
43127_Q3,Rebound_mean_value_2,58.5,percent
43127_Q4,Rebound_mean_value_2,60.5,percent
43127_Q5,Rebound_mean_value_2,54.5,percent
43127_Q6,Rebound_mean_value_2,58.5,percent
43127_Q7,Rebound_mean_value_2,57.5,percent
43127_Q8,Rebound_mean_value_2,57.5,percent
43127_Q1,Rebound_mean_value_3,57.0,percent
43127_Q2,Rebound_mean_value_3,63.0,percent
43127_Q3,Rebound_mean_value_3,60.5,percent
43127_Q4,Rebound_mean_value_3,62.5,percent
43127_Q5,Rebound_mean_value_3,55.5,percent
43127_Q6,Rebound_mean_value_3,61.5,percent
43127_Q7,Rebound_mean_value_3,60.5,percent
43127_Q8,Rebound_mean_value_3,60.5,percent
43127_Q1,S50,1.5,MPa
43127_Q2,S50,1.4,MPa
43127_Q3,S50,1.4,MPa
43127_Q4,S50,1.4,MPa
43127_Q5,S50,1.5,MPa
43127_Q6,S50,1.4,MPa
43127_Q7,S50,1.4,MPa
43127_Q8,S50,1.4,MPa
43127_Q1,S100,2.8,MPa
43127_Q2,S100,2.6,MPa
43127_Q3,S100,2.6,MPa
43127_Q4,S100,2.5,MPa
43127_Q5,S100,2.7,MPa
43127_Q6,S100,2.6,MPa
43127_Q7,S100,2.5,MPa
43127_Q8,S100,2.5,MPa
43127_Q1,S300,12.6,MPa
43127_Q2,S300,13.8,MPa
43127_Q3,S300,13.2,MPa
43127_Q4,S300,13.3,MPa
43127_Q5,S300,12.6,MPa
43127_Q6,S300,13.6,MPa
43127_Q7,S300,13.2,MPa
43127_Q8,S300,13.6,MPa
43127_Q1,D Median,406.0,percent
43127_Q2,D Median,397.0,percent
43127_Q3,D Median,427.0,percent
43127_Q4,D Median,410.0,percent
43127_Q5,D Median,434.0,percent
43127_Q6,D Median,413.0,percent
43127_Q7,D Median,426.0,percent
43127_Q8,D Median,402.0,percent
43127_Q1,F Median,18.8,MPa
43127_Q2,F Median,20.2,MPa
43127_Q3,F Median,20.8,MPa
43127_Q4,F Median,20.7,MPa
43127_Q5,F Median,20.1,MPa
43127_Q6,F Median,20.9,MPa
43127_Q7,F Median,21.1,MPa
43127_Q8,F Median,20.3,MPa
43127_Q1,E_dash_0_degree_celcius,46.8,MPa
43127_Q2,E_dash_0_degree_celcius,27.81,MPa
43127_Q3,E_dash_0_degree_celcius,33.95,MPa
43127_Q4,E_dash_0_degree_celcius,25.23,MPa
43127_Q5,E_dash_0_degree_celcius,44.26,MPa
43127_Q6,E_dash_0_degree_celcius,31.33,MPa
43127_Q7,E_dash_0_degree_celcius,32.64,MPa
43127_Q8,E_dash_0_degree_celcius,26.89,MPa
43127_Q1,E_double_dash_0_degree_celcius,9.95,MPa
43127_Q2,E_double_dash_0_degree_celcius,7.58,MPa
43127_Q3,E_double_dash_0_degree_celcius,8.77,MPa
43127_Q4,E_double_dash_0_degree_celcius,6.86,MPa
43127_Q5,E_double_dash_0_degree_celcius,10.01,MPa
43127_Q6,E_double_dash_0_degree_celcius,8.56,MPa
43127_Q7,E_double_dash_0_degree_celcius,8.22,MPa
43127_Q8,E_double_dash_0_degree_celcius,7.42,MPa
43127_Q1,E_dash_23_degree_celcius,28.99,MPa
43127_Q2,E_dash_23_degree_celcius,15.97,MPa
43127_Q3,E_dash_23_degree_celcius,19.83,MPa
43127_Q4,E_dash_23_degree_celcius,14.62,MPa
43127_Q5,E_dash_23_degree_celcius,27.32,MPa
43127_Q6,E_dash_23_degree_celcius,18.33,MPa
43127_Q7,E_dash_23_degree_celcius,19.3,MPa
43127_Q8,E_dash_23_degree_celcius,15.4,MPa
43127_Q1,E_double_dash_23_degree_celcius,4.54,MPa
43127_Q2,E_double_dash_23_degree_celcius,2.51,MPa
43127_Q3,E_double_dash_23_degree_celcius,3.19,MPa
43127_Q4,E_double_dash_23_degree_celcius,2.22,MPa
43127_Q5,E_double_dash_23_degree_celcius,4.48,MPa
43127_Q6,E_double_dash_23_degree_celcius,3.04,MPa
43127_Q7,E_double_dash_23_degree_celcius,3.06,MPa
43127_Q8,E_double_dash_23_degree_celcius,2.45,MPa
43127_Q1,E_dash_60_degree_celcius,17.98,MPa
43127_Q2,E_dash_60_degree_celcius,9.92,MPa
43127_Q3,E_dash_60_degree_celcius,12.29,MPa
43127_Q4,E_dash_60_degree_celcius,9.37,MPa
43127_Q5,E_dash_60_degree_celcius,16.85,MPa
43127_Q6,E_dash_60_degree_celcius,11.21,MPa
43127_Q7,E_dash_60_degree_celcius,11.97,MPa
43127_Q8,E_dash_60_degree_celcius,9.62,MPa
43127_Q1,E_double_dash_60_degree_celcius,2.07,MPa
43127_Q2,E_double_dash_60_degree_celcius,0.86,MPa
43127_Q3,E_double_dash_60_degree_celcius,1.24,MPa
43127_Q4,E_double_dash_60_degree_celcius,0.8,MPa
43127_Q5,E_double_dash_60_degree_celcius,2.0,MPa
43127_Q6,E_double_dash_60_degree_celcius,1.12,MPa
43127_Q7,E_double_dash_60_degree_celcius,1.18,MPa
43127_Q8,E_double_dash_60_degree_celcius,0.86,MPa
43127_Q1,tand d max,0.521,
43127_Q2,tand d max,0.59,
43127_Q3,tand d max,0.576,
43127_Q4,tand d max,0.615,
43127_Q5,tand d max,0.539,
43127_Q6,tand d max,0.592,
43127_Q7,tand d max,0.579,
43127_Q8,tand d max,0.614,
43127_Q1,Temperatur tan d max,-29.2,[°C]
43127_Q2,Temperatur tan d max,-25.3,[°C]
43127_Q3,Temperatur tan d max,-26.3,[°C]
43127_Q4,Temperatur tan d max,-24.3,[°C]
43127_Q5,Temperatur tan d max,-29.3,[°C]
43127_Q6,Temperatur tan d max,-25.3,[°C]
43127_Q7,Temperatur tan d max,-27.3,[°C]
43127_Q8,Temperatur tan d max,-25.2,[°C]
43127_Q1,ElasticModulus_G_dash_zero_point_five_percent_1_Messung,4.5,MPa
43127_Q2,ElasticModulus_G_dash_zero_point_five_percent_1_Messung,3.14,MPa
43127_Q3,ElasticModulus_G_dash_zero_point_five_percent_1_Messung,3.16,MPa
43127_Q4,ElasticModulus_G_dash_zero_point_five_percent_1_Messung,2.89,MPa
43127_Q5,ElasticModulus_G_dash_zero_point_five_percent_1_Messung,4.23,MPa
43127_Q6,ElasticModulus_G_dash_zero_point_five_percent_1_Messung,2.89,MPa
43127_Q7,ElasticModulus_G_dash_zero_point_five_percent_1_Messung,3.51,MPa
43127_Q8,ElasticModulus_G_dash_zero_point_five_percent_1_Messung,3.41,MPa
43127_Q1,ElasticModulus_G_dash_15_percent_1_Messung,1.56,MPa
43127_Q2,ElasticModulus_G_dash_15_percent_1_Messung,1.4,MPa
43127_Q3,ElasticModulus_G_dash_15_percent_1_Messung,1.36,MPa
43127_Q4,ElasticModulus_G_dash_15_percent_1_Messung,1.34,MPa
43127_Q5,ElasticModulus_G_dash_15_percent_1_Messung,1.55,MPa
43127_Q6,ElasticModulus_G_dash_15_percent_1_Messung,1.32,MPa
43127_Q7,ElasticModulus_G_dash_15_percent_1_Messung,1.4,MPa
43127_Q8,ElasticModulus_G_dash_15_percent_1_Messung,1.42,MPa
43127_Q1,tan_d_7_percent_1_Messung,0.191,MPa
43127_Q2,tan_d_7_percent_1_Messung,0.16,MPa
43127_Q3,tan_d_7_percent_1_Messung,0.168,MPa
43127_Q4,tan_d_7_percent_1_Messung,0.155,MPa
43127_Q5,tan_d_7_percent_1_Messung,0.186,MPa
43127_Q6,tan_d_7_percent_1_Messung,0.158,MPa
43127_Q7,tan_d_7_percent_1_Messung,0.171,MPa
43127_Q8,tan_d_7_percent_1_Messung,0.165,MPa
43127_Q1,LossModulus_Gdouble_dash(max),0.57,MPa
43127_Q2,LossModulus_Gdouble_dash(max),0.35,MPa
43127_Q3,LossModulus_Gdouble_dash(max),0.37,MPa
43127_Q4,LossModulus_Gdouble_dash(max),0.32,MPa
43127_Q5,LossModulus_Gdouble_dash(max),0.53,MPa
43127_Q6,LossModulus_Gdouble_dash(max),0.32,MPa
43127_Q7,LossModulus_Gdouble_dash(max),0.41,MPa
43127_Q8,LossModulus_Gdouble_dash(max),0.39,MPa
43225_Q1,ML 1+1,60.31,ME
43225_Q2,ML 1+1,71.69,ME
43225_Q3,ML 1+1,75.25,ME
43225_Q4,ML 1+1,73.59,ME
43225_Q5,ML 1+1,59.17,ME
43225_Q6,ML 1+1,74.22,ME
43225_Q7,ML 1+1,73.63,ME
43225_Q8,ML 1+1,71.87,ME
43225_Q1,ML 1+4,51.82,ME
43225_Q2,ML 1+4,59.88,ME
43225_Q3,ML 1+4,62.85,ME
43225_Q4,ML 1+4,61.37,ME
43225_Q5,ML 1+4,50.64,ME
43225_Q6,ML 1+4,61.94,ME
43225_Q7,ML 1+4,61.62,ME
43225_Q8,ML 1+4,60.28,ME
43225_Q1,MSR,0.545,log(ME)/log(s)
43225_Q2,MSR,0.468,log(ME)/log(s)
43225_Q3,MSR,0.452,log(ME)/log(s)
43225_Q4,MSR,0.464,log(ME)/log(s)
43225_Q5,MSR,0.56,log(ME)/log(s)
43225_Q6,MSR,0.446,log(ME)/log(s)
43225_Q7,MSR,0.46,log(ME)/log(s)
43225_Q8,MSR,0.475,log(ME)/log(s)
43225_Q1,Umsatzzeit 90percent,836.7,[sec]
43225_Q2,Umsatzzeit 90percent,824.58,[sec]
43225_Q3,Umsatzzeit 90percent,905.88,[sec]
43225_Q4,Umsatzzeit 90percent,811.53,[sec]
43225_Q5,Umsatzzeit 90percent,836.2,[sec]
43225_Q6,Umsatzzeit 90percent,825.93,[sec]
43225_Q7,Umsatzzeit 90percent,826.08,[sec]
43225_Q8,Umsatzzeit 90percent,841.02,[sec]
43225_Q1,S_dash bei 90percent Umsatz,18.44,dNm
43225_Q2,S_dash bei 90percent Umsatz,17.9,dNm
43225_Q3,S_dash bei 90percent Umsatz,16.42,dNm
43225_Q4,S_dash bei 90percent Umsatz,17.66,dNm
43225_Q5,S_dash bei 90percent Umsatz,18.57,dNm
43225_Q6,S_dash bei 90percent Umsatz,17.74,dNm
43225_Q7,S_dash bei 90percent Umsatz,17.85,dNm
43225_Q8,S_dash bei 90percent Umsatz,17.92,dNm
43225_Q1,Hardness_mean_value,66.53,Shore A
43225_Q2,Hardness_mean_value,64.97,Shore A
43225_Q3,Hardness_mean_value,62.7,Shore A
43225_Q4,Hardness_mean_value,64.1,Shore A
43225_Q5,Hardness_mean_value,67.47,Shore A
43225_Q6,Hardness_mean_value,64.33,Shore A
43225_Q7,Hardness_mean_value,64.03,Shore A
43225_Q8,Hardness_mean_value,64.73,Shore A
43225_Q1,Rebound_mean_value_1,36.4,percent
43225_Q2,Rebound_mean_value_1,39.4,percent
43225_Q3,Rebound_mean_value_1,39.4,percent
43225_Q4,Rebound_mean_value_1,40.0,percent
43225_Q5,Rebound_mean_value_1,37.2,percent
43225_Q6,Rebound_mean_value_1,40.13,percent
43225_Q7,Rebound_mean_value_1,39.13,percent
43225_Q8,Rebound_mean_value_1,40.0,percent
43225_Q1,Rebound_mean_value_2,56.0,percent
43225_Q2,Rebound_mean_value_2,59.5,percent
43225_Q3,Rebound_mean_value_2,60.5,percent
43225_Q4,Rebound_mean_value_2,61.0,percent
43225_Q5,Rebound_mean_value_2,56.0,percent
43225_Q6,Rebound_mean_value_2,60.5,percent
43225_Q7,Rebound_mean_value_2,60.5,percent
43225_Q8,Rebound_mean_value_2,61.5,percent
43225_Q1,Rebound_mean_value_3,57.5,percent
43225_Q2,Rebound_mean_value_3,62.5,percent
43225_Q3,Rebound_mean_value_3,61.5,percent
43225_Q4,Rebound_mean_value_3,61.5,percent
43225_Q5,Rebound_mean_value_3,58.0,percent
43225_Q6,Rebound_mean_value_3,62.0,percent
43225_Q7,Rebound_mean_value_3,61.5,percent
43225_Q8,Rebound_mean_value_3,61.5,percent
43225_Q1,S50,1.5,MPa
43225_Q2,S50,1.4,MPa
43225_Q3,S50,1.3,MPa
43225_Q4,S50,1.4,MPa
43225_Q5,S50,1.6,MPa
43225_Q6,S50,1.4,MPa
43225_Q7,S50,1.4,MPa
43225_Q8,S50,1.4,MPa
43225_Q1,S100,2.7,MPa
43225_Q2,S100,2.7,MPa
43225_Q3,S100,2.4,MPa
43225_Q4,S100,2.6,MPa
43225_Q5,S100,2.9,MPa
43225_Q6,S100,2.6,MPa
43225_Q7,S100,2.5,MPa
43225_Q8,S100,2.6,MPa
43225_Q1,S300,12.3,MPa
43225_Q2,S300,14.3,MPa
43225_Q3,S300,12.6,MPa
43225_Q4,S300,14.0,MPa
43225_Q5,S300,13.2,MPa
43225_Q6,S300,14.2,MPa
43225_Q7,S300,13.8,MPa
43225_Q8,S300,13.9,MPa
43225_Q1,D Median,397.0,percent
43225_Q2,D Median,378.0,percent
43225_Q3,D Median,420.0,percent
43225_Q4,D Median,370.0,percent
43225_Q5,D Median,431.0,percent
43225_Q6,D Median,404.0,percent
43225_Q7,D Median,402.0,percent
43225_Q8,D Median,392.0,percent
43225_Q1,F Median,17.6,MPa
43225_Q2,F Median,19.8,MPa
43225_Q3,F Median,20.0,MPa
43225_Q4,F Median,18.9,MPa
43225_Q5,F Median,20.5,MPa
43225_Q6,F Median,21.2,MPa
43225_Q7,F Median,20.9,MPa
43225_Q8,F Median,20.0,MPa
43225_Q1,E_dash_0_degree_celcius,43.64,MPa
43225_Q2,E_dash_0_degree_celcius,23.2,MPa
43225_Q3,E_dash_0_degree_celcius,19.42,MPa
43225_Q4,E_dash_0_degree_celcius,21.49,MPa
43225_Q5,E_dash_0_degree_celcius,42.33,MPa
43225_Q6,E_dash_0_degree_celcius,22.19,MPa
43225_Q7,E_dash_0_degree_celcius,26.65,MPa
43225_Q8,E_dash_0_degree_celcius,24.67,MPa
43225_Q1,E_double_dash_0_degree_celcius,10.78,MPa
43225_Q2,E_double_dash_0_degree_celcius,6.64,MPa
43225_Q3,E_double_dash_0_degree_celcius,5.73,MPa
43225_Q4,E_double_dash_0_degree_celcius,6.12,MPa
43225_Q5,E_double_dash_0_degree_celcius,10.5,MPa
43225_Q6,E_double_dash_0_degree_celcius,6.36,MPa
43225_Q7,E_double_dash_0_degree_celcius,7.35,MPa
43225_Q8,E_double_dash_0_degree_celcius,6.86,MPa
43225_Q1,E_dash_23_degree_celcius,25.53,MPa
43225_Q2,E_dash_23_degree_celcius,13.6,MPa
43225_Q3,E_dash_23_degree_celcius,11.26,MPa
43225_Q4,E_dash_23_degree_celcius,12.56,MPa
43225_Q5,E_dash_23_degree_celcius,25.77,MPa
43225_Q6,E_dash_23_degree_celcius,12.97,MPa
43225_Q7,E_dash_23_degree_celcius,15.47,MPa
43225_Q8,E_dash_23_degree_celcius,14.4,MPa
43225_Q1,E_double_dash_23_degree_celcius,4.44,MPa
43225_Q2,E_double_dash_23_degree_celcius,2.15,MPa
43225_Q3,E_double_dash_23_degree_celcius,1.76,MPa
43225_Q4,E_double_dash_23_degree_celcius,1.94,MPa
43225_Q5,E_double_dash_23_degree_celcius,4.46,MPa
43225_Q6,E_double_dash_23_degree_celcius,2.01,MPa
43225_Q7,E_double_dash_23_degree_celcius,2.43,MPa
43225_Q8,E_double_dash_23_degree_celcius,2.28,MPa
43225_Q1,E_dash_60_degree_celcius,15.94,MPa
43225_Q2,E_dash_60_degree_celcius,8.89,MPa
43225_Q3,E_dash_60_degree_celcius,7.34,MPa
43225_Q4,E_dash_60_degree_celcius,8.23,MPa
43225_Q5,E_dash_60_degree_celcius,15.25,MPa
43225_Q6,E_dash_60_degree_celcius,8.16,MPa
43225_Q7,E_dash_60_degree_celcius,9.73,MPa
43225_Q8,E_dash_60_degree_celcius,9.28,MPa
43225_Q1,E_double_dash_60_degree_celcius,1.95,MPa
43225_Q2,E_double_dash_60_degree_celcius,0.79,MPa
43225_Q3,E_double_dash_60_degree_celcius,0.63,MPa
43225_Q4,E_double_dash_60_degree_celcius,0.69,MPa
43225_Q5,E_double_dash_60_degree_celcius,1.8,MPa
43225_Q6,E_double_dash_60_degree_celcius,0.69,MPa
43225_Q7,E_double_dash_60_degree_celcius,0.86,MPa
43225_Q8,E_double_dash_60_degree_celcius,0.83,MPa
43225_Q1,tand d max,0.556,
43225_Q2,tand d max,0.642,
43225_Q3,tand d max,0.676,
43225_Q4,tand d max,0.648,
43225_Q5,tand d max,0.547,
43225_Q6,tand d max,0.655,
43225_Q7,tand d max,0.607,
43225_Q8,tand d max,0.625,
43225_Q1,Temperatur tan d max,-27.3,[°C]
43225_Q2,Temperatur tan d max,-25.2,[°C]
43225_Q3,Temperatur tan d max,-24.3,[°C]
43225_Q4,Temperatur tan d max,-24.3,[°C]
43225_Q5,Temperatur tan d max,-26.3,[°C]
43225_Q6,Temperatur tan d max,-25.3,[°C]
43225_Q7,Temperatur tan d max,-24.3,[°C]
43225_Q8,Temperatur tan d max,-25.3,[°C]
43225_Q1,ElasticModulus_G_dash_zero_point_five_percent_1_Messung,4.68,MPa
43225_Q2,ElasticModulus_G_dash_zero_point_five_percent_1_Messung,3.44,MPa
43225_Q3,ElasticModulus_G_dash_zero_point_five_percent_1_Messung,3.06,MPa
43225_Q4,ElasticModulus_G_dash_zero_point_five_percent_1_Messung,3.4,MPa
43225_Q5,ElasticModulus_G_dash_zero_point_five_percent_1_Messung,4.8,MPa
43225_Q6,ElasticModulus_G_dash_zero_point_five_percent_1_Messung,3.4,MPa
43225_Q7,ElasticModulus_G_dash_zero_point_five_percent_1_Messung,3.74,MPa
43225_Q8,ElasticModulus_G_dash_zero_point_five_percent_1_Messung,3.44,MPa
43225_Q1,ElasticModulus_G_dash_15_percent_1_Messung,1.58,MPa
43225_Q2,ElasticModulus_G_dash_15_percent_1_Messung,1.44,MPa
43225_Q3,ElasticModulus_G_dash_15_percent_1_Messung,1.33,MPa
43225_Q4,ElasticModulus_G_dash_15_percent_1_Messung,1.44,MPa
43225_Q5,ElasticModulus_G_dash_15_percent_1_Messung,1.57,MPa
43225_Q6,ElasticModulus_G_dash_15_percent_1_Messung,1.45,MPa
43225_Q7,ElasticModulus_G_dash_15_percent_1_Messung,1.51,MPa
43225_Q8,ElasticModulus_G_dash_15_percent_1_Messung,1.44,MPa
43225_Q1,tan_d_7_percent_1_Messung,0.19,MPa
43225_Q2,tan_d_7_percent_1_Messung,0.166,MPa
43225_Q3,tan_d_7_percent_1_Messung,0.166,MPa
43225_Q4,tan_d_7_percent_1_Messung,0.163,MPa
43225_Q5,tan_d_7_percent_1_Messung,0.191,MPa
43225_Q6,tan_d_7_percent_1_Messung,0.16,MPa
43225_Q7,tan_d_7_percent_1_Messung,0.166,MPa
43225_Q8,tan_d_7_percent_1_Messung,0.162,MPa
43225_Q1,LossModulus_Gdouble_dash(max),0.52,MPa
43225_Q2,LossModulus_Gdouble_dash(max),0.35,MPa
43225_Q3,LossModulus_Gdouble_dash(max),0.32,MPa
43225_Q4,LossModulus_Gdouble_dash(max),0.35,MPa
43225_Q5,LossModulus_Gdouble_dash(max),0.53,MPa
43225_Q6,LossModulus_Gdouble_dash(max),0.35,MPa
43225_Q7,LossModulus_Gdouble_dash(max),0.39,MPa
43225_Q8,LossModulus_Gdouble_dash(max),0.36,MPa
43258_Q1,ML 1+1,59.74,ME
43258_Q2,ML 1+1,66.7,ME
43258_Q3,ML 1+1,78.91,ME
43258_Q4,ML 1+1,75.88,ME
43258_Q5,ML 1+1,60.12,ME
43258_Q6,ML 1+1,75.22,ME
43258_Q7,ML 1+1,69.54,ME
43258_Q8,ML 1+1,70.8,ME
43258_Q1,ML 1+4,50.81,ME
43258_Q2,ML 1+4,55.03,ME
43258_Q3,ML 1+4,66.54,ME
43258_Q4,ML 1+4,63.4,ME
43258_Q5,ML 1+4,51.02,ME
43258_Q6,ML 1+4,63.07,ME
43258_Q7,ML 1+4,58.13,ME
43258_Q8,ML 1+4,59.24,ME
43258_Q1,MSR,0.497,log(ME)/log(s)
43258_Q2,MSR,0.483,log(ME)/log(s)
43258_Q3,MSR,0.436,log(ME)/log(s)
43258_Q4,MSR,0.447,log(ME)/log(s)
43258_Q5,MSR,0.504,log(ME)/log(s)
43258_Q6,MSR,0.428,log(ME)/log(s)
43258_Q7,MSR,0.466,log(ME)/log(s)
43258_Q8,MSR,0.453,log(ME)/log(s)
43258_Q1,Umsatzzeit 90percent,997.14,[sec]
43258_Q2,Umsatzzeit 90percent,970.62,[sec]
43258_Q3,Umsatzzeit 90percent,924.0,[sec]
43258_Q4,Umsatzzeit 90percent,950.97,[sec]
43258_Q5,Umsatzzeit 90percent,981.06,[sec]
43258_Q6,Umsatzzeit 90percent,987.6,[sec]
43258_Q7,Umsatzzeit 90percent,957.78,[sec]
43258_Q8,Umsatzzeit 90percent,941.46,[sec]
43258_Q1,S_dash bei 90percent Umsatz,17.73,dNm
43258_Q2,S_dash bei 90percent Umsatz,17.94,dNm
43258_Q3,S_dash bei 90percent Umsatz,18.07,dNm
43258_Q4,S_dash bei 90percent Umsatz,17.54,dNm
43258_Q5,S_dash bei 90percent Umsatz,18.14,dNm
43258_Q6,S_dash bei 90percent Umsatz,17.36,dNm
43258_Q7,S_dash bei 90percent Umsatz,17.94,dNm
43258_Q8,S_dash bei 90percent Umsatz,17.51,dNm
43258_Q1,Hardness_mean_value,65.3,Shore A
43258_Q2,Hardness_mean_value,64.46,Shore A
43258_Q3,Hardness_mean_value,65.27,Shore A
43258_Q4,Hardness_mean_value,64.27,Shore A
43258_Q5,Hardness_mean_value,66.13,Shore A
43258_Q6,Hardness_mean_value,64.93,Shore A
43258_Q7,Hardness_mean_value,65.5,Shore A
43258_Q8,Hardness_mean_value,64.27,Shore A
43258_Q1,Rebound_mean_value_1,38.0,percent
43258_Q2,Rebound_mean_value_1,38.27,percent
43258_Q3,Rebound_mean_value_1,39.0,percent
43258_Q4,Rebound_mean_value_1,40.0,percent
43258_Q5,Rebound_mean_value_1,37.33,percent
43258_Q6,Rebound_mean_value_1,39.8,percent
43258_Q7,Rebound_mean_value_1,40.73,percent
43258_Q8,Rebound_mean_value_1,41.2,percent
43258_Q1,Rebound_mean_value_2,54.5,percent
43258_Q2,Rebound_mean_value_2,56.0,percent
43258_Q3,Rebound_mean_value_2,57.5,percent
43258_Q4,Rebound_mean_value_2,57.5,percent
43258_Q5,Rebound_mean_value_2,56.5,percent
43258_Q6,Rebound_mean_value_2,59.0,percent
43258_Q7,Rebound_mean_value_2,57.5,percent
43258_Q8,Rebound_mean_value_2,60.0,percent
43258_Q1,Rebound_mean_value_3,57.5,percent
43258_Q2,Rebound_mean_value_3,59.5,percent
43258_Q3,Rebound_mean_value_3,60.5,percent
43258_Q4,Rebound_mean_value_3,60.0,percent
43258_Q5,Rebound_mean_value_3,57.5,percent
43258_Q6,Rebound_mean_value_3,61.0,percent
43258_Q7,Rebound_mean_value_3,60.5,percent
43258_Q8,Rebound_mean_value_3,61.5,percent
43258_Q1,S50,1.6,MPa
43258_Q2,S50,1.6,MPa
43258_Q3,S50,1.5,MPa
43258_Q4,S50,1.4,MPa
43258_Q5,S50,1.6,MPa
43258_Q6,S50,1.5,MPa
43258_Q7,S50,1.5,MPa
43258_Q8,S50,1.4,MPa
43258_Q1,S100,3.1,MPa
43258_Q2,S100,2.9,MPa
43258_Q3,S100,2.9,MPa
43258_Q4,S100,2.8,MPa
43258_Q5,S100,2.8,MPa
43258_Q6,S100,2.8,MPa
43258_Q7,S100,2.9,MPa
43258_Q8,S100,2.7,MPa
43258_Q1,S300,14.2,MPa
43258_Q2,S300,13.6,MPa
43258_Q3,S300,14.2,MPa
43258_Q4,S300,14.4,MPa
43258_Q5,S300,13.5,MPa
43258_Q6,S300,14.6,MPa
43258_Q7,S300,14.5,MPa
43258_Q8,S300,14.1,MPa
43258_Q1,D Median,376.0,percent
43258_Q2,D Median,407.0,percent
43258_Q3,D Median,381.0,percent
43258_Q4,D Median,399.0,percent
43258_Q5,D Median,355.0,percent
43258_Q6,D Median,371.0,percent
43258_Q7,D Median,377.0,percent
43258_Q8,D Median,386.0,percent
43258_Q1,F Median,19.0,MPa
43258_Q2,F Median,20.0,MPa
43258_Q3,F Median,19.3,MPa
43258_Q4,F Median,21.1,MPa
43258_Q5,F Median,16.9,MPa
43258_Q6,F Median,19.5,MPa
43258_Q7,F Median,19.7,MPa
43258_Q8,F Median,19.9,MPa
43258_Q1,E_dash_0_degree_celcius,41.18,MPa
43258_Q2,E_dash_0_degree_celcius,34.72,MPa
43258_Q3,E_dash_0_degree_celcius,26.97,MPa
43258_Q4,E_dash_0_degree_celcius,25.26,MPa
43258_Q5,E_dash_0_degree_celcius,33.38,MPa
43258_Q6,E_dash_0_degree_celcius,30.84,MPa
43258_Q7,E_dash_0_degree_celcius,30.95,MPa
43258_Q8,E_dash_0_degree_celcius,25.97,MPa
43258_Q1,E_double_dash_0_degree_celcius,10.1,MPa
43258_Q2,E_double_dash_0_degree_celcius,8.84,MPa
43258_Q3,E_double_dash_0_degree_celcius,7.56,MPa
43258_Q4,E_double_dash_0_degree_celcius,6.83,MPa
43258_Q5,E_double_dash_0_degree_celcius,8.66,MPa
43258_Q6,E_double_dash_0_degree_celcius,8.36,MPa
43258_Q7,E_double_dash_0_degree_celcius,8.29,MPa
43258_Q8,E_double_dash_0_degree_celcius,6.96,MPa
43258_Q1,E_dash_23_degree_celcius,24.87,MPa
43258_Q2,E_dash_23_degree_celcius,20.41,MPa
43258_Q3,E_dash_23_degree_celcius,15.7,MPa
43258_Q4,E_dash_23_degree_celcius,14.92,MPa
43258_Q5,E_dash_23_degree_celcius,19.68,MPa
43258_Q6,E_dash_23_degree_celcius,17.94,MPa
43258_Q7,E_dash_23_degree_celcius,18.12,MPa
43258_Q8,E_dash_23_degree_celcius,15.34,MPa
43258_Q1,E_double_dash_23_degree_celcius,4.11,MPa
43258_Q2,E_double_dash_23_degree_celcius,3.38,MPa
43258_Q3,E_double_dash_23_degree_celcius,2.46,MPa
43258_Q4,E_double_dash_23_degree_celcius,2.32,MPa
43258_Q5,E_double_dash_23_degree_celcius,3.25,MPa
43258_Q6,E_double_dash_23_degree_celcius,2.87,MPa
43258_Q7,E_double_dash_23_degree_celcius,2.99,MPa
43258_Q8,E_double_dash_23_degree_celcius,2.38,MPa
43258_Q1,E_dash_60_degree_celcius,15.12,MPa
43258_Q2,E_dash_60_degree_celcius,12.48,MPa
43258_Q3,E_dash_60_degree_celcius,9.72,MPa
43258_Q4,E_dash_60_degree_celcius,9.31,MPa
43258_Q5,E_dash_60_degree_celcius,11.81,MPa
43258_Q6,E_dash_60_degree_celcius,10.87,MPa
43258_Q7,E_dash_60_degree_celcius,11.28,MPa
43258_Q8,E_dash_60_degree_celcius,9.55,MPa
43258_Q1,E_double_dash_60_degree_celcius,1.69,MPa
43258_Q2,E_double_dash_60_degree_celcius,1.32,MPa
43258_Q3,E_double_dash_60_degree_celcius,0.86,MPa
43258_Q4,E_double_dash_60_degree_celcius,0.8,MPa
43258_Q5,E_double_dash_60_degree_celcius,1.18,MPa
43258_Q6,E_double_dash_60_degree_celcius,1.03,MPa
43258_Q7,E_double_dash_60_degree_celcius,1.1,MPa
43258_Q8,E_double_dash_60_degree_celcius,0.84,MPa
43258_Q1,tand d max,0.555,
43258_Q2,tand d max,0.585,
43258_Q3,tand d max,0.623,
43258_Q4,tand d max,0.619,
43258_Q5,tand d max,0.587,
43258_Q6,tand d max,0.596,
43258_Q7,tand d max,0.599,
43258_Q8,tand d max,0.612,
43258_Q1,Temperatur tan d max,-27.3,[°C]
43258_Q2,Temperatur tan d max,-26.3,[°C]
43258_Q3,Temperatur tan d max,-24.3,[°C]
43258_Q4,Temperatur tan d max,-25.3,[°C]
43258_Q5,Temperatur tan d max,-26.3,[°C]
43258_Q6,Temperatur tan d max,-25.3,[°C]
43258_Q7,Temperatur tan d max,-26.2,[°C]
43258_Q8,Temperatur tan d max,-25.3,[°C]
43258_Q1,ElasticModulus_G_dash_zero_point_five_percent_1_Messung,3.38,MPa
43258_Q2,ElasticModulus_G_dash_zero_point_five_percent_1_Messung,3.91,MPa
43258_Q3,ElasticModulus_G_dash_zero_point_five_percent_1_Messung,2.84,MPa
43258_Q4,ElasticModulus_G_dash_zero_point_five_percent_1_Messung,3.06,MPa
43258_Q5,ElasticModulus_G_dash_zero_point_five_percent_1_Messung,4.27,MPa
43258_Q6,ElasticModulus_G_dash_zero_point_five_percent_1_Messung,3.29,MPa
43258_Q7,ElasticModulus_G_dash_zero_point_five_percent_1_Messung,3.33,MPa
43258_Q8,ElasticModulus_G_dash_zero_point_five_percent_1_Messung,3.11,MPa
43258_Q1,ElasticModulus_G_dash_15_percent_1_Messung,1.42,MPa
43258_Q2,ElasticModulus_G_dash_15_percent_1_Messung,1.51,MPa
43258_Q3,ElasticModulus_G_dash_15_percent_1_Messung,1.33,MPa
43258_Q4,ElasticModulus_G_dash_15_percent_1_Messung,1.38,MPa
43258_Q5,ElasticModulus_G_dash_15_percent_1_Messung,1.59,MPa
43258_Q6,ElasticModulus_G_dash_15_percent_1_Messung,1.42,MPa
43258_Q7,ElasticModulus_G_dash_15_percent_1_Messung,1.43,MPa
43258_Q8,ElasticModulus_G_dash_15_percent_1_Messung,1.38,MPa
43258_Q1,tan_d_7_percent_1_Messung,0.172,MPa
43258_Q2,tan_d_7_percent_1_Messung,0.177,MPa
43258_Q3,tan_d_7_percent_1_Messung,0.155,MPa
43258_Q4,tan_d_7_percent_1_Messung,0.159,MPa
43258_Q5,tan_d_7_percent_1_Messung,0.181,MPa
43258_Q6,tan_d_7_percent_1_Messung,0.167,MPa
43258_Q7,tan_d_7_percent_1_Messung,0.167,MPa
43258_Q8,tan_d_7_percent_1_Messung,0.165,MPa
43258_Q1,LossModulus_Gdouble_dash(max),0.37,MPa
43258_Q2,LossModulus_Gdouble_dash(max),0.43,MPa
43258_Q3,LossModulus_Gdouble_dash(max),0.29,MPa
43258_Q4,LossModulus_Gdouble_dash(max),0.32,MPa
43258_Q5,LossModulus_Gdouble_dash(max),0.47,MPa
43258_Q6,LossModulus_Gdouble_dash(max),0.35,MPa
43258_Q7,LossModulus_Gdouble_dash(max),0.36,MPa
43258_Q8,LossModulus_Gdouble_dash(max),0.33,MPa
43311_Q1,ML 1+1,80.93,ME
43311_Q2,ML 1+1,73.22,ME
43311_Q3,ML 1+1,81.72,ME
43311_Q4,ML 1+1,77.91,ME
43311_Q5,ML 1+1,80.39,ME
43311_Q6,ML 1+1,73.95,ME
43311_Q7,ML 1+1,76.38,ME
43311_Q8,ML 1+1,80.13,ME
43311_Q1,ML 1+4,66.94,ME
43311_Q2,ML 1+4,61.62,ME
43311_Q3,ML 1+4,68.66,ME
43311_Q4,ML 1+4,64.55,ME
43311_Q5,ML 1+4,66.42,ME
43311_Q6,ML 1+4,62.75,ME
43311_Q7,ML 1+4,64.3,ME
43311_Q8,ML 1+4,65.95,ME
43311_Q1,MSR,0.358,log(ME)/log(s)
43311_Q2,MSR,0.415,log(ME)/log(s)
43311_Q3,MSR,0.381,log(ME)/log(s)
43311_Q4,MSR,0.368,log(ME)/log(s)
43311_Q5,MSR,0.357,log(ME)/log(s)
43311_Q6,MSR,0.407,log(ME)/log(s)
43311_Q7,MSR,0.402,log(ME)/log(s)
43311_Q8,MSR,0.361,log(ME)/log(s)
43311_Q1,Umsatzzeit 90percent,788.76,[sec]
43311_Q2,Umsatzzeit 90percent,871.17,[sec]
43311_Q3,Umsatzzeit 90percent,873.36,[sec]
43311_Q4,Umsatzzeit 90percent,874.44,[sec]
43311_Q5,Umsatzzeit 90percent,857.94,[sec]
43311_Q6,Umsatzzeit 90percent,923.76,[sec]
43311_Q7,Umsatzzeit 90percent,845.04,[sec]
43311_Q8,Umsatzzeit 90percent,841.11,[sec]
43311_Q1,S_dash bei 90percent Umsatz,17.65,dNm
43311_Q2,S_dash bei 90percent Umsatz,17.03,dNm
43311_Q3,S_dash bei 90percent Umsatz,17.35,dNm
43311_Q4,S_dash bei 90percent Umsatz,16.96,dNm
43311_Q5,S_dash bei 90percent Umsatz,17.18,dNm
43311_Q6,S_dash bei 90percent Umsatz,17.14,dNm
43311_Q7,S_dash bei 90percent Umsatz,17.67,dNm
43311_Q8,S_dash bei 90percent Umsatz,17.37,dNm
43311_Q1,Massedruck_1,30.9,bar
43311_Q2,Massedruck_1,30.0,bar
43311_Q3,Massedruck_1,33.35,bar
43311_Q4,Massedruck_1,31.6,bar
43311_Q5,Massedruck_1,32.05,bar
43311_Q6,Massedruck_1,28.0,bar
43311_Q7,Massedruck_1,30.75,bar
43311_Q8,Massedruck_1,32.25,bar
43311_Q1,Massedruck_2,37.5,bar
43311_Q2,Massedruck_2,36.95,bar
43311_Q3,Massedruck_2,39.8,bar
43311_Q4,Massedruck_2,38.15,bar
43311_Q5,Massedruck_2,38.8,bar
43311_Q6,Massedruck_2,38.25,bar
43311_Q7,Massedruck_2,38.35,bar
43311_Q8,Massedruck_2,38.9,bar
43311_Q1,Quellung Hausmethode K10_1,32.29,percent
43311_Q2,Quellung Hausmethode K10_1,30.28,percent
43311_Q3,Quellung Hausmethode K10_1,32.09,percent
43311_Q4,Quellung Hausmethode K10_1,29.67,percent
43311_Q5,Quellung Hausmethode K10_1,32.49,percent
43311_Q6,Quellung Hausmethode K10_1,30.08,percent
43311_Q7,Quellung Hausmethode K10_1,30.68,percent
43311_Q8,Quellung Hausmethode K10_1,33.87,percent
43311_Q1,Quellung Hausmethode K10_2,37.18,percent
43311_Q2,Quellung Hausmethode K10_2,33.48,percent
43311_Q3,Quellung Hausmethode K10_2,36.21,percent
43311_Q4,Quellung Hausmethode K10_2,35.83,percent
43311_Q5,Quellung Hausmethode K10_2,35.44,percent
43311_Q6,Quellung Hausmethode K10_2,34.46,percent
43311_Q7,Quellung Hausmethode K10_2,35.24,percent
43311_Q8,Quellung Hausmethode K10_2,35.24,percent
43311_Q1,Masse pro Messzeit_1,10.08,g
43311_Q2,Masse pro Messzeit_1,11.1,g
43311_Q3,Masse pro Messzeit_1,10.5,g
43311_Q4,Masse pro Messzeit_1,10.58,g
43311_Q5,Masse pro Messzeit_1,10.58,g
43311_Q6,Masse pro Messzeit_1,10.84,g
43311_Q7,Masse pro Messzeit_1,11.1,g
43311_Q8,Masse pro Messzeit_1,10.56,g
43311_Q1,Masse pro Messzeit_2,35.18,g
43311_Q2,Masse pro Messzeit_2,36.4,g
43311_Q3,Masse pro Messzeit_2,35.14,g
43311_Q4,Masse pro Messzeit_2,35.7,g
43311_Q5,Masse pro Messzeit_2,36.48,g
43311_Q6,Masse pro Messzeit_2,36.66,g
43311_Q7,Masse pro Messzeit_2,36.5,g
43311_Q8,Masse pro Messzeit_2,35.78,g
43311_Q1,Hardness_mean_value,64.37,Shore A
43311_Q2,Hardness_mean_value,64.47,Shore A
43311_Q3,Hardness_mean_value,64.4,Shore A
43311_Q4,Hardness_mean_value,63.37,Shore A
43311_Q5,Hardness_mean_value,64.33,Shore A
43311_Q6,Hardness_mean_value,64.73,Shore A
43311_Q7,Hardness_mean_value,65.03,Shore A
43311_Q8,Hardness_mean_value,63.5,Shore A
43311_Q1,Rebound_mean_value_1,36.87,percent
43311_Q2,Rebound_mean_value_1,38.6,percent
43311_Q3,Rebound_mean_value_1,37.8,percent
43311_Q4,Rebound_mean_value_1,36.6,percent
43311_Q5,Rebound_mean_value_1,37.4,percent
43311_Q6,Rebound_mean_value_1,38.53,percent
43311_Q7,Rebound_mean_value_1,37.8,percent
43311_Q8,Rebound_mean_value_1,37.53,percent
43311_Q1,Rebound_mean_value_2,58.5,percent
43311_Q2,Rebound_mean_value_2,58.5,percent
43311_Q3,Rebound_mean_value_2,57.5,percent
43311_Q4,Rebound_mean_value_2,59.5,percent
43311_Q5,Rebound_mean_value_2,58.5,percent
43311_Q6,Rebound_mean_value_2,58.5,percent
43311_Q7,Rebound_mean_value_2,57.0,percent
43311_Q8,Rebound_mean_value_2,58.5,percent
43311_Q1,Rebound_mean_value_3,60.5,percent
43311_Q2,Rebound_mean_value_3,60.5,percent
43311_Q3,Rebound_mean_value_3,61.5,percent
43311_Q4,Rebound_mean_value_3,63.5,percent
43311_Q5,Rebound_mean_value_3,60.5,percent
43311_Q6,Rebound_mean_value_3,60.5,percent
43311_Q7,Rebound_mean_value_3,60.0,percent
43311_Q8,Rebound_mean_value_3,62.5,percent
43311_Q1,S50,1.4,MPa
43311_Q2,S50,1.4,MPa
43311_Q3,S50,1.3,MPa
43311_Q4,S50,1.3,MPa
43311_Q5,S50,1.3,MPa
43311_Q6,S50,1.3,MPa
43311_Q7,S50,1.3,MPa
43311_Q8,S50,1.3,MPa
43311_Q1,S100,2.5,MPa
43311_Q2,S100,2.5,MPa
43311_Q3,S100,2.4,MPa
43311_Q4,S100,2.4,MPa
43311_Q5,S100,2.5,MPa
43311_Q6,S100,2.3,MPa
43311_Q7,S100,2.4,MPa
43311_Q8,S100,2.3,MPa
43311_Q1,S300,14.2,MPa
43311_Q2,S300,13.4,MPa
43311_Q3,S300,13.8,MPa
43311_Q4,S300,14.0,MPa
43311_Q5,S300,14.6,MPa
43311_Q6,S300,12.7,MPa
43311_Q7,S300,13.4,MPa
43311_Q8,S300,13.9,MPa
43311_Q1,D Median,371.0,percent
43311_Q2,D Median,418.0,percent
43311_Q3,D Median,418.0,percent
43311_Q4,D Median,406.0,percent
43311_Q5,D Median,358.0,percent
43311_Q6,D Median,431.0,percent
43311_Q7,D Median,407.0,percent
43311_Q8,D Median,406.0,percent
43311_Q1,F Median,19.1,MPa
43311_Q2,F Median,20.9,MPa
43311_Q3,F Median,21.4,MPa
43311_Q4,F Median,21.4,MPa
43311_Q5,F Median,18.6,MPa
43311_Q6,F Median,20.7,MPa
43311_Q7,F Median,20.0,MPa
43311_Q8,F Median,21.4,MPa
43311_Q1,E_dash_0_degree_celcius,27.29,MPa
43311_Q2,E_dash_0_degree_celcius,26.99,MPa
43311_Q3,E_dash_0_degree_celcius,25.86,MPa
43311_Q4,E_dash_0_degree_celcius,23.19,MPa
43311_Q5,E_dash_0_degree_celcius,24.68,MPa
43311_Q6,E_dash_0_degree_celcius,24.57,MPa
43311_Q7,E_dash_0_degree_celcius,27.36,MPa
43311_Q8,E_dash_0_degree_celcius,27.12,MPa
43311_Q1,E_double_dash_0_degree_celcius,8.3,MPa
43311_Q2,E_double_dash_0_degree_celcius,7.09,MPa
43311_Q3,E_double_dash_0_degree_celcius,7.36,MPa
43311_Q4,E_double_dash_0_degree_celcius,7.33,MPa
43311_Q5,E_double_dash_0_degree_celcius,7.49,MPa
43311_Q6,E_double_dash_0_degree_celcius,6.86,MPa
43311_Q7,E_double_dash_0_degree_celcius,7.96,MPa
43311_Q8,E_double_dash_0_degree_celcius,8.19,MPa
43311_Q1,E_dash_23_degree_celcius,15.16,MPa
43311_Q2,E_dash_23_degree_celcius,15.69,MPa
43311_Q3,E_dash_23_degree_celcius,14.73,MPa
43311_Q4,E_dash_23_degree_celcius,12.78,MPa
43311_Q5,E_dash_23_degree_celcius,13.79,MPa
43311_Q6,E_dash_23_degree_celcius,14.36,MPa
43311_Q7,E_dash_23_degree_celcius,15.52,MPa
43311_Q8,E_dash_23_degree_celcius,15.04,MPa
43311_Q1,E_double_dash_23_degree_celcius,2.55,MPa
43311_Q2,E_double_dash_23_degree_celcius,2.47,MPa
43311_Q3,E_double_dash_23_degree_celcius,2.39,MPa
43311_Q4,E_double_dash_23_degree_celcius,2.13,MPa
43311_Q5,E_double_dash_23_degree_celcius,2.26,MPa
43311_Q6,E_double_dash_23_degree_celcius,2.3,MPa
43311_Q7,E_double_dash_23_degree_celcius,2.61,MPa
43311_Q8,E_double_dash_23_degree_celcius,2.54,MPa
43311_Q1,E_dash_60_degree_celcius,9.44,MPa
43311_Q2,E_dash_60_degree_celcius,9.81,MPa
43311_Q3,E_dash_60_degree_celcius,9.23,MPa
43311_Q4,E_dash_60_degree_celcius,8.11,MPa
43311_Q5,E_dash_60_degree_celcius,8.51,MPa
43311_Q6,E_dash_60_degree_celcius,8.96,MPa
43311_Q7,E_dash_60_degree_celcius,9.88,MPa
43311_Q8,E_dash_60_degree_celcius,9.49,MPa
43311_Q1,E_double_dash_60_degree_celcius,0.87,MPa
43311_Q2,E_double_dash_60_degree_celcius,0.9,MPa
43311_Q3,E_double_dash_60_degree_celcius,0.8,MPa
43311_Q4,E_double_dash_60_degree_celcius,0.69,MPa
43311_Q5,E_double_dash_60_degree_celcius,0.76,MPa
43311_Q6,E_double_dash_60_degree_celcius,0.82,MPa
43311_Q7,E_double_dash_60_degree_celcius,0.96,MPa
43311_Q8,E_double_dash_60_degree_celcius,0.86,MPa
43311_Q1,tand d max,0.622,
43311_Q2,tand d max,0.59,
43311_Q3,tand d max,0.599,
43311_Q4,tand d max,0.64,
43311_Q5,tand d max,0.625,
43311_Q6,tand d max,0.621,
43311_Q7,tand d max,0.594,
43311_Q8,tand d max,0.602,
43311_Q1,Temperatur tan d max,-23.2,[°C]
43311_Q2,Temperatur tan d max,-26.2,[°C]
43311_Q3,Temperatur tan d max,-24.3,[°C]
43311_Q4,Temperatur tan d max,-22.2,[°C]
43311_Q5,Temperatur tan d max,-23.3,[°C]
43311_Q6,Temperatur tan d max,-25.2,[°C]
43311_Q7,Temperatur tan d max,-24.3,[°C]
43311_Q8,Temperatur tan d max,-22.3,[°C]
43311_Q1,ElasticModulus_G_dash_zero_point_five_percent_1_Messung,2.69,MPa
43311_Q2,ElasticModulus_G_dash_zero_point_five_percent_1_Messung,2.94,MPa
43311_Q3,ElasticModulus_G_dash_zero_point_five_percent_1_Messung,3.32,MPa
43311_Q4,ElasticModulus_G_dash_zero_point_five_percent_1_Messung,2.63,MPa
43311_Q5,ElasticModulus_G_dash_zero_point_five_percent_1_Messung,2.62,MPa
43311_Q6,ElasticModulus_G_dash_zero_point_five_percent_1_Messung,3.0,MPa
43311_Q7,ElasticModulus_G_dash_zero_point_five_percent_1_Messung,3.36,MPa
43311_Q8,ElasticModulus_G_dash_zero_point_five_percent_1_Messung,3.01,MPa
43311_Q1,ElasticModulus_G_dash_15_percent_1_Messung,1.3,MPa
43311_Q2,ElasticModulus_G_dash_15_percent_1_Messung,1.29,MPa
43311_Q3,ElasticModulus_G_dash_15_percent_1_Messung,1.36,MPa
43311_Q4,ElasticModulus_G_dash_15_percent_1_Messung,1.24,MPa
43311_Q5,ElasticModulus_G_dash_15_percent_1_Messung,1.26,MPa
43311_Q6,ElasticModulus_G_dash_15_percent_1_Messung,1.29,MPa
43311_Q7,ElasticModulus_G_dash_15_percent_1_Messung,1.38,MPa
43311_Q8,ElasticModulus_G_dash_15_percent_1_Messung,1.34,MPa
43311_Q1,tan_d_7_percent_1_Messung,0.147,MPa
43311_Q2,tan_d_7_percent_1_Messung,0.158,MPa
43311_Q3,tan_d_7_percent_1_Messung,0.163,MPa
43311_Q4,tan_d_7_percent_1_Messung,0.151,MPa
43311_Q5,tan_d_7_percent_1_Messung,0.152,MPa
43311_Q6,tan_d_7_percent_1_Messung,0.168,MPa
43311_Q7,tan_d_7_percent_1_Messung,0.164,MPa
43311_Q8,tan_d_7_percent_1_Messung,0.16,MPa
43311_Q1,LossModulus_Gdouble_dash(max),0.27,MPa
43311_Q2,LossModulus_Gdouble_dash(max),0.31,MPa
43311_Q3,LossModulus_Gdouble_dash(max),0.36,MPa
43311_Q4,LossModulus_Gdouble_dash(max),0.28,MPa
43311_Q5,LossModulus_Gdouble_dash(max),0.28,MPa
43311_Q6,LossModulus_Gdouble_dash(max),0.34,MPa
43311_Q7,LossModulus_Gdouble_dash(max),0.37,MPa
43311_Q8,LossModulus_Gdouble_dash(max),0.33,MPa
43434_Q1,ML 1+1,80.09,ME
43434_Q2,ML 1+1,76.48,ME
43434_Q3,ML 1+1,78.02,ME
43434_Q4,ML 1+1,77.8,ME
43434_Q5,ML 1+1,78.72,ME
43434_Q6,ML 1+1,79.17,ME
43434_Q7,ML 1+1,79.66,ME
43434_Q8,ML 1+1,81.49,ME
43434_Q1,ML 1+4,67.66,ME
43434_Q2,ML 1+4,64.98,ME
43434_Q3,ML 1+4,65.7,ME
43434_Q4,ML 1+4,65.13,ME
43434_Q5,ML 1+4,65.84,ME
43434_Q6,ML 1+4,65.63,ME
43434_Q7,ML 1+4,66.63,ME
43434_Q8,ML 1+4,67.75,ME
43434_Q1,MSR,0.362,log(ME)/log(s)
43434_Q2,MSR,0.374,log(ME)/log(s)
43434_Q3,MSR,0.371,log(ME)/log(s)
43434_Q4,MSR,0.372,log(ME)/log(s)
43434_Q5,MSR,0.367,log(ME)/log(s)
43434_Q6,MSR,0.367,log(ME)/log(s)
43434_Q7,MSR,0.364,log(ME)/log(s)
43434_Q8,MSR,0.359,log(ME)/log(s)
43434_Q1,Umsatzzeit 90percent,1051.59,[sec]
43434_Q2,Umsatzzeit 90percent,1009.86,[sec]
43434_Q3,Umsatzzeit 90percent,990.36,[sec]
43434_Q4,Umsatzzeit 90percent,984.84,[sec]
43434_Q5,Umsatzzeit 90percent,1030.2,[sec]
43434_Q6,Umsatzzeit 90percent,1030.68,[sec]
43434_Q7,Umsatzzeit 90percent,1197.72,[sec]
43434_Q8,Umsatzzeit 90percent,963.54,[sec]
43434_Q1,S_dash bei 90percent Umsatz,16.54,dNm
43434_Q2,S_dash bei 90percent Umsatz,16.74,dNm
43434_Q3,S_dash bei 90percent Umsatz,16.93,dNm
43434_Q4,S_dash bei 90percent Umsatz,16.76,dNm
43434_Q5,S_dash bei 90percent Umsatz,17.14,dNm
43434_Q6,S_dash bei 90percent Umsatz,16.59,dNm
43434_Q7,S_dash bei 90percent Umsatz,16.24,dNm
43434_Q8,S_dash bei 90percent Umsatz,17.06,dNm
43434_Q1,Hardness_mean_value,64.47,Shore A
43434_Q2,Hardness_mean_value,63.77,Shore A
43434_Q3,Hardness_mean_value,63.5,Shore A
43434_Q4,Hardness_mean_value,64.67,Shore A
43434_Q5,Hardness_mean_value,64.3,Shore A
43434_Q6,Hardness_mean_value,63.6,Shore A
43434_Q7,Hardness_mean_value,63.37,Shore A
43434_Q8,Hardness_mean_value,63.43,Shore A
43434_Q1,Rebound_mean_value_1,36.6,percent
43434_Q2,Rebound_mean_value_1,35.8,percent
43434_Q3,Rebound_mean_value_1,34.93,percent
43434_Q4,Rebound_mean_value_1,35.67,percent
43434_Q5,Rebound_mean_value_1,35.4,percent
43434_Q6,Rebound_mean_value_1,35.8,percent
43434_Q7,Rebound_mean_value_1,36.2,percent
43434_Q8,Rebound_mean_value_1,36.53,percent
43434_Q1,Rebound_mean_value_2,58.5,percent
43434_Q2,Rebound_mean_value_2,60.0,percent
43434_Q3,Rebound_mean_value_2,60.5,percent
43434_Q4,Rebound_mean_value_2,60.0,percent
43434_Q5,Rebound_mean_value_2,60.0,percent
43434_Q6,Rebound_mean_value_2,60.5,percent
43434_Q7,Rebound_mean_value_2,59.5,percent
43434_Q8,Rebound_mean_value_2,59.5,percent
43434_Q1,Rebound_mean_value_3,62.5,percent
43434_Q2,Rebound_mean_value_3,63.0,percent
43434_Q3,Rebound_mean_value_3,62.5,percent
43434_Q4,Rebound_mean_value_3,61.5,percent
43434_Q5,Rebound_mean_value_3,63.0,percent
43434_Q6,Rebound_mean_value_3,63.5,percent
43434_Q7,Rebound_mean_value_3,61.5,percent
43434_Q8,Rebound_mean_value_3,62.0,percent
43434_Q1,S50,1.4,MPa
43434_Q2,S50,1.4,MPa
43434_Q3,S50,1.4,MPa
43434_Q4,S50,1.4,MPa
43434_Q5,S50,1.4,MPa
43434_Q6,S50,1.4,MPa
43434_Q7,S50,1.5,MPa
43434_Q8,S50,1.4,MPa
43434_Q1,S100,2.6,MPa
43434_Q2,S100,2.7,MPa
43434_Q3,S100,2.7,MPa
43434_Q4,S100,2.7,MPa
43434_Q5,S100,2.6,MPa
43434_Q6,S100,2.6,MPa
43434_Q7,S100,2.7,MPa
43434_Q8,S100,2.7,MPa
43434_Q1,S300,15.6,MPa
43434_Q2,S300,15.7,MPa
43434_Q3,S300,15.4,MPa
43434_Q4,S300,15.4,MPa
43434_Q5,S300,15.1,MPa
43434_Q6,S300,15.3,MPa
43434_Q7,S300,14.9,MPa
43434_Q8,S300,15.3,MPa
43434_Q1,D Median,334.0,percent
43434_Q2,D Median,363.0,percent
43434_Q3,D Median,359.0,percent
43434_Q4,D Median,345.0,percent
43434_Q5,D Median,357.0,percent
43434_Q6,D Median,329.0,percent
43434_Q7,D Median,348.0,percent
43434_Q8,D Median,348.0,percent
43434_Q1,F Median,18.6,MPa
43434_Q2,F Median,20.8,MPa
43434_Q3,F Median,19.9,MPa
43434_Q4,F Median,18.5,MPa
43434_Q5,F Median,19.6,MPa
43434_Q6,F Median,17.7,MPa
43434_Q7,F Median,18.2,MPa
43434_Q8,F Median,18.9,MPa
43434_Q1,E_dash_0_degree_celcius,25.47,MPa
43434_Q2,E_dash_0_degree_celcius,27.55,MPa
43434_Q3,E_dash_0_degree_celcius,32.42,MPa
43434_Q4,E_dash_0_degree_celcius,27.81,MPa
43434_Q5,E_dash_0_degree_celcius,25.96,MPa
43434_Q6,E_dash_0_degree_celcius,25.59,MPa
43434_Q7,E_dash_0_degree_celcius,31.21,MPa
43434_Q8,E_dash_0_degree_celcius,26.84,MPa
43434_Q1,E_double_dash_0_degree_celcius,7.55,MPa
43434_Q2,E_double_dash_0_degree_celcius,8.67,MPa
43434_Q3,E_double_dash_0_degree_celcius,9.45,MPa
43434_Q4,E_double_dash_0_degree_celcius,8.64,MPa
43434_Q5,E_double_dash_0_degree_celcius,8.03,MPa
43434_Q6,E_double_dash_0_degree_celcius,8.06,MPa
43434_Q7,E_double_dash_0_degree_celcius,9.0,MPa
43434_Q8,E_double_dash_0_degree_celcius,8.12,MPa
43434_Q1,E_dash_23_degree_celcius,14.04,MPa
43434_Q2,E_dash_23_degree_celcius,14.91,MPa
43434_Q3,E_dash_23_degree_celcius,17.84,MPa
43434_Q4,E_dash_23_degree_celcius,14.85,MPa
43434_Q5,E_dash_23_degree_celcius,14.13,MPa
43434_Q6,E_dash_23_degree_celcius,13.84,MPa
43434_Q7,E_dash_23_degree_celcius,17.11,MPa
43434_Q8,E_dash_23_degree_celcius,14.74,MPa
43434_Q1,E_double_dash_23_degree_celcius,2.33,MPa
43434_Q2,E_double_dash_23_degree_celcius,2.62,MPa
43434_Q3,E_double_dash_23_degree_celcius,3.01,MPa
43434_Q4,E_double_dash_23_degree_celcius,2.61,MPa
43434_Q5,E_double_dash_23_degree_celcius,2.41,MPa
43434_Q6,E_double_dash_23_degree_celcius,2.4,MPa
43434_Q7,E_double_dash_23_degree_celcius,2.86,MPa
43434_Q8,E_double_dash_23_degree_celcius,2.52,MPa
43434_Q1,E_dash_60_degree_celcius,8.7,MPa
43434_Q2,E_dash_60_degree_celcius,9.14,MPa
43434_Q3,E_dash_60_degree_celcius,10.72,MPa
43434_Q4,E_dash_60_degree_celcius,9.04,MPa
43434_Q5,E_dash_60_degree_celcius,8.68,MPa
43434_Q6,E_dash_60_degree_celcius,8.43,MPa
43434_Q7,E_dash_60_degree_celcius,10.36,MPa
43434_Q8,E_dash_60_degree_celcius,9.08,MPa
43434_Q1,E_double_dash_60_degree_celcius,0.74,MPa
43434_Q2,E_double_dash_60_degree_celcius,0.85,MPa
43434_Q3,E_double_dash_60_degree_celcius,0.98,MPa
43434_Q4,E_double_dash_60_degree_celcius,0.86,MPa
43434_Q5,E_double_dash_60_degree_celcius,0.77,MPa
43434_Q6,E_double_dash_60_degree_celcius,0.74,MPa
43434_Q7,E_double_dash_60_degree_celcius,0.94,MPa
43434_Q8,E_double_dash_60_degree_celcius,0.8,MPa
43434_Q1,tand d max,0.595,
43434_Q2,tand d max,0.595,
43434_Q3,tand d max,0.566,
43434_Q4,tand d max,0.596,
43434_Q5,tand d max,0.598,
43434_Q6,tand d max,0.601,
43434_Q7,tand d max,0.565,
43434_Q8,tand d max,0.591,
43434_Q1,Temperatur tan d max,-23.3,[°C]
43434_Q2,Temperatur tan d max,-22.2,[°C]
43434_Q3,Temperatur tan d max,-22.3,[°C]
43434_Q4,Temperatur tan d max,-22.3,[°C]
43434_Q5,Temperatur tan d max,-22.3,[°C]
43434_Q6,Temperatur tan d max,-22.3,[°C]
43434_Q7,Temperatur tan d max,-22.3,[°C]
43434_Q8,Temperatur tan d max,-22.2,[°C]
43434_Q1,ElasticModulus_G_dash_zero_point_five_percent_1_Messung,2.75,MPa
43434_Q2,ElasticModulus_G_dash_zero_point_five_percent_1_Messung,2.72,MPa
43434_Q3,ElasticModulus_G_dash_zero_point_five_percent_1_Messung,2.89,MPa
43434_Q4,ElasticModulus_G_dash_zero_point_five_percent_1_Messung,2.73,MPa
43434_Q5,ElasticModulus_G_dash_zero_point_five_percent_1_Messung,2.55,MPa
43434_Q6,ElasticModulus_G_dash_zero_point_five_percent_1_Messung,2.6,MPa
43434_Q7,ElasticModulus_G_dash_zero_point_five_percent_1_Messung,2.91,MPa
43434_Q8,ElasticModulus_G_dash_zero_point_five_percent_1_Messung,2.81,MPa
43434_Q1,ElasticModulus_G_dash_15_percent_1_Messung,1.3,MPa
43434_Q2,ElasticModulus_G_dash_15_percent_1_Messung,1.3,MPa
43434_Q3,ElasticModulus_G_dash_15_percent_1_Messung,1.32,MPa
43434_Q4,ElasticModulus_G_dash_15_percent_1_Messung,1.29,MPa
43434_Q5,ElasticModulus_G_dash_15_percent_1_Messung,1.28,MPa
43434_Q6,ElasticModulus_G_dash_15_percent_1_Messung,1.27,MPa
43434_Q7,ElasticModulus_G_dash_15_percent_1_Messung,1.33,MPa
43434_Q8,ElasticModulus_G_dash_15_percent_1_Messung,1.3,MPa
43434_Q1,tan_d_7_percent_1_Messung,0.152,MPa
43434_Q2,tan_d_7_percent_1_Messung,0.15,MPa
43434_Q3,tan_d_7_percent_1_Messung,0.159,MPa
43434_Q4,tan_d_7_percent_1_Messung,0.156,MPa
43434_Q5,tan_d_7_percent_1_Messung,0.145,MPa
43434_Q6,tan_d_7_percent_1_Messung,0.151,MPa
43434_Q7,tan_d_7_percent_1_Messung,0.155,MPa
43434_Q8,tan_d_7_percent_1_Messung,0.154,MPa
43434_Q1,LossModulus_Gdouble_dash(max),0.3,MPa
43434_Q2,LossModulus_Gdouble_dash(max),0.3,MPa
43434_Q3,LossModulus_Gdouble_dash(max),0.33,MPa
43434_Q4,LossModulus_Gdouble_dash(max),0.31,MPa
43434_Q5,LossModulus_Gdouble_dash(max),0.27,MPa
43434_Q6,LossModulus_Gdouble_dash(max),0.29,MPa
43434_Q7,LossModulus_Gdouble_dash(max),0.32,MPa
43434_Q8,LossModulus_Gdouble_dash(max),0.31,MPa
43855_Q1,ML 1+1,70.81,ME
43855_Q2,ML 1+1,70.74,ME
43855_Q3,ML 1+1,78.85,ME
43855_Q4,ML 1+1,73.17,ME
43855_Q5,ML 1+1,74.4,ME
43855_Q6,ML 1+1,79.04,ME
43855_Q7,ML 1+1,73.78,ME
43855_Q8,ML 1+1,73.03,ME
43855_Q1,ML 1+4,62.52,ME
43855_Q2,ML 1+4,62.17,ME
43855_Q3,ML 1+4,64.0,ME
43855_Q4,ML 1+4,63.92,ME
43855_Q5,ML 1+4,65.11,ME
43855_Q6,ML 1+4,64.72,ME
43855_Q7,ML 1+4,64.08,ME
43855_Q8,ML 1+4,63.56,ME
43855_Q1,MSR,0.462,log(ME)/log(s)
43855_Q2,MSR,0.465,log(ME)/log(s)
43855_Q3,MSR,0.427,log(ME)/log(s)
43855_Q4,MSR,0.452,log(ME)/log(s)
43855_Q5,MSR,0.459,log(ME)/log(s)
43855_Q6,MSR,0.4,log(ME)/log(s)
43855_Q7,MSR,0.45,log(ME)/log(s)
43855_Q8,MSR,0.453,log(ME)/log(s)
43855_Q1,Umsatzzeit 90percent,773.22,[sec]
43855_Q2,Umsatzzeit 90percent,784.2,[sec]
43855_Q3,Umsatzzeit 90percent,763.71,[sec]
43855_Q4,Umsatzzeit 90percent,786.66,[sec]
43855_Q5,Umsatzzeit 90percent,843.9,[sec]
43855_Q6,Umsatzzeit 90percent,834.99,[sec]
43855_Q7,Umsatzzeit 90percent,768.09,[sec]
43855_Q8,Umsatzzeit 90percent,763.35,[sec]
43855_Q1,S_dash bei 90percent Umsatz,17.59,dNm
43855_Q2,S_dash bei 90percent Umsatz,17.79,dNm
43855_Q3,S_dash bei 90percent Umsatz,17.23,dNm
43855_Q4,S_dash bei 90percent Umsatz,17.29,dNm
43855_Q5,S_dash bei 90percent Umsatz,17.36,dNm
43855_Q6,S_dash bei 90percent Umsatz,17.26,dNm
43855_Q7,S_dash bei 90percent Umsatz,17.44,dNm
43855_Q8,S_dash bei 90percent Umsatz,17.52,dNm
43855_Q1,Hardness_mean_value,63.53,Shore A
43855_Q2,Hardness_mean_value,62.1,Shore A
43855_Q3,Hardness_mean_value,61.57,Shore A
43855_Q4,Hardness_mean_value,62.63,Shore A
43855_Q5,Hardness_mean_value,62.53,Shore A
43855_Q6,Hardness_mean_value,62.43,Shore A
43855_Q7,Hardness_mean_value,62.37,Shore A
43855_Q8,Hardness_mean_value,62.37,Shore A
43855_Q1,Rebound_mean_value_1,39.2,percent
43855_Q2,Rebound_mean_value_1,39.53,percent
43855_Q3,Rebound_mean_value_1,41.2,percent
43855_Q4,Rebound_mean_value_1,40.2,percent
43855_Q5,Rebound_mean_value_1,38.8,percent
43855_Q6,Rebound_mean_value_1,38.87,percent
43855_Q7,Rebound_mean_value_1,39.2,percent
43855_Q8,Rebound_mean_value_1,38.33,percent
43855_Q1,Rebound_mean_value_2,60.5,percent
43855_Q2,Rebound_mean_value_2,58.5,percent
43855_Q3,Rebound_mean_value_2,59.5,percent
43855_Q4,Rebound_mean_value_2,59.5,percent
43855_Q5,Rebound_mean_value_2,61.0,percent
43855_Q6,Rebound_mean_value_2,60.0,percent
43855_Q7,Rebound_mean_value_2,60.5,percent
43855_Q8,Rebound_mean_value_2,59.5,percent
43855_Q1,Rebound_mean_value_3,61.0,percent
43855_Q2,Rebound_mean_value_3,62.5,percent
43855_Q3,Rebound_mean_value_3,62.5,percent
43855_Q4,Rebound_mean_value_3,61.5,percent
43855_Q5,Rebound_mean_value_3,61.5,percent
43855_Q6,Rebound_mean_value_3,62.5,percent
43855_Q7,Rebound_mean_value_3,62.0,percent
43855_Q8,Rebound_mean_value_3,62.5,percent
43855_Q1,S50,1.4,MPa
43855_Q2,S50,1.4,MPa
43855_Q3,S50,1.3,MPa
43855_Q4,S50,1.4,MPa
43855_Q5,S50,1.4,MPa
43855_Q6,S50,1.3,MPa
43855_Q7,S50,1.5,MPa
43855_Q8,S50,1.4,MPa
43855_Q1,S100,2.4,MPa
43855_Q2,S100,2.4,MPa
43855_Q3,S100,2.3,MPa
43855_Q4,S100,2.4,MPa
43855_Q5,S100,2.4,MPa
43855_Q6,S100,2.3,MPa
43855_Q7,S100,2.5,MPa
43855_Q8,S100,2.5,MPa
43855_Q1,S300,12.8,MPa
43855_Q2,S300,13.1,MPa
43855_Q3,S300,12.8,MPa
43855_Q4,S300,12.4,MPa
43855_Q5,S300,12.9,MPa
43855_Q6,S300,13.2,MPa
43855_Q7,S300,12.8,MPa
43855_Q8,S300,12.6,MPa
43855_Q1,D Median,422.0,percent
43855_Q2,D Median,435.0,percent
43855_Q3,D Median,442.0,percent
43855_Q4,D Median,423.0,percent
43855_Q5,D Median,411.0,percent
43855_Q6,D Median,398.0,percent
43855_Q7,D Median,446.0,percent
43855_Q8,D Median,391.0,percent
43855_Q1,F Median,20.8,MPa
43855_Q2,F Median,21.9,MPa
43855_Q3,F Median,21.2,MPa
43855_Q4,F Median,20.0,MPa
43855_Q5,F Median,19.4,MPa
43855_Q6,F Median,19.9,MPa
43855_Q7,F Median,21.8,MPa
43855_Q8,F Median,18.3,MPa
43855_Q1,E_dash_0_degree_celcius,26.04,MPa
43855_Q2,E_dash_0_degree_celcius,31.34,MPa
43855_Q3,E_dash_0_degree_celcius,30.14,MPa
43855_Q4,E_dash_0_degree_celcius,30.72,MPa
43855_Q5,E_dash_0_degree_celcius,30.28,MPa
43855_Q6,E_dash_0_degree_celcius,25.09,MPa
43855_Q7,E_dash_0_degree_celcius,32.28,MPa
43855_Q8,E_dash_0_degree_celcius,35.45,MPa
43855_Q1,E_double_dash_0_degree_celcius,7.3,MPa
43855_Q2,E_double_dash_0_degree_celcius,7.89,MPa
43855_Q3,E_double_dash_0_degree_celcius,7.67,MPa
43855_Q4,E_double_dash_0_degree_celcius,8.2,MPa
43855_Q5,E_double_dash_0_degree_celcius,7.81,MPa
43855_Q6,E_double_dash_0_degree_celcius,7.38,MPa
43855_Q7,E_double_dash_0_degree_celcius,8.47,MPa
43855_Q8,E_double_dash_0_degree_celcius,8.66,MPa
43855_Q1,E_dash_23_degree_celcius,15.3,MPa
43855_Q2,E_dash_23_degree_celcius,18.52,MPa
43855_Q3,E_dash_23_degree_celcius,17.68,MPa
43855_Q4,E_dash_23_degree_celcius,17.96,MPa
43855_Q5,E_dash_23_degree_celcius,17.72,MPa
43855_Q6,E_dash_23_degree_celcius,14.28,MPa
43855_Q7,E_dash_23_degree_celcius,18.85,MPa
43855_Q8,E_dash_23_degree_celcius,20.95,MPa
43855_Q1,E_double_dash_23_degree_celcius,2.43,MPa
43855_Q2,E_double_dash_23_degree_celcius,2.9,MPa
43855_Q3,E_double_dash_23_degree_celcius,2.76,MPa
43855_Q4,E_double_dash_23_degree_celcius,2.9,MPa
43855_Q5,E_double_dash_23_degree_celcius,2.84,MPa
43855_Q6,E_double_dash_23_degree_celcius,2.39,MPa
43855_Q7,E_double_dash_23_degree_celcius,3.07,MPa
43855_Q8,E_double_dash_23_degree_celcius,3.31,MPa
43855_Q1,E_dash_60_degree_celcius,9.64,MPa
43855_Q2,E_dash_60_degree_celcius,11.58,MPa
43855_Q3,E_dash_60_degree_celcius,11.03,MPa
43855_Q4,E_dash_60_degree_celcius,10.99,MPa
43855_Q5,E_dash_60_degree_celcius,11.12,MPa
43855_Q6,E_dash_60_degree_celcius,9.08,MPa
43855_Q7,E_dash_60_degree_celcius,11.67,MPa
43855_Q8,E_dash_60_degree_celcius,12.99,MPa
43855_Q1,E_double_dash_60_degree_celcius,0.85,MPa
43855_Q2,E_double_dash_60_degree_celcius,1.07,MPa
43855_Q3,E_double_dash_60_degree_celcius,1.01,MPa
43855_Q4,E_double_dash_60_degree_celcius,1.06,MPa
43855_Q5,E_double_dash_60_degree_celcius,1.07,MPa
43855_Q6,E_double_dash_60_degree_celcius,0.84,MPa
43855_Q7,E_double_dash_60_degree_celcius,1.13,MPa
43855_Q8,E_double_dash_60_degree_celcius,1.24,MPa
43855_Q1,tand d max,0.621,
43855_Q2,tand d max,0.572,
43855_Q3,tand d max,0.574,
43855_Q4,tand d max,0.584,
43855_Q5,tand d max,0.581,
43855_Q6,tand d max,0.613,
43855_Q7,tand d max,0.579,
43855_Q8,tand d max,0.545,
43855_Q1,Temperatur tan d max,-24.3,[°C]
43855_Q2,Temperatur tan d max,-26.3,[°C]
43855_Q3,Temperatur tan d max,-26.3,[°C]
43855_Q4,Temperatur tan d max,-25.3,[°C]
43855_Q5,Temperatur tan d max,-26.2,[°C]
43855_Q6,Temperatur tan d max,-24.3,[°C]
43855_Q7,Temperatur tan d max,-25.3,[°C]
43855_Q8,Temperatur tan d max,-26.2,[°C]
43855_Q1,ElasticModulus_G_dash_zero_point_five_percent_1_Messung,3.03,MPa
43855_Q2,ElasticModulus_G_dash_zero_point_five_percent_1_Messung,2.85,MPa
43855_Q3,ElasticModulus_G_dash_zero_point_five_percent_1_Messung,2.68,MPa
43855_Q4,ElasticModulus_G_dash_zero_point_five_percent_1_Messung,3.53,MPa
43855_Q5,ElasticModulus_G_dash_zero_point_five_percent_1_Messung,2.96,MPa
43855_Q6,ElasticModulus_G_dash_zero_point_five_percent_1_Messung,2.67,MPa
43855_Q7,ElasticModulus_G_dash_zero_point_five_percent_1_Messung,3.26,MPa
43855_Q8,ElasticModulus_G_dash_zero_point_five_percent_1_Messung,3.31,MPa
43855_Q1,ElasticModulus_G_dash_zero_point_five_percent_1_Messung,3.03,MPa
43855_Q2,ElasticModulus_G_dash_zero_point_five_percent_1_Messung,3.49,MPa
43855_Q3,ElasticModulus_G_dash_zero_point_five_percent_1_Messung,2.78,MPa
43855_Q4,ElasticModulus_G_dash_zero_point_five_percent_1_Messung,3.15,MPa
43855_Q5,ElasticModulus_G_dash_zero_point_five_percent_1_Messung,3.07,MPa
43855_Q6,ElasticModulus_G_dash_zero_point_five_percent_1_Messung,2.66,MPa
43855_Q7,ElasticModulus_G_dash_zero_point_five_percent_1_Messung,3.45,MPa
43855_Q8,ElasticModulus_G_dash_zero_point_five_percent_1_Messung,3.24,MPa
43855_Q1,ElasticModulus_G_dash_15_percent_1_Messung,1.33,MPa
43855_Q2,ElasticModulus_G_dash_15_percent_1_Messung,1.31,MPa
43855_Q3,ElasticModulus_G_dash_15_percent_1_Messung,1.29,MPa
43855_Q4,ElasticModulus_G_dash_15_percent_1_Messung,1.43,MPa
43855_Q5,ElasticModulus_G_dash_15_percent_1_Messung,1.31,MPa
43855_Q6,ElasticModulus_G_dash_15_percent_1_Messung,1.26,MPa
43855_Q7,ElasticModulus_G_dash_15_percent_1_Messung,1.37,MPa
43855_Q8,ElasticModulus_G_dash_15_percent_1_Messung,1.39,MPa
43855_Q1,ElasticModulus_G_dash_15_percent_1_Messung,1.34,MPa
43855_Q2,ElasticModulus_G_dash_15_percent_1_Messung,1.44,MPa
43855_Q3,ElasticModulus_G_dash_15_percent_1_Messung,1.31,MPa
43855_Q4,ElasticModulus_G_dash_15_percent_1_Messung,1.33,MPa
43855_Q5,ElasticModulus_G_dash_15_percent_1_Messung,1.34,MPa
43855_Q6,ElasticModulus_G_dash_15_percent_1_Messung,1.25,MPa
43855_Q7,ElasticModulus_G_dash_15_percent_1_Messung,1.42,MPa
43855_Q8,ElasticModulus_G_dash_15_percent_1_Messung,1.35,MPa
43855_Q1,tan_d_7_percent_1_Messung_1,0.161,MPa
43855_Q2,tan_d_7_percent_1_Messung_1,0.172,MPa
43855_Q3,tan_d_7_percent_1_Messung_1,0.167,MPa
43855_Q4,tan_d_7_percent_1_Messung_1,0.171,MPa
43855_Q5,tan_d_7_percent_1_Messung_1,0.155,MPa
43855_Q6,tan_d_7_percent_1_Messung_1,0.154,MPa
43855_Q7,tan_d_7_percent_1_Messung_1,0.173,MPa
43855_Q8,tan_d_7_percent_1_Messung_1,0.169,MPa
43855_Q1,tan_d_7_percent_1_Messung_2,0.161,MPa
43855_Q2,tan_d_7_percent_1_Messung_2,0.169,MPa
43855_Q3,tan_d_7_percent_1_Messung_2,0.165,MPa
43855_Q4,tan_d_7_percent_1_Messung_2,0.164,MPa
43855_Q5,tan_d_7_percent_1_Messung_2,0.156,MPa
43855_Q6,tan_d_7_percent_1_Messung_2,0.154,MPa
43855_Q7,tan_d_7_percent_1_Messung_2,0.172,MPa
43855_Q8,tan_d_7_percent_1_Messung_2,0.165,MPa
43855_Q1,LossModulus_Gdouble_dash(max)_1,0.34,MPa
43855_Q2,LossModulus_Gdouble_dash(max)_1,0.34,MPa
43855_Q3,LossModulus_Gdouble_dash(max)_1,0.31,MPa
43855_Q4,LossModulus_Gdouble_dash(max)_1,0.41,MPa
43855_Q5,LossModulus_Gdouble_dash(max)_1,0.32,MPa
43855_Q6,LossModulus_Gdouble_dash(max)_1,0.3,MPa
43855_Q7,LossModulus_Gdouble_dash(max)_1,0.38,MPa
43855_Q8,LossModulus_Gdouble_dash(max)_1,0.38,MPa
43855_Q1,LossModulus_Gdouble_dash(max)_2,0.34,MPa
43855_Q2,LossModulus_Gdouble_dash(max)_2,0.41,MPa
43855_Q3,LossModulus_Gdouble_dash(max)_2,0.32,MPa
43855_Q4,LossModulus_Gdouble_dash(max)_2,0.36,MPa
43855_Q5,LossModulus_Gdouble_dash(max)_2,0.34,MPa
43855_Q6,LossModulus_Gdouble_dash(max)_2,0.29,MPa
43855_Q7,LossModulus_Gdouble_dash(max)_2,0.4,MPa
43855_Q8,LossModulus_Gdouble_dash(max)_2,0.37,MPa
44313_Q1,ML 1+1,78.76,ME
44313_Q2,ML 1+1,64.23,ME
44313_Q3,ML 1+1,63.95,ME
44313_Q4,ML 1+1,74.72,ME
44313_Q5,ML 1+1,77.37,ME
44313_Q6,ML 1+1,65.73,ME
44313_Q7,ML 1+1,70.33,ME
44313_Q8,ML 1+1,68.97,ME
44313_Q1,ML 1+4,64.79,ME
44313_Q2,ML 1+4,56.54,ME
44313_Q3,ML 1+4,56.31,ME
44313_Q4,ML 1+4,62.4,ME
44313_Q5,ML 1+4,64.14,ME
44313_Q6,ML 1+4,58.35,ME
44313_Q7,ML 1+4,63.36,ME
44313_Q8,ML 1+4,61.29,ME
44313_Q1,MSR,0.358,log(ME)/log(s)
44313_Q2,MSR,0.456,log(ME)/log(s)
44313_Q3,MSR,0.458,log(ME)/log(s)
44313_Q4,MSR,0.43,log(ME)/log(s)
44313_Q5,MSR,0.359,log(ME)/log(s)
44313_Q6,MSR,0.47,log(ME)/log(s)
44313_Q7,MSR,0.489,log(ME)/log(s)
44313_Q8,MSR,0.474,log(ME)/log(s)
44313_Q1,Umsatzzeit 90percent,857.82,[sec]
44313_Q2,Umsatzzeit 90percent,808.02,[sec]
44313_Q3,Umsatzzeit 90percent,834.78,[sec]
44313_Q4,Umsatzzeit 90percent,767.52,[sec]
44313_Q5,Umsatzzeit 90percent,851.25,[sec]
44313_Q6,Umsatzzeit 90percent,808.92,[sec]
44313_Q7,Umsatzzeit 90percent,857.55,[sec]
44313_Q8,Umsatzzeit 90percent,832.8,[sec]
44313_Q1,S_dash bei 90percent Umsatz,15.69,dNm
44313_Q2,S_dash bei 90percent Umsatz,16.85,dNm
44313_Q3,S_dash bei 90percent Umsatz,16.6,dNm
44313_Q4,S_dash bei 90percent Umsatz,16.61,dNm
44313_Q5,S_dash bei 90percent Umsatz,15.52,dNm
44313_Q6,S_dash bei 90percent Umsatz,16.35,dNm
44313_Q7,S_dash bei 90percent Umsatz,16.05,dNm
44313_Q8,S_dash bei 90percent Umsatz,16.61,dNm
44313_Q1,Hardness_mean_value,61.27,Shore A
44313_Q2,Hardness_mean_value,63.17,Shore A
44313_Q3,Hardness_mean_value,64.23,Shore A
44313_Q4,Hardness_mean_value,62.43,Shore A
44313_Q5,Hardness_mean_value,61.77,Shore A
44313_Q6,Hardness_mean_value,61.0,Shore A
44313_Q7,Hardness_mean_value,62.5,Shore A
44313_Q8,Hardness_mean_value,62.77,Shore A
44313_Q1,Rebound_mean_value_1,60.5,percent
44313_Q2,Rebound_mean_value_1,57.5,percent
44313_Q3,Rebound_mean_value_1,60.0,percent
44313_Q4,Rebound_mean_value_1,61.0,percent
44313_Q5,Rebound_mean_value_1,60.5,percent
44313_Q6,Rebound_mean_value_1,61.0,percent
44313_Q7,Rebound_mean_value_1,62.0,percent
44313_Q8,Rebound_mean_value_1,61.5,percent
44313_Q1,Rebound_mean_value_2,36.87,percent
44313_Q2,Rebound_mean_value_2,37.47,percent
44313_Q3,Rebound_mean_value_2,37.4,percent
44313_Q4,Rebound_mean_value_2,37.93,percent
44313_Q5,Rebound_mean_value_2,37.2,percent
44313_Q6,Rebound_mean_value_2,40.53,percent
44313_Q7,Rebound_mean_value_2,40.07,percent
44313_Q8,Rebound_mean_value_2,39.33,percent
44313_Q1,Rebound_mean_value_3,58.5,percent
44313_Q2,Rebound_mean_value_3,56.5,percent
44313_Q3,Rebound_mean_value_3,56.5,percent
44313_Q4,Rebound_mean_value_3,59.5,percent
44313_Q5,Rebound_mean_value_3,58.5,percent
44313_Q6,Rebound_mean_value_3,58.5,percent
44313_Q7,Rebound_mean_value_3,,percent
44313_Q8,Rebound_mean_value_3,57.5,percent
44313_Q1,S50,1.4,MPa
44313_Q2,S50,1.5,MPa
44313_Q3,S50,1.5,MPa
44313_Q4,S50,1.6,MPa
44313_Q5,S50,1.4,MPa
44313_Q6,S50,1.5,MPa
44313_Q7,S50,1.5,MPa
44313_Q8,S50,1.6,MPa
44313_Q1,S100,2.5,MPa
44313_Q2,S100,2.7,MPa
44313_Q3,S100,2.7,MPa
44313_Q4,S100,2.9,MPa
44313_Q5,S100,2.5,MPa
44313_Q6,S100,2.7,MPa
44313_Q7,S100,2.7,MPa
44313_Q8,S100,2.8,MPa
44313_Q1,S300,13.6,MPa
44313_Q2,S300,13.6,MPa
44313_Q3,S300,13.4,MPa
44313_Q4,S300,14.5,MPa
44313_Q5,S300,14.3,MPa
44313_Q6,S300,13.6,MPa
44313_Q7,S300,13.3,MPa
44313_Q8,S300,13.8,MPa
44313_Q1,D Median,420.0,percent
44313_Q2,D Median,421.0,percent
44313_Q3,D Median,421.0,percent
44313_Q4,D Median,402.0,percent
44313_Q5,D Median,398.0,percent
44313_Q6,D Median,422.0,percent
44313_Q7,D Median,408.0,percent
44313_Q8,D Median,418.0,percent
44313_Q1,F Median,21.7,MPa
44313_Q2,F Median,21.5,MPa
44313_Q3,F Median,21.1,MPa
44313_Q4,F Median,21.4,MPa
44313_Q5,F Median,21.2,MPa
44313_Q6,F Median,21.7,MPa
44313_Q7,F Median,20.2,MPa
44313_Q8,F Median,21.5,MPa
44313_Q1,E_dash_0_degree_celcius,27.42,MPa
44313_Q2,E_dash_0_degree_celcius,34.53,MPa
44313_Q3,E_dash_0_degree_celcius,35.45,MPa
44313_Q4,E_dash_0_degree_celcius,30.0,MPa
44313_Q5,E_dash_0_degree_celcius,24.34,MPa
44313_Q6,E_dash_0_degree_celcius,33.35,MPa
44313_Q7,E_dash_0_degree_celcius,34.53,MPa
44313_Q8,E_dash_0_degree_celcius,33.43,MPa
44313_Q1,E_double_dash_0_degree_celcius,7.93,MPa
44313_Q2,E_double_dash_0_degree_celcius,8.94,MPa
44313_Q3,E_double_dash_0_degree_celcius,8.91,MPa
44313_Q4,E_double_dash_0_degree_celcius,8.11,MPa
44313_Q5,E_double_dash_0_degree_celcius,7.3,MPa
44313_Q6,E_double_dash_0_degree_celcius,8.69,MPa
44313_Q7,E_double_dash_0_degree_celcius,8.79,MPa
44313_Q8,E_double_dash_0_degree_celcius,8.47,MPa
44313_Q1,E_dash_23_degree_celcius,14.89,MPa
44313_Q2,E_dash_23_degree_celcius,19.95,MPa
44313_Q3,E_dash_23_degree_celcius,20.48,MPa
44313_Q4,E_dash_23_degree_celcius,16.91,MPa
44313_Q5,E_dash_23_degree_celcius,13.31,MPa
44313_Q6,E_dash_23_degree_celcius,19.21,MPa
44313_Q7,E_dash_23_degree_celcius,20.05,MPa
44313_Q8,E_dash_23_degree_celcius,19.39,MPa
44313_Q1,E_double_dash_23_degree_celcius,2.46,MPa
44313_Q2,E_double_dash_23_degree_celcius,3.39,MPa
44313_Q3,E_double_dash_23_degree_celcius,3.34,MPa
44313_Q4,E_double_dash_23_degree_celcius,2.72,MPa
44313_Q5,E_double_dash_23_degree_celcius,2.17,MPa
44313_Q6,E_double_dash_23_degree_celcius,3.17,MPa
44313_Q7,E_double_dash_23_degree_celcius,3.21,MPa
44313_Q8,E_double_dash_23_degree_celcius,3.06,MPa
44313_Q1,E_dash_60_degree_celcius,8.99,MPa
44313_Q2,E_dash_60_degree_celcius,12.14,MPa
44313_Q3,E_dash_60_degree_celcius,12.37,MPa
44313_Q4,E_dash_60_degree_celcius,10.31,MPa
44313_Q5,E_dash_60_degree_celcius,8.18,MPa
44313_Q6,E_dash_60_degree_celcius,11.54,MPa
44313_Q7,E_dash_60_degree_celcius,12.09,MPa
44313_Q8,E_dash_60_degree_celcius,11.75,MPa
44313_Q1,E_double_dash_60_degree_celcius,0.87,MPa
44313_Q2,E_double_dash_60_degree_celcius,1.38,MPa
44313_Q3,E_double_dash_60_degree_celcius,1.32,MPa
44313_Q4,E_double_dash_60_degree_celcius,0.96,MPa
44313_Q5,E_double_dash_60_degree_celcius,0.75,MPa
44313_Q6,E_double_dash_60_degree_celcius,1.22,MPa
44313_Q7,E_double_dash_60_degree_celcius,1.24,MPa
44313_Q8,E_double_dash_60_degree_celcius,1.17,MPa
44313_Q1,tand d max,0.589,
44313_Q2,tand d max,0.572,
44313_Q3,tand d max,0.558,
44313_Q4,tand d max,0.58,
44313_Q5,tand d max,0.619,
44313_Q6,tand d max,0.573,
44313_Q7,tand d max,0.568,
44313_Q8,tand d max,0.568,
44313_Q1,Temperatur tan d max,-19.3,[°C]
44313_Q2,Temperatur tan d max,-25.3,[°C]
44313_Q3,Temperatur tan d max,-25.3,[°C]
44313_Q4,Temperatur tan d max,-23.3,[°C]
44313_Q5,Temperatur tan d max,-22.3,[°C]
44313_Q6,Temperatur tan d max,-24.2,[°C]
44313_Q7,Temperatur tan d max,-24.2,[°C]
44313_Q8,Temperatur tan d max,-24.3,[°C]
44313_Q1,ElasticModulus_G_dash_zero_point_five_percent_1_Messung,2.59,MPa
44313_Q2,ElasticModulus_G_dash_zero_point_five_percent_1_Messung,3.12,MPa
44313_Q3,ElasticModulus_G_dash_zero_point_five_percent_1_Messung,3.05,MPa
44313_Q4,ElasticModulus_G_dash_zero_point_five_percent_1_Messung,2.96,MPa
44313_Q5,ElasticModulus_G_dash_zero_point_five_percent_1_Messung,2.45,MPa
44313_Q6,ElasticModulus_G_dash_zero_point_five_percent_1_Messung,2.96,MPa
44313_Q7,ElasticModulus_G_dash_zero_point_five_percent_1_Messung,3.1,MPa
44313_Q8,ElasticModulus_G_dash_zero_point_five_percent_1_Messung,2.96,MPa
44313_Q1,ElasticModulus_G_dash_15_percent_1_Messung,1.22,MPa
44313_Q2,ElasticModulus_G_dash_15_percent_1_Messung,1.31,MPa
44313_Q3,ElasticModulus_G_dash_15_percent_1_Messung,1.31,MPa
44313_Q4,ElasticModulus_G_dash_15_percent_1_Messung,1.34,MPa
44313_Q5,ElasticModulus_G_dash_15_percent_1_Messung,1.2,MPa
44313_Q6,ElasticModulus_G_dash_15_percent_1_Messung,1.31,MPa
44313_Q7,ElasticModulus_G_dash_15_percent_1_Messung,1.34,MPa
44313_Q8,ElasticModulus_G_dash_15_percent_1_Messung,1.32,MPa
44313_Q1,tan_d_7_percent_1_Messung,0.17,
44313_Q2,tan_d_7_percent_1_Messung,0.178,
44313_Q3,tan_d_7_percent_1_Messung,0.177,
44313_Q4,tan_d_7_percent_1_Messung,0.169,
44313_Q5,tan_d_7_percent_1_Messung,0.167,
44313_Q6,tan_d_7_percent_1_Messung,0.167,
44313_Q7,tan_d_7_percent_1_Messung,0.169,
44313_Q8,tan_d_7_percent_1_Messung,0.168,
44313_Q1,LossModulus_Gdouble_dash(max),0.31,MPa
44313_Q2,LossModulus_Gdouble_dash(max),0.38,MPa
44313_Q3,LossModulus_Gdouble_dash(max),0.37,MPa
44313_Q4,LossModulus_Gdouble_dash(max),0.35,MPa
44313_Q5,LossModulus_Gdouble_dash(max),0.29,MPa
44313_Q6,LossModulus_Gdouble_dash(max),0.34,MPa
44313_Q7,LossModulus_Gdouble_dash(max),0.36,MPa
44313_Q8,LossModulus_Gdouble_dash(max),0.34,MPa
44450_Q1,ML 1+1,94.06,ME
44450_Q2,ML 1+1,93.31,ME
44450_Q3,ML 1+1,95.57,ME
44450_Q4,ML 1+1,107.12,ME
44450_Q5,ML 1+1,91.94,ME
44450_Q6,ML 1+1,95.82,ME
44450_Q7,ML 1+1,107.48,ME
44450_Q8,ML 1+1,92.02,ME
44450_Q1,ML 1+4,83.53,ME
44450_Q2,ML 1+4,82.63,ME
44450_Q3,ML 1+4,85.11,ME
44450_Q4,ML 1+4,85.22,ME
44450_Q5,ML 1+4,81.0,ME
44450_Q6,ML 1+4,85.19,ME
44450_Q7,ML 1+4,84.81,ME
44450_Q8,ML 1+4,80.98,ME
44450_Q1,MSR,0.402,log(ME)/log(s)
44450_Q2,MSR,0.443,log(ME)/log(s)
44450_Q3,MSR,0.443,log(ME)/log(s)
44450_Q4,MSR,0.372,log(ME)/log(s)
44450_Q5,MSR,0.424,log(ME)/log(s)
44450_Q6,MSR,0.445,log(ME)/log(s)
44450_Q7,MSR,0.378,log(ME)/log(s)
44450_Q8,MSR,0.451,log(ME)/log(s)
44450_Q1,Umsatzzeit 90percent,1211.28,[sec]
44450_Q2,Umsatzzeit 90percent,752.46,[sec]
44450_Q3,Umsatzzeit 90percent,839.16,[sec]
44450_Q4,Umsatzzeit 90percent,769.41,[sec]
44450_Q5,Umsatzzeit 90percent,897.3,[sec]
44450_Q6,Umsatzzeit 90percent,791.25,[sec]
44450_Q7,Umsatzzeit 90percent,757.56,[sec]
44450_Q8,Umsatzzeit 90percent,733.71,[sec]
44450_Q1,S_dash bei 90percent Umsatz,16.71,dNm
44450_Q2,S_dash bei 90percent Umsatz,17.48,dNm
44450_Q3,S_dash bei 90percent Umsatz,17.65,dNm
44450_Q4,S_dash bei 90percent Umsatz,18.03,dNm
44450_Q5,S_dash bei 90percent Umsatz,17.55,dNm
44450_Q6,S_dash bei 90percent Umsatz,18.25,dNm
44450_Q7,S_dash bei 90percent Umsatz,18.3,dNm
44450_Q8,S_dash bei 90percent Umsatz,18.28,dNm
44450_Q1,Hardness_mean_value,63.7,Shore A
44450_Q2,Hardness_mean_value,62.8,Shore A
44450_Q3,Hardness_mean_value,63.33,Shore A
44450_Q4,Hardness_mean_value,63.63,Shore A
44450_Q5,Hardness_mean_value,62.8,Shore A
44450_Q6,Hardness_mean_value,63.3,Shore A
44450_Q7,Hardness_mean_value,62.33,Shore A
44450_Q8,Hardness_mean_value,61.8,Shore A
44450_Q1,Rebound_mean_value_1,39.6,percent
44450_Q2,Rebound_mean_value_1,40.2,percent
44450_Q3,Rebound_mean_value_1,40.07,percent
44450_Q4,Rebound_mean_value_1,39.53,percent
44450_Q5,Rebound_mean_value_1,40.0,percent
44450_Q6,Rebound_mean_value_1,40.6,percent
44450_Q7,Rebound_mean_value_1,39.8,percent
44450_Q8,Rebound_mean_value_1,39.53,percent
44450_Q1,Rebound_mean_value_2,63.5,percent
44450_Q2,Rebound_mean_value_2,63.5,percent
44450_Q3,Rebound_mean_value_2,62.5,percent
44450_Q4,Rebound_mean_value_2,62.5,percent
44450_Q5,Rebound_mean_value_2,62.5,percent
44450_Q6,Rebound_mean_value_2,63.0,percent
44450_Q7,Rebound_mean_value_2,62.0,percent
44450_Q8,Rebound_mean_value_2,61.5,percent
44450_Q1,Rebound_mean_value_3,67.0,percent
44450_Q2,Rebound_mean_value_3,65.0,percent
44450_Q3,Rebound_mean_value_3,65.5,percent
44450_Q4,Rebound_mean_value_3,65.5,percent
44450_Q5,Rebound_mean_value_3,65.5,percent
44450_Q6,Rebound_mean_value_3,64.5,percent
44450_Q7,Rebound_mean_value_3,66.5,percent
44450_Q8,Rebound_mean_value_3,64.5,percent
44450_Q1,S50,1.4,MPa
44450_Q2,S50,1.4,MPa
44450_Q3,S50,1.5,MPa
44450_Q4,S50,1.4,MPa
44450_Q5,S50,1.4,MPa
44450_Q6,S50,1.5,MPa
44450_Q7,S50,1.4,MPa
44450_Q8,S50,1.4,MPa
44450_Q1,S100,2.5,MPa
44450_Q2,S100,2.5,MPa
44450_Q3,S100,2.5,MPa
44450_Q4,S100,2.5,MPa
44450_Q5,S100,2.4,MPa
44450_Q6,S100,2.5,MPa
44450_Q7,S100,2.4,MPa
44450_Q8,S100,2.5,MPa
44450_Q1,S300,14.0,MPa
44450_Q2,S300,13.7,MPa
44450_Q3,S300,12.7,MPa
44450_Q4,S300,13.6,MPa
44450_Q5,S300,13.0,MPa
44450_Q6,S300,13.6,MPa
44450_Q7,S300,14.0,MPa
44450_Q8,S300,13.2,MPa
44450_Q1,D Median,421.0,percent
44450_Q2,D Median,406.0,percent
44450_Q3,D Median,429.0,percent
44450_Q4,D Median,410.0,percent
44450_Q5,D Median,442.0,percent
44450_Q6,D Median,408.0,percent
44450_Q7,D Median,423.0,percent
44450_Q8,D Median,401.0,percent
44450_Q1,F Median,22.2,MPa
44450_Q2,F Median,21.0,MPa
44450_Q3,F Median,21.0,MPa
44450_Q4,F Median,21.2,MPa
44450_Q5,F Median,22.1,MPa
44450_Q6,F Median,20.8,MPa
44450_Q7,F Median,22.7,MPa
44450_Q8,F Median,19.7,MPa
44450_Q1,E_dash_0_degree_celcius,30.28,MPa
44450_Q2,E_dash_0_degree_celcius,25.14,MPa
44450_Q3,E_dash_0_degree_celcius,25.25,MPa
44450_Q4,E_dash_0_degree_celcius,18.98,MPa
44450_Q5,E_dash_0_degree_celcius,25.32,MPa
44450_Q6,E_dash_0_degree_celcius,29.64,MPa
44450_Q7,E_dash_0_degree_celcius,17.9,MPa
44450_Q8,E_dash_0_degree_celcius,27.69,MPa
44450_Q1,E_double_dash_0_degree_celcius,8.2,MPa
44450_Q2,E_double_dash_0_degree_celcius,7.05,MPa
44450_Q3,E_double_dash_0_degree_celcius,7.16,MPa
44450_Q4,E_double_dash_0_degree_celcius,5.71,MPa
44450_Q5,E_double_dash_0_degree_celcius,6.8,MPa
44450_Q6,E_double_dash_0_degree_celcius,7.81,MPa
44450_Q7,E_double_dash_0_degree_celcius,5.36,MPa
44450_Q8,E_double_dash_0_degree_celcius,7.7,MPa
44450_Q1,E_dash_23_degree_celcius,17.54,MPa
44450_Q2,E_dash_23_degree_celcius,14.64,MPa
44450_Q3,E_dash_23_degree_celcius,14.76,MPa
44450_Q4,E_dash_23_degree_celcius,11.1,MPa
44450_Q5,E_dash_23_degree_celcius,14.62,MPa
44450_Q6,E_dash_23_degree_celcius,17.32,MPa
44450_Q7,E_dash_23_degree_celcius,10.54,MPa
44450_Q8,E_dash_23_degree_celcius,16.01,MPa
44450_Q1,E_double_dash_23_degree_celcius,2.82,MPa
44450_Q2,E_double_dash_23_degree_celcius,2.23,MPa
44450_Q3,E_double_dash_23_degree_celcius,2.26,MPa
44450_Q4,E_double_dash_23_degree_celcius,1.66,MPa
44450_Q5,E_double_dash_23_degree_celcius,2.25,MPa
44450_Q6,E_double_dash_23_degree_celcius,2.68,MPa
44450_Q7,E_double_dash_23_degree_celcius,1.52,MPa
44450_Q8,E_double_dash_23_degree_celcius,2.53,MPa
44450_Q1,E_dash_60_degree_celcius,10.85,MPa
44450_Q2,E_dash_60_degree_celcius,9.41,MPa
44450_Q3,E_dash_60_degree_celcius,9.34,MPa
44450_Q4,E_dash_60_degree_celcius,7.26,MPa
44450_Q5,E_dash_60_degree_celcius,9.25,MPa
44450_Q6,E_dash_60_degree_celcius,10.84,MPa
44450_Q7,E_dash_60_degree_celcius,7.03,MPa
44450_Q8,E_dash_60_degree_celcius,9.93,MPa
44450_Q1,E_double_dash_60_degree_celcius,0.97,MPa
44450_Q2,E_double_dash_60_degree_celcius,0.76,MPa
44450_Q3,E_double_dash_60_degree_celcius,0.75,MPa
44450_Q4,E_double_dash_60_degree_celcius,0.5,MPa
44450_Q5,E_double_dash_60_degree_celcius,0.73,MPa
44450_Q6,E_double_dash_60_degree_celcius,0.9,MPa
44450_Q7,E_double_dash_60_degree_celcius,0.47,MPa
44450_Q8,E_double_dash_60_degree_celcius,0.85,MPa
44450_Q1,tand d max,0.577,
44450_Q2,tand d max,0.612,
44450_Q3,tand d max,0.621,
44450_Q4,tand d max,0.658,
44450_Q5,tand d max,0.582,
44450_Q6,tand d max,0.578,
44450_Q7,tand d max,0.669,
44450_Q8,tand d max,0.597,
44450_Q1,Temperatur tan d max,-25.3,[°C]
44450_Q2,Temperatur tan d max,-24.3,[°C]
44450_Q3,Temperatur tan d max,-24.2,[°C]
44450_Q4,Temperatur tan d max,-23.2,[°C]
44450_Q5,Temperatur tan d max,-25.2,[°C]
44450_Q6,Temperatur tan d max,-24.3,[°C]
44450_Q7,Temperatur tan d max,-23.2,[°C]
44450_Q8,Temperatur tan d max,-24.3,[°C]
44450_Q1,ElasticModulus_G_dash_zero_point_five_percent_1_Messung,3.14,MPa
44450_Q2,ElasticModulus_G_dash_zero_point_five_percent_1_Messung,3.21,MPa
44450_Q3,ElasticModulus_G_dash_zero_point_five_percent_1_Messung,3.28,MPa
44450_Q4,ElasticModulus_G_dash_zero_point_five_percent_1_Messung,2.96,MPa
44450_Q5,ElasticModulus_G_dash_zero_point_five_percent_1_Messung,3.41,MPa
44450_Q6,ElasticModulus_G_dash_zero_point_five_percent_1_Messung,3.25,MPa
44450_Q7,ElasticModulus_G_dash_zero_point_five_percent_1_Messung,2.78,MPa
44450_Q8,ElasticModulus_G_dash_zero_point_five_percent_1_Messung,3.47,MPa
44450_Q1,ElasticModulus_G_dash_15_percent_1_Messung,1.48,MPa
44450_Q2,ElasticModulus_G_dash_15_percent_1_Messung,1.44,MPa
44450_Q3,ElasticModulus_G_dash_15_percent_1_Messung,1.46,MPa
44450_Q4,ElasticModulus_G_dash_15_percent_1_Messung,1.38,MPa
44450_Q5,ElasticModulus_G_dash_15_percent_1_Messung,1.45,MPa
44450_Q6,ElasticModulus_G_dash_15_percent_1_Messung,1.45,MPa
44450_Q7,ElasticModulus_G_dash_15_percent_1_Messung,1.36,MPa
44450_Q8,ElasticModulus_G_dash_15_percent_1_Messung,1.47,MPa
44450_Q1,tan_d_7_percent_1_Messung,0.152,
44450_Q2,tan_d_7_percent_1_Messung,0.152,
44450_Q3,tan_d_7_percent_1_Messung,0.148,
44450_Q4,tan_d_7_percent_1_Messung,0.152,
44450_Q5,tan_d_7_percent_1_Messung,0.16,
44450_Q6,tan_d_7_percent_1_Messung,0.153,
44450_Q7,tan_d_7_percent_1_Messung,0.147,
44450_Q8,tan_d_7_percent_1_Messung,0.157,
44450_Q1,LossModulus_Gdouble_dash(max),0.33,MPa
44450_Q2,LossModulus_Gdouble_dash(max),0.34,MPa
44450_Q3,LossModulus_Gdouble_dash(max),0.34,MPa
44450_Q4,LossModulus_Gdouble_dash(max),0.32,MPa
44450_Q5,LossModulus_Gdouble_dash(max),0.37,MPa
44450_Q6,LossModulus_Gdouble_dash(max),0.35,MPa
44450_Q7,LossModulus_Gdouble_dash(max),0.29,MPa
44450_Q8,LossModulus_Gdouble_dash(max),0.37,MPa
44530_Q1,ML 1+1,87.1,ME
44530_Q2,ML 1+1,81.46,ME
44530_Q3,ML 1+1,86.74,ME
44530_Q4,ML 1+1,88.72,ME
44530_Q5,ML 1+1,89.87,ME
44530_Q6,ML 1+1,84.41,ME
44530_Q7,ML 1+1,84.38,ME
44530_Q8,ML 1+1,88.56,ME
44530_Q1,ML 1+4,71.51,ME
44530_Q2,ML 1+4,70.28,ME
44530_Q3,ML 1+4,77.03,ME
44530_Q4,ML 1+4,76.02,ME
44530_Q5,ML 1+4,75.05,ME
44530_Q6,ML 1+4,70.95,ME
44530_Q7,ML 1+4,73.27,ME
44530_Q8,ML 1+4,76.09,ME
44530_Q1,MSR,0.325,log(ME)/log(s)
44530_Q2,MSR,0.346,log(ME)/log(s)
44530_Q3,MSR,0.397,log(ME)/log(s)
44530_Q4,MSR,0.345,log(ME)/log(s)
44530_Q5,MSR,0.316,log(ME)/log(s)
44530_Q6,MSR,0.379,log(ME)/log(s)
44530_Q7,MSR,0.357,log(ME)/log(s)
44530_Q8,MSR,0.347,log(ME)/log(s)
44530_Q1,Umsatzzeit 90percent,801.09,[sec]
44530_Q2,Umsatzzeit 90percent,716.32,[sec]
44530_Q3,Umsatzzeit 90percent,778.08,[sec]
44530_Q4,Umsatzzeit 90percent,710.28,[sec]
44530_Q5,Umsatzzeit 90percent,787.17,[sec]
44530_Q6,Umsatzzeit 90percent,724.59,[sec]
44530_Q7,Umsatzzeit 90percent,825.18,[sec]
44530_Q8,Umsatzzeit 90percent,581.19,[sec]
44530_Q1,S_dash bei 90percent Umsatz,16.97,dNm
44530_Q2,S_dash bei 90percent Umsatz,17.7,dNm
44530_Q3,S_dash bei 90percent Umsatz,17.38,dNm
44530_Q4,S_dash bei 90percent Umsatz,18.03,dNm
44530_Q5,S_dash bei 90percent Umsatz,17.39,dNm
44530_Q6,S_dash bei 90percent Umsatz,17.36,dNm
44530_Q7,S_dash bei 90percent Umsatz,17.76,dNm
44530_Q8,S_dash bei 90percent Umsatz,17.91,dNm
44530_Q1,Hardness_mean_value,68.8,Shore A
44530_Q2,Hardness_mean_value,67.43,Shore A
44530_Q3,Hardness_mean_value,66.87,Shore A
44530_Q4,Hardness_mean_value,68.1,Shore A
44530_Q5,Hardness_mean_value,66.93,Shore A
44530_Q6,Hardness_mean_value,67.53,Shore A
44530_Q7,Hardness_mean_value,67.2,Shore A
44530_Q8,Hardness_mean_value,67.0,Shore A
44530_Q1,Rebound_mean_value_1,33.53,percent
44530_Q2,Rebound_mean_value_1,35.67,percent
44530_Q3,Rebound_mean_value_1,35.87,percent
44530_Q4,Rebound_mean_value_1,34.8,percent
44530_Q5,Rebound_mean_value_1,32.67,percent
44530_Q6,Rebound_mean_value_1,35.6,percent
44530_Q7,Rebound_mean_value_1,36.27,percent
44530_Q8,Rebound_mean_value_1,35.6,percent
44530_Q1,Rebound_mean_value_2,56.5,percent
44530_Q2,Rebound_mean_value_2,56.0,percent
44530_Q3,Rebound_mean_value_2,57.5,percent
44530_Q4,Rebound_mean_value_2,56.5,percent
44530_Q5,Rebound_mean_value_2,56.5,percent
44530_Q6,Rebound_mean_value_2,57.5,percent
44530_Q7,Rebound_mean_value_2,57.5,percent
44530_Q8,Rebound_mean_value_2,58.5,percent
44530_Q1,Rebound_mean_value_3,60.0,percent
44530_Q2,Rebound_mean_value_3,61.5,percent
44530_Q3,Rebound_mean_value_3,61.5,percent
44530_Q4,Rebound_mean_value_3,59.5,percent
44530_Q5,Rebound_mean_value_3,59.5,percent
44530_Q6,Rebound_mean_value_3,60.0,percent
44530_Q7,Rebound_mean_value_3,60.5,percent
44530_Q8,Rebound_mean_value_3,60.5,percent
44530_Q1,S50,1.6,MPa
44530_Q2,S50,1.7,MPa
44530_Q3,S50,1.6,MPa
44530_Q4,S50,1.8,MPa
44530_Q5,S50,1.6,MPa
44530_Q6,S50,1.7,MPa
44530_Q7,S50,1.6,MPa
44530_Q8,S50,1.7,MPa
44530_Q1,S100,2.9,MPa
44530_Q2,S100,3.2,MPa
44530_Q3,S100,3.0,MPa
44530_Q4,S100,3.3,MPa
44530_Q5,S100,2.9,MPa
44530_Q6,S100,3.0,MPa
44530_Q7,S100,3.0,MPa
44530_Q8,S100,3.2,MPa
44530_Q1,S300,16.4,MPa
44530_Q2,S300,16.7,MPa
44530_Q3,S300,16.4,MPa
44530_Q4,S300,18.2,MPa
44530_Q5,S300,16.6,MPa
44530_Q6,S300,16.1,MPa
44530_Q7,S300,16.4,MPa
44530_Q8,S300,17.8,MPa
44530_Q1,D Median,353.0,percent
44530_Q2,D Median,330.0,percent
44530_Q3,D Median,375.0,percent
44530_Q4,D Median,340.0,percent
44530_Q5,D Median,357.0,percent
44530_Q6,D Median,381.0,percent
44530_Q7,D Median,368.0,percent
44530_Q8,D Median,361.0,percent
44530_Q1,F Median,20.6,MPa
44530_Q2,F Median,18.9,MPa
44530_Q3,F Median,22.4,MPa
44530_Q4,F Median,21.8,MPa
44530_Q5,F Median,21.4,MPa
44530_Q6,F Median,22.4,MPa
44530_Q7,F Median,21.8,MPa
44530_Q8,F Median,22.6,MPa
44530_Q1,E_dash_0_degree_celcius,27.14,MPa
44530_Q2,E_dash_0_degree_celcius,28.25,MPa
44530_Q3,E_dash_0_degree_celcius,31.34,MPa
44530_Q4,E_dash_0_degree_celcius,32.07,MPa
44530_Q5,E_dash_0_degree_celcius,28.83,MPa
44530_Q6,E_dash_0_degree_celcius,24.71,MPa
44530_Q7,E_dash_0_degree_celcius,28.53,MPa
44530_Q8,E_dash_0_degree_celcius,29.23,MPa
44530_Q1,E_double_dash_0_degree_celcius,8.95,MPa
44530_Q2,E_double_dash_0_degree_celcius,8.4,MPa
44530_Q3,E_double_dash_0_degree_celcius,8.71,MPa
44530_Q4,E_double_dash_0_degree_celcius,8.8,MPa
44530_Q5,E_double_dash_0_degree_celcius,9.32,MPa
44530_Q6,E_double_dash_0_degree_celcius,7.44,MPa
44530_Q7,E_double_dash_0_degree_celcius,8.03,MPa
44530_Q8,E_double_dash_0_degree_celcius,8.29,MPa
44530_Q1,E_dash_23_degree_celcius,13.69,MPa
44530_Q2,E_dash_23_degree_celcius,15.06,MPa
44530_Q3,E_dash_23_degree_celcius,16.76,MPa
44530_Q4,E_dash_23_degree_celcius,17.16,MPa
44530_Q5,E_dash_23_degree_celcius,14.46,MPa
44530_Q6,E_dash_23_degree_celcius,13.4,MPa
44530_Q7,E_dash_23_degree_celcius,15.48,MPa
44530_Q8,E_dash_23_degree_celcius,15.53,MPa
44530_Q1,E_double_dash_23_degree_celcius,2.4,MPa
44530_Q2,E_double_dash_23_degree_celcius,2.56,MPa
44530_Q3,E_double_dash_23_degree_celcius,2.75,MPa
44530_Q4,E_double_dash_23_degree_celcius,2.87,MPa
44530_Q5,E_double_dash_23_degree_celcius,2.58,MPa
44530_Q6,E_double_dash_23_degree_celcius,2.21,MPa
44530_Q7,E_double_dash_23_degree_celcius,2.53,MPa
44530_Q8,E_double_dash_23_degree_celcius,2.57,MPa
44530_Q1,E_dash_60_degree_celcius,8.28,MPa
44530_Q2,E_dash_60_degree_celcius,9.17,MPa
44530_Q3,E_dash_60_degree_celcius,10.03,MPa
44530_Q4,E_dash_60_degree_celcius,10.22,MPa
44530_Q5,E_dash_60_degree_celcius,8.53,MPa
44530_Q6,E_dash_60_degree_celcius,8.31,MPa
44530_Q7,E_dash_60_degree_celcius,9.43,MPa
44530_Q8,E_dash_60_degree_celcius,9.24,MPa
44530_Q1,E_double_dash_60_degree_celcius,0.71,MPa
44530_Q2,E_double_dash_60_degree_celcius,0.82,MPa
44530_Q3,E_double_dash_60_degree_celcius,0.87,MPa
44530_Q4,E_double_dash_60_degree_celcius,0.91,MPa
44530_Q5,E_double_dash_60_degree_celcius,0.75,MPa
44530_Q6,E_double_dash_60_degree_celcius,0.71,MPa
44530_Q7,E_double_dash_60_degree_celcius,0.82,MPa
44530_Q8,E_double_dash_60_degree_celcius,0.79,MPa
44530_Q1,tand d max,0.599,
44530_Q2,tand d max,0.586,
44530_Q3,tand d max,0.556,
44530_Q4,tand d max,0.553,
44530_Q5,tand d max,0.581,
44530_Q6,tand d max,0.619,
44530_Q7,tand d max,0.581,
44530_Q8,tand d max,0.565,
44530_Q1,Temperatur tan d max,-22.3,[°C]
44530_Q2,Temperatur tan d max,-24.2,[°C]
44530_Q3,Temperatur tan d max,-24.2,[°C]
44530_Q4,Temperatur tan d max,-25.2,[°C]
44530_Q5,Temperatur tan d max,-22.3,[°C]
44530_Q6,Temperatur tan d max,-24.2,[°C]
44530_Q7,Temperatur tan d max,-25.2,[°C]
44530_Q8,Temperatur tan d max,-25.3,[°C]
44530_Q1,ElasticModulus_G_dash_zero_point_five_percent_1_Messung,3.08,MPa
44530_Q2,ElasticModulus_G_dash_zero_point_five_percent_1_Messung,3.15,MPa
44530_Q3,ElasticModulus_G_dash_zero_point_five_percent_1_Messung,3.18,MPa
44530_Q4,ElasticModulus_G_dash_zero_point_five_percent_1_Messung,3.21,MPa
44530_Q5,ElasticModulus_G_dash_zero_point_five_percent_1_Messung,3.35,MPa
44530_Q6,ElasticModulus_G_dash_zero_point_five_percent_1_Messung,2.91,MPa
44530_Q7,ElasticModulus_G_dash_zero_point_five_percent_1_Messung,3.14,MPa
44530_Q8,ElasticModulus_G_dash_zero_point_five_percent_1_Messung,3.05,MPa
44530_Q1,ElasticModulus_G_dash_15_percent_1_Messung,1.42,MPa
44530_Q2,ElasticModulus_G_dash_15_percent_1_Messung,1.45,MPa
44530_Q3,ElasticModulus_G_dash_15_percent_1_Messung,1.46,MPa
44530_Q4,ElasticModulus_G_dash_15_percent_1_Messung,1.48,MPa
44530_Q5,ElasticModulus_G_dash_15_percent_1_Messung,1.45,MPa
44530_Q6,ElasticModulus_G_dash_15_percent_1_Messung,1.39,MPa
44530_Q7,ElasticModulus_G_dash_15_percent_1_Messung,1.43,MPa
44530_Q8,ElasticModulus_G_dash_15_percent_1_Messung,1.43,MPa
44530_Q1,tan_d_7_percent_1_Messung,0.175,
44530_Q2,tan_d_7_percent_1_Messung,0.173,
44530_Q3,tan_d_7_percent_1_Messung,0.164,
44530_Q4,tan_d_7_percent_1_Messung,0.172,
44530_Q5,tan_d_7_percent_1_Messung,0.176,
44530_Q6,tan_d_7_percent_1_Messung,0.166,
44530_Q7,tan_d_7_percent_1_Messung,0.173,
44530_Q8,tan_d_7_percent_1_Messung,0.166,
44530_Q1,LossModulus_Gdouble_dash(max),0.38,MPa
44530_Q2,LossModulus_Gdouble_dash(max),0.39,MPa
44530_Q3,LossModulus_Gdouble_dash(max),0.36,MPa
44530_Q4,LossModulus_Gdouble_dash(max),0.39,MPa
44530_Q5,LossModulus_Gdouble_dash(max),0.41,MPa
44530_Q6,LossModulus_Gdouble_dash(max),0.34,MPa
44530_Q7,LossModulus_Gdouble_dash(max),0.37,MPa
44530_Q8,LossModulus_Gdouble_dash(max),0.35,MPa
44560_Q1,ML 1+1,84.68,ME
44560_Q2,ML 1+1,80.71,ME
44560_Q3,ML 1+1,83.62,ME
44560_Q4,ML 1+1,81.31,ME
44560_Q5,ML 1+1,87.38,ME
44560_Q6,ML 1+1,83.35,ME
44560_Q7,ML 1+1,82.73,ME
44560_Q8,ML 1+1,77.18,ME
44560_Q1,ML 1+4,69.9,ME
44560_Q2,ML 1+4,69.65,ME
44560_Q3,ML 1+4,69.62,ME
44560_Q4,ML 1+4,70.45,ME
44560_Q5,ML 1+4,72.35,ME
44560_Q6,ML 1+4,74.38,ME
44560_Q7,ML 1+4,71.05,ME
44560_Q8,ML 1+4,66.89,ME
44560_Q1,MSR,0.328,log(ME)/log(s)
44560_Q2,MSR,0.365,log(ME)/log(s)
44560_Q3,MSR,0.379,log(ME)/log(s)
44560_Q4,MSR,0.363,log(ME)/log(s)
44560_Q5,MSR,0.32,log(ME)/log(s)
44560_Q6,MSR,0.409,log(ME)/log(s)
44560_Q7,MSR,0.356,log(ME)/log(s)
44560_Q8,MSR,0.356,log(ME)/log(s)
44560_Q1,Umsatzzeit 90percent,807.36,[sec]
44560_Q2,Umsatzzeit 90percent,844.59,[sec]
44560_Q3,Umsatzzeit 90percent,754.56,[sec]
44560_Q4,Umsatzzeit 90percent,856.62,[sec]
44560_Q5,Umsatzzeit 90percent,806.31,[sec]
44560_Q6,Umsatzzeit 90percent,824.22,[sec]
44560_Q7,Umsatzzeit 90percent,742.77,[sec]
44560_Q8,Umsatzzeit 90percent,743.28,[sec]
44560_Q1,S_dash bei 90percent Umsatz,16.69,dNm
44560_Q2,S_dash bei 90percent Umsatz,17.16,dNm
44560_Q3,S_dash bei 90percent Umsatz,16.87,dNm
44560_Q4,S_dash bei 90percent Umsatz,17.55,dNm
44560_Q5,S_dash bei 90percent Umsatz,16.77,dNm
44560_Q6,S_dash bei 90percent Umsatz,16.91,dNm
44560_Q7,S_dash bei 90percent Umsatz,17.17,dNm
44560_Q8,S_dash bei 90percent Umsatz,17.49,dNm
44560_Q1,Hardness_mean_value,65.13,Shore A
44560_Q2,Hardness_mean_value,64.5,Shore A
44560_Q3,Hardness_mean_value,65.47,Shore A
44560_Q4,Hardness_mean_value,65.1,Shore A
44560_Q5,Hardness_mean_value,65.17,Shore A
44560_Q6,Hardness_mean_value,64.1,Shore A
44560_Q7,Hardness_mean_value,64.97,Shore A
44560_Q8,Hardness_mean_value,65.57,Shore A
44560_Q1,Rebound_mean_value_1,35.6,percent
44560_Q2,Rebound_mean_value_1,37.73,percent
44560_Q3,Rebound_mean_value_1,37.6,percent
44560_Q4,Rebound_mean_value_1,37.8,percent
44560_Q5,Rebound_mean_value_1,35.8,percent
44560_Q6,Rebound_mean_value_1,38.6,percent
44560_Q7,Rebound_mean_value_1,37.2,percent
44560_Q8,Rebound_mean_value_1,36.6,percent
44560_Q1,Rebound_mean_value_2,56.5,percent
44560_Q2,Rebound_mean_value_2,58.0,percent
44560_Q3,Rebound_mean_value_2,59.5,percent
44560_Q4,Rebound_mean_value_2,57.5,percent
44560_Q5,Rebound_mean_value_2,58.0,percent
44560_Q6,Rebound_mean_value_2,59.0,percent
44560_Q7,Rebound_mean_value_2,57.5,percent
44560_Q8,Rebound_mean_value_2,57.5,percent
44560_Q1,Rebound_mean_value_3,61.5,percent
44560_Q2,Rebound_mean_value_3,60.5,percent
44560_Q3,Rebound_mean_value_3,61.5,percent
44560_Q4,Rebound_mean_value_3,61.5,percent
44560_Q5,Rebound_mean_value_3,60.5,percent
44560_Q6,Rebound_mean_value_3,61.5,percent
44560_Q7,Rebound_mean_value_3,61.0,percent
44560_Q8,Rebound_mean_value_3,61.5,percent
44560_Q1,S50,1.5,MPa
44560_Q2,S50,1.6,MPa
44560_Q3,S50,1.6,MPa
44560_Q4,S50,1.7,MPa
44560_Q5,S50,1.6,MPa
44560_Q6,S50,1.7,MPa
44560_Q7,S50,1.7,MPa
44560_Q8,S50,1.8,MPa
44560_Q1,S100,2.8,MPa
44560_Q2,S100,2.9,MPa
44560_Q3,S100,3.0,MPa
44560_Q4,S100,3.1,MPa
44560_Q5,S100,2.9,MPa
44560_Q6,S100,3.1,MPa
44560_Q7,S100,3.1,MPa
44560_Q8,S100,3.4,MPa
44560_Q1,S300,16.5,MPa
44560_Q2,S300,16.3,MPa
44560_Q3,S300,17.4,MPa
44560_Q4,S300,16.8,MPa
44560_Q5,S300,17.1,MPa
44560_Q6,S300,16.4,MPa
44560_Q7,S300,17.9,MPa
44560_Q8,S300,17.9,MPa
44560_Q1,D Median,335.0,percent
44560_Q2,D Median,369.0,percent
44560_Q3,D Median,369.0,percent
44560_Q4,D Median,362.0,percent
44560_Q5,D Median,362.0,percent
44560_Q6,D Median,373.0,percent
44560_Q7,D Median,371.0,percent
44560_Q8,D Median,351.0,percent
44560_Q1,F Median,19.7,MPa
44560_Q2,F Median,21.5,MPa
44560_Q3,F Median,23.2,MPa
44560_Q4,F Median,21.9,MPa
44560_Q5,F Median,22.1,MPa
44560_Q6,F Median,22.3,MPa
44560_Q7,F Median,23.8,MPa
44560_Q8,F Median,22.4,MPa
44560_Q1,E_dash_0_degree_celcius,30.71,MPa
44560_Q2,E_dash_0_degree_celcius,28.84,MPa
44560_Q3,E_dash_0_degree_celcius,27.24,MPa
44560_Q4,E_dash_0_degree_celcius,30.38,MPa
44560_Q5,E_dash_0_degree_celcius,32.47,MPa
44560_Q6,E_dash_0_degree_celcius,31.02,MPa
44560_Q7,E_dash_0_degree_celcius,31.34,MPa
44560_Q8,E_dash_0_degree_celcius,33.32,MPa
44560_Q1,E_double_dash_0_degree_celcius,9.53,MPa
44560_Q2,E_double_dash_0_degree_celcius,8.14,MPa
44560_Q3,E_double_dash_0_degree_celcius,7.86,MPa
44560_Q4,E_double_dash_0_degree_celcius,8.58,MPa
44560_Q5,E_double_dash_0_degree_celcius,10.01,MPa
44560_Q6,E_double_dash_0_degree_celcius,9.08,MPa
44560_Q7,E_double_dash_0_degree_celcius,8.8,MPa
44560_Q8,E_double_dash_0_degree_celcius,9.45,MPa
44560_Q1,E_dash_23_degree_celcius,15.93,MPa
44560_Q2,E_dash_23_degree_celcius,15.96,MPa
44560_Q3,E_dash_23_degree_celcius,15.09,MPa
44560_Q4,E_dash_23_degree_celcius,17.04,MPa
44560_Q5,E_dash_23_degree_celcius,16.43,MPa
44560_Q6,E_dash_23_degree_celcius,16.56,MPa
44560_Q7,E_dash_23_degree_celcius,16.98,MPa
44560_Q8,E_dash_23_degree_celcius,17.92,MPa
44560_Q1,E_double_dash_23_degree_celcius,2.79,MPa
44560_Q2,E_double_dash_23_degree_celcius,2.64,MPa
44560_Q3,E_double_dash_23_degree_celcius,2.52,MPa
44560_Q4,E_double_dash_23_degree_celcius,2.83,MPa
44560_Q5,E_double_dash_23_degree_celcius,2.94,MPa
44560_Q6,E_double_dash_23_degree_celcius,2.82,MPa
44560_Q7,E_double_dash_23_degree_celcius,2.87,MPa
44560_Q8,E_double_dash_23_degree_celcius,3.07,MPa
44560_Q1,E_dash_60_degree_celcius,9.45,MPa
44560_Q2,E_dash_60_degree_celcius,9.83,MPa
44560_Q3,E_dash_60_degree_celcius,9.12,MPa
44560_Q4,E_dash_60_degree_celcius,10.23,MPa
44560_Q5,E_dash_60_degree_celcius,9.4,MPa
44560_Q6,E_dash_60_degree_celcius,9.94,MPa
44560_Q7,E_dash_60_degree_celcius,10.0,MPa
44560_Q8,E_dash_60_degree_celcius,10.42,MPa
44560_Q1,E_double_dash_60_degree_celcius,0.9,MPa
44560_Q2,E_double_dash_60_degree_celcius,0.92,MPa
44560_Q3,E_double_dash_60_degree_celcius,0.85,MPa
44560_Q4,E_double_dash_60_degree_celcius,1.0,MPa
44560_Q5,E_double_dash_60_degree_celcius,0.89,MPa
44560_Q6,E_double_dash_60_degree_celcius,0.91,MPa
44560_Q7,E_double_dash_60_degree_celcius,0.93,MPa
44560_Q8,E_double_dash_60_degree_celcius,1.02,MPa
44560_Q1,tand d max,0.578,
44560_Q2,tand d max,0.597,
44560_Q3,tand d max,0.606,
44560_Q4,tand d max,0.596,
44560_Q5,tand d max,0.563,
44560_Q6,tand d max,0.584,
44560_Q7,tand d max,0.536,
44560_Q8,tand d max,0.57,
44560_Q1,Temperatur tan d max,-22.2,[°C]
44560_Q2,Temperatur tan d max,-25.3,[°C]
44560_Q3,Temperatur tan d max,-25.2,[°C]
44560_Q4,Temperatur tan d max,-25.2,[°C]
44560_Q5,Temperatur tan d max,-22.2,[°C]
44560_Q6,Temperatur tan d max,-23.2,[°C]
44560_Q7,Temperatur tan d max,-23.2,[°C]
44560_Q8,Temperatur tan d max,-25.3,[°C]
44560_Q1,ElasticModulus_G_dash_zero_point_five_percent_1_Messung,2.94,MPa
44560_Q2,ElasticModulus_G_dash_zero_point_five_percent_1_Messung,3.36,MPa
44560_Q3,ElasticModulus_G_dash_zero_point_five_percent_1_Messung,3.15,MPa
44560_Q4,ElasticModulus_G_dash_zero_point_five_percent_1_Messung,3.34,MPa
44560_Q5,ElasticModulus_G_dash_zero_point_five_percent_1_Messung,2.81,MPa
44560_Q6,ElasticModulus_G_dash_zero_point_five_percent_1_Messung,2.97,MPa
44560_Q7,ElasticModulus_G_dash_zero_point_five_percent_1_Messung,3.01,MPa
44560_Q8,ElasticModulus_G_dash_zero_point_five_percent_1_Messung,2.7,MPa
44560_Q1,ElasticModulus_G_dash_15_percent_1_Messung,1.38,MPa
44560_Q2,ElasticModulus_G_dash_15_percent_1_Messung,1.48,MPa
44560_Q3,ElasticModulus_G_dash_15_percent_1_Messung,1.46,MPa
44560_Q4,ElasticModulus_G_dash_15_percent_1_Messung,1.47,MPa
44560_Q5,ElasticModulus_G_dash_15_percent_1_Messung,1.33,MPa
44560_Q6,ElasticModulus_G_dash_15_percent_1_Messung,1.39,MPa
44560_Q7,ElasticModulus_G_dash_15_percent_1_Messung,1.4,MPa
44560_Q8,ElasticModulus_G_dash_15_percent_1_Messung,1.35,MPa
44560_Q1,tan_d_7_percent_1_Messung,0.17,
44560_Q2,tan_d_7_percent_1_Messung,0.175,
44560_Q3,tan_d_7_percent_1_Messung,0.174,
44560_Q4,tan_d_7_percent_1_Messung,0.178,
44560_Q5,tan_d_7_percent_1_Messung,0.167,
44560_Q6,tan_d_7_percent_1_Messung,0.168,
44560_Q7,tan_d_7_percent_1_Messung,0.169,
44560_Q8,tan_d_7_percent_1_Messung,0.165,
44560_Q1,LossModulus_Gdouble_dash(max),0.36,MPa
44560_Q2,LossModulus_Gdouble_dash(max),0.4,MPa
44560_Q3,LossModulus_Gdouble_dash(max),0.38,MPa
44560_Q4,LossModulus_Gdouble_dash(max),0.41,MPa
44560_Q5,LossModulus_Gdouble_dash(max),0.33,MPa
44560_Q6,LossModulus_Gdouble_dash(max),0.35,MPa
44560_Q7,LossModulus_Gdouble_dash(max),0.35,MPa
44560_Q8,LossModulus_Gdouble_dash(max),0.32,MPa
44756_Q1,ML 1+1,88.49,ME
44756_Q2,ML 1+1,114.63,ME
44756_Q3,ML 1+1,122.03,ME
44756_Q4,ML 1+1,103.88,ME
44756_Q5,ML 1+1,106.12,ME
44756_Q6,ML 1+1,114.64,ME
44756_Q7,ML 1+1,114.71,ME
44756_Q8,ML 1+1,90.25,ME
44756_Q1,ML 1+4,70.51,ME
44756_Q2,ML 1+4,85.81,ME
44756_Q3,ML 1+4,89.45,ME
44756_Q4,ML 1+4,80.81,ME
44756_Q5,ML 1+4,82.62,ME
44756_Q6,ML 1+4,86.3,ME
44756_Q7,ML 1+4,86.38,ME
44756_Q8,ML 1+4,71.59,ME
44756_Q1,MSR,0.373,log(ME)/log(s)
44756_Q2,MSR,0.338,log(ME)/log(s)
44756_Q3,MSR,0.331,log(ME)/log(s)
44756_Q4,MSR,0.351,log(ME)/log(s)
44756_Q5,MSR,0.345,log(ME)/log(s)
44756_Q6,MSR,0.346,log(ME)/log(s)
44756_Q7,MSR,0.337,log(ME)/log(s)
44756_Q8,MSR,0.374,log(ME)/log(s)
44756_Q1,Umsatzzeit 90percent,864.84,[sec]
44756_Q2,Umsatzzeit 90percent,840.36,[sec]
44756_Q3,Umsatzzeit 90percent,824.76,[sec]
44756_Q4,Umsatzzeit 90percent,870.06,[sec]
44756_Q5,Umsatzzeit 90percent,875.94,[sec]
44756_Q6,Umsatzzeit 90percent,849.18,[sec]
44756_Q7,Umsatzzeit 90percent,831.54,[sec]
44756_Q8,Umsatzzeit 90percent,894.96,[sec]
44756_Q1,S_dash bei 90percent Umsatz,16.12,dNm
44756_Q2,S_dash bei 90percent Umsatz,16.47,dNm
44756_Q3,S_dash bei 90percent Umsatz,16.88,dNm
44756_Q4,S_dash bei 90percent Umsatz,16.52,dNm
44756_Q5,S_dash bei 90percent Umsatz,16.43,dNm
44756_Q6,S_dash bei 90percent Umsatz,16.96,dNm
44756_Q7,S_dash bei 90percent Umsatz,16.74,dNm
44756_Q8,S_dash bei 90percent Umsatz,16.43,dNm
44756_Q1,Hardness_mean_value,62.5,Shore A
44756_Q2,Hardness_mean_value,62.27,Shore A
44756_Q3,Hardness_mean_value,63.63,Shore A
44756_Q4,Hardness_mean_value,61.6,Shore A
44756_Q5,Hardness_mean_value,62.37,Shore A
44756_Q6,Hardness_mean_value,64.13,Shore A
44756_Q7,Hardness_mean_value,62.4,Shore A
44756_Q8,Hardness_mean_value,61.9,Shore A
44756_Q1,Rebound_mean_value_1,40.2,percent
44756_Q2,Rebound_mean_value_1,39.07,percent
44756_Q3,Rebound_mean_value_1,38.47,percent
44756_Q4,Rebound_mean_value_1,39.07,percent
44756_Q5,Rebound_mean_value_1,38.8,percent
44756_Q6,Rebound_mean_value_1,37.53,percent
44756_Q7,Rebound_mean_value_1,37.8,percent
44756_Q8,Rebound_mean_value_1,39.6,percent
44756_Q1,Rebound_mean_value_2,62.5,percent
44756_Q2,Rebound_mean_value_2,62.5,percent
44756_Q3,Rebound_mean_value_2,64.5,percent
44756_Q4,Rebound_mean_value_2,61.5,percent
44756_Q5,Rebound_mean_value_2,61.5,percent
44756_Q6,Rebound_mean_value_2,61.0,percent
44756_Q7,Rebound_mean_value_2,62.5,percent
44756_Q8,Rebound_mean_value_2,62.0,percent
44756_Q1,Rebound_mean_value_3,62.5,percent
44756_Q2,Rebound_mean_value_3,67.0,percent
44756_Q3,Rebound_mean_value_3,66.0,percent
44756_Q4,Rebound_mean_value_3,63.5,percent
44756_Q5,Rebound_mean_value_3,65.5,percent
44756_Q6,Rebound_mean_value_3,63.0,percent
44756_Q7,Rebound_mean_value_3,65.5,percent
44756_Q8,Rebound_mean_value_3,62.5,percent
44756_Q1,S50,1.4,MPa
44756_Q2,S50,1.4,MPa
44756_Q3,S50,1.4,MPa
44756_Q4,S50,1.4,MPa
44756_Q5,S50,1.3,MPa
44756_Q6,S50,1.4,MPa
44756_Q7,S50,1.4,MPa
44756_Q8,S50,1.3,MPa
44756_Q1,S100,2.5,MPa
44756_Q2,S100,2.5,MPa
44756_Q3,S100,2.6,MPa
44756_Q4,S100,2.6,MPa
44756_Q5,S100,2.5,MPa
44756_Q6,S100,2.5,MPa
44756_Q7,S100,2.5,MPa
44756_Q8,S100,2.5,MPa
44756_Q1,S300,15.2,MPa
44756_Q2,S300,15.4,MPa
44756_Q3,S300,15.6,MPa
44756_Q4,S300,15.0,MPa
44756_Q5,S300,15.0,MPa
44756_Q6,S300,15.2,MPa
44756_Q7,S300,14.7,MPa
44756_Q8,S300,14.1,MPa
44756_Q1,D Median,373.0,percent
44756_Q2,D Median,366.0,percent
44756_Q3,D Median,382.0,percent
44756_Q4,D Median,372.0,percent
44756_Q5,D Median,382.0,percent
44756_Q6,D Median,364.0,percent
44756_Q7,D Median,368.0,percent
44756_Q8,D Median,380.0,percent
44756_Q1,F Median,20.3,MPa
44756_Q2,F Median,21.7,MPa
44756_Q3,F Median,21.8,MPa
44756_Q4,F Median,20.0,MPa
44756_Q5,F Median,21.0,MPa
44756_Q6,F Median,20.2,MPa
44756_Q7,F Median,20.2,MPa
44756_Q8,F Median,19.6,MPa
44756_Q1,E_dash_0_degree_celcius,15.98,MPa
44756_Q2,E_dash_0_degree_celcius,20.04,MPa
44756_Q3,E_dash_0_degree_celcius,24.08,MPa
44756_Q4,E_dash_0_degree_celcius,21.4,MPa
44756_Q5,E_dash_0_degree_celcius,20.45,MPa
44756_Q6,E_dash_0_degree_celcius,19.33,MPa
44756_Q7,E_dash_0_degree_celcius,23.38,MPa
44756_Q8,E_dash_0_degree_celcius,22.3,MPa
44756_Q1,E_double_dash_0_degree_celcius,5.35,MPa
44756_Q2,E_double_dash_0_degree_celcius,6.98,MPa
44756_Q3,E_double_dash_0_degree_celcius,8.65,MPa
44756_Q4,E_double_dash_0_degree_celcius,7.07,MPa
44756_Q5,E_double_dash_0_degree_celcius,7.02,MPa
44756_Q6,E_double_dash_0_degree_celcius,6.75,MPa
44756_Q7,E_double_dash_0_degree_celcius,8.41,MPa
44756_Q8,E_double_dash_0_degree_celcius,7.13,MPa
44756_Q1,E_dash_23_degree_celcius,8.99,MPa
44756_Q2,E_dash_23_degree_celcius,10.59,MPa
44756_Q3,E_dash_23_degree_celcius,12.52,MPa
44756_Q4,E_dash_23_degree_celcius,11.57,MPa
44756_Q5,E_dash_23_degree_celcius,11.08,MPa
44756_Q6,E_dash_23_degree_celcius,10.36,MPa
44756_Q7,E_dash_23_degree_celcius,12.19,MPa
44756_Q8,E_dash_23_degree_celcius,12.28,MPa
44756_Q1,E_double_dash_23_degree_celcius,1.37,MPa
44756_Q2,E_double_dash_23_degree_celcius,1.67,MPa
44756_Q3,E_double_dash_23_degree_celcius,2.12,MPa
44756_Q4,E_double_dash_23_degree_celcius,1.85,MPa
44756_Q5,E_double_dash_23_degree_celcius,1.79,MPa
44756_Q6,E_double_dash_23_degree_celcius,1.6,MPa
44756_Q7,E_double_dash_23_degree_celcius,2.05,MPa
44756_Q8,E_double_dash_23_degree_celcius,2.03,MPa
44756_Q1,E_dash_60_degree_celcius,6.17,MPa
44756_Q2,E_dash_60_degree_celcius,6.94,MPa
44756_Q3,E_dash_60_degree_celcius,7.87,MPa
44756_Q4,E_dash_60_degree_celcius,7.41,MPa
44756_Q5,E_dash_60_degree_celcius,7.11,MPa
44756_Q6,E_dash_60_degree_celcius,6.77,MPa
44756_Q7,E_dash_60_degree_celcius,7.62,MPa
44756_Q8,E_dash_60_degree_celcius,7.73,MPa
44756_Q1,E_double_dash_60_degree_celcius,0.49,MPa
44756_Q2,E_double_dash_60_degree_celcius,0.52,MPa
44756_Q3,E_double_dash_60_degree_celcius,0.63,MPa
44756_Q4,E_double_dash_60_degree_celcius,0.59,MPa
44756_Q5,E_double_dash_60_degree_celcius,0.56,MPa
44756_Q6,E_double_dash_60_degree_celcius,0.48,MPa
44756_Q7,E_double_dash_60_degree_celcius,0.59,MPa
44756_Q8,E_double_dash_60_degree_celcius,0.68,MPa
44756_Q1,tand d max,0.726,
44756_Q2,tand d max,0.655,
44756_Q3,tand d max,0.649,
44756_Q4,tand d max,0.651,
44756_Q5,tand d max,0.671,
44756_Q6,tand d max,0.664,
44756_Q7,tand d max,0.653,
44756_Q8,tand d max,0.657,
44756_Q1,Temperatur tan d max,-22.2,[°C]
44756_Q2,Temperatur tan d max,-20.2,[°C]
44756_Q3,Temperatur tan d max,-20.3,[°C]
44756_Q4,Temperatur tan d max,-21.2,[°C]
44756_Q5,Temperatur tan d max,-21.3,[°C]
44756_Q6,Temperatur tan d max,-20.3,[°C]
44756_Q7,Temperatur tan d max,-19.3,[°C]
44756_Q8,Temperatur tan d max,-22.3,[°C]
44756_Q1,ElasticModulus_G_dash_zero_point_five_percent_1_Messung,2.46,MPa
44756_Q2,ElasticModulus_G_dash_zero_point_five_percent_1_Messung,2.49,MPa
44756_Q3,ElasticModulus_G_dash_zero_point_five_percent_1_Messung,2.66,MPa
44756_Q4,ElasticModulus_G_dash_zero_point_five_percent_1_Messung,2.67,MPa
44756_Q5,ElasticModulus_G_dash_zero_point_five_percent_1_Messung,2.58,MPa
44756_Q6,ElasticModulus_G_dash_zero_point_five_percent_1_Messung,2.61,MPa
44756_Q7,ElasticModulus_G_dash_zero_point_five_percent_1_Messung,2.34,MPa
44756_Q8,ElasticModulus_G_dash_zero_point_five_percent_1_Messung,2.43,MPa
44756_Q1,ElasticModulus_G_dash_15_percent_1_Messung,1.28,MPa
44756_Q2,ElasticModulus_G_dash_15_percent_1_Messung,1.3,MPa
44756_Q3,ElasticModulus_G_dash_15_percent_1_Messung,1.32,MPa
44756_Q4,ElasticModulus_G_dash_15_percent_1_Messung,1.32,MPa
44756_Q5,ElasticModulus_G_dash_15_percent_1_Messung,1.3,MPa
44756_Q6,ElasticModulus_G_dash_15_percent_1_Messung,1.32,MPa
44756_Q7,ElasticModulus_G_dash_15_percent_1_Messung,1.23,MPa
44756_Q8,ElasticModulus_G_dash_15_percent_1_Messung,1.25,MPa
44756_Q1,tan_d_7_percent_1_Messung,0.156,
44756_Q2,tan_d_7_percent_1_Messung,0.151,
44756_Q3,tan_d_7_percent_1_Messung,0.15,
44756_Q4,tan_d_7_percent_1_Messung,0.154,
44756_Q5,tan_d_7_percent_1_Messung,0.154,
44756_Q6,tan_d_7_percent_1_Messung,0.153,
44756_Q7,tan_d_7_percent_1_Messung,0.152,
44756_Q8,tan_d_7_percent_1_Messung,0.158,
44756_Q1,LossModulus_Gdouble_dash(max),0.27,MPa
44756_Q2,LossModulus_Gdouble_dash(max),0.27,MPa
44756_Q3,LossModulus_Gdouble_dash(max),0.28,MPa
44756_Q4,LossModulus_Gdouble_dash(max),0.29,MPa
44756_Q5,LossModulus_Gdouble_dash(max),0.28,MPa
44756_Q6,LossModulus_Gdouble_dash(max),0.28,MPa
44756_Q7,LossModulus_Gdouble_dash(max),0.25,MPa
44756_Q8,LossModulus_Gdouble_dash(max),0.27,MPa
44758_Q1,ML 1+1,72.93,ME
44758_Q2,ML 1+1,76.39,ME
44758_Q3,ML 1+1,92.31,ME
44758_Q4,ML 1+1,89.65,ME
44758_Q5,ML 1+1,88.94,ME
44758_Q6,ML 1+1,96.58,ME
44758_Q7,ML 1+1,76.92,ME
44758_Q8,ML 1+1,72.18,ME
44758_Q1,ML 1+4,63.25,ME
44758_Q2,ML 1+4,67.49,ME
44758_Q3,ML 1+4,82.49,ME
44758_Q4,ML 1+4,80.09,ME
44758_Q5,ML 1+4,80.04,ME
44758_Q6,ML 1+4,85.75,ME
44758_Q7,ML 1+4,68.3,ME
44758_Q8,ML 1+4,63.09,ME
44758_Q1,MSR,0.464,log(ME)/log(s)
44758_Q2,MSR,0.474,log(ME)/log(s)
44758_Q3,MSR,0.41,log(ME)/log(s)
44758_Q4,MSR,0.419,log(ME)/log(s)
44758_Q5,MSR,0.413,log(ME)/log(s)
44758_Q6,MSR,0.396,log(ME)/log(s)
44758_Q7,MSR,0.482,log(ME)/log(s)
44758_Q8,MSR,0.469,log(ME)/log(s)
44758_Q1,Umsatzzeit 90percent,859.2,[sec]
44758_Q2,Umsatzzeit 90percent,970.2,[sec]
44758_Q3,Umsatzzeit 90percent,943.14,[sec]
44758_Q4,Umsatzzeit 90percent,972.3,[sec]
44758_Q5,Umsatzzeit 90percent,857.76,[sec]
44758_Q6,Umsatzzeit 90percent,1087.44,[sec]
44758_Q7,Umsatzzeit 90percent,1121.34,[sec]
44758_Q8,Umsatzzeit 90percent,964.86,[sec]
44758_Q1,S_dash bei 90percent Umsatz,17.71,dNm
44758_Q2,S_dash bei 90percent Umsatz,17.05,dNm
44758_Q3,S_dash bei 90percent Umsatz,17.14,dNm
44758_Q4,S_dash bei 90percent Umsatz,16.85,dNm
44758_Q5,S_dash bei 90percent Umsatz,17.19,dNm
44758_Q6,S_dash bei 90percent Umsatz,17.26,dNm
44758_Q7,S_dash bei 90percent Umsatz,16.37,dNm
44758_Q8,S_dash bei 90percent Umsatz,17.3,dNm
44758_Q1,Hardness_mean_value,64.5,Shore A
44758_Q2,Hardness_mean_value,65.43,Shore A
44758_Q3,Hardness_mean_value,64.3,Shore A
44758_Q4,Hardness_mean_value,63.73,Shore A
44758_Q5,Hardness_mean_value,63.63,Shore A
44758_Q6,Hardness_mean_value,66.6,Shore A
44758_Q7,Hardness_mean_value,65.2,Shore A
44758_Q8,Hardness_mean_value,65.13,Shore A
44758_Q1,Rebound_mean_value_1,36.13,percent
44758_Q2,Rebound_mean_value_1,36.2,percent
44758_Q3,Rebound_mean_value_1,35.6,percent
44758_Q4,Rebound_mean_value_1,36.27,percent
44758_Q5,Rebound_mean_value_1,36.8,percent
44758_Q6,Rebound_mean_value_1,36.4,percent
44758_Q7,Rebound_mean_value_1,36.0,percent
44758_Q8,Rebound_mean_value_1,36.0,percent
44758_Q1,Rebound_mean_value_2,60.0,percent
44758_Q2,Rebound_mean_value_2,60.0,percent
44758_Q3,Rebound_mean_value_2,62.5,percent
44758_Q4,Rebound_mean_value_2,60.5,percent
44758_Q5,Rebound_mean_value_2,62.0,percent
44758_Q6,Rebound_mean_value_2,62.0,percent
44758_Q7,Rebound_mean_value_2,60.5,percent
44758_Q8,Rebound_mean_value_2,56.5,percent
44758_Q1,Rebound_mean_value_3,62.5,percent
44758_Q2,Rebound_mean_value_3,63.5,percent
44758_Q3,Rebound_mean_value_3,65.5,percent
44758_Q4,Rebound_mean_value_3,65.0,percent
44758_Q5,Rebound_mean_value_3,66.5,percent
44758_Q6,Rebound_mean_value_3,66.5,percent
44758_Q7,Rebound_mean_value_3,62.5,percent
44758_Q8,Rebound_mean_value_3,62.5,percent
44758_Q1,S50,1.5,MPa
44758_Q2,S50,1.5,MPa
44758_Q3,S50,1.5,MPa
44758_Q4,S50,1.5,MPa
44758_Q5,S50,1.5,MPa
44758_Q6,S50,1.7,MPa
44758_Q7,S50,1.7,MPa
44758_Q8,S50,1.6,MPa
44758_Q1,S100,2.8,MPa
44758_Q2,S100,2.8,MPa
44758_Q3,S100,2.6,MPa
44758_Q4,S100,2.7,MPa
44758_Q5,S100,2.7,MPa
44758_Q6,S100,3.3,MPa
44758_Q7,S100,2.9,MPa
44758_Q8,S100,2.7,MPa
44758_Q1,S300,15.0,MPa
44758_Q2,S300,15.1,MPa
44758_Q3,S300,14.7,MPa
44758_Q4,S300,14.8,MPa
44758_Q5,S300,14.8,MPa
44758_Q6,S300,18.7,MPa
44758_Q7,S300,14.7,MPa
44758_Q8,S300,13.9,MPa
44758_Q1,D Median,386.0,percent
44758_Q2,D Median,357.0,percent
44758_Q3,D Median,372.0,percent
44758_Q4,D Median,370.0,percent
44758_Q5,D Median,355.0,percent
44758_Q6,D Median,327.0,percent
44758_Q7,D Median,349.0,percent
44758_Q8,D Median,382.0,percent
44758_Q1,F Median,20.8,MPa
44758_Q2,F Median,19.4,MPa
44758_Q3,F Median,20.2,MPa
44758_Q4,F Median,19.7,MPa
44758_Q5,F Median,18.6,MPa
44758_Q6,F Median,20.6,MPa
44758_Q7,F Median,18.1,MPa
44758_Q8,F Median,19.5,MPa
44758_Q1,E_dash_0_degree_celcius,37.49,MPa
44758_Q2,E_dash_0_degree_celcius,40.59,MPa
44758_Q3,E_dash_0_degree_celcius,31.35,MPa
44758_Q4,E_dash_0_degree_celcius,31.96,MPa
44758_Q5,E_dash_0_degree_celcius,35.38,MPa
44758_Q6,E_dash_0_degree_celcius,36.8,MPa
44758_Q7,E_dash_0_degree_celcius,42.55,MPa
44758_Q8,E_dash_0_degree_celcius,34.46,MPa
44758_Q1,E_double_dash_0_degree_celcius,10.33,MPa
44758_Q2,E_double_dash_0_degree_celcius,11.38,MPa
44758_Q3,E_double_dash_0_degree_celcius,10.52,MPa
44758_Q4,E_double_dash_0_degree_celcius,9.84,MPa
44758_Q5,E_double_dash_0_degree_celcius,10.79,MPa
44758_Q6,E_double_dash_0_degree_celcius,11.78,MPa
44758_Q7,E_double_dash_0_degree_celcius,12.14,MPa
44758_Q8,E_double_dash_0_degree_celcius,9.94,MPa
44758_Q1,E_dash_23_degree_celcius,20.97,MPa
44758_Q2,E_dash_23_degree_celcius,22.56,MPa
44758_Q3,E_dash_23_degree_celcius,16.71,MPa
44758_Q4,E_dash_23_degree_celcius,17.3,MPa
44758_Q5,E_dash_23_degree_celcius,18.99,MPa
44758_Q6,E_dash_23_degree_celcius,19.49,MPa
44758_Q7,E_dash_23_degree_celcius,23.7,MPa
44758_Q8,E_dash_23_degree_celcius,19.25,MPa
44758_Q1,E_double_dash_23_degree_celcius,3.61,MPa
44758_Q2,E_double_dash_23_degree_celcius,3.77,MPa
44758_Q3,E_double_dash_23_degree_celcius,2.98,MPa
44758_Q4,E_double_dash_23_degree_celcius,2.87,MPa
44758_Q5,E_double_dash_23_degree_celcius,3.37,MPa
44758_Q6,E_double_dash_23_degree_celcius,3.2,MPa
44758_Q7,E_double_dash_23_degree_celcius,4.11,MPa
44758_Q8,E_double_dash_23_degree_celcius,3.33,MPa
44758_Q1,E_dash_60_degree_celcius,12.6,MPa
44758_Q2,E_dash_60_degree_celcius,13.55,MPa
44758_Q3,E_dash_60_degree_celcius,9.94,MPa
44758_Q4,E_dash_60_degree_celcius,10.64,MPa
44758_Q5,E_dash_60_degree_celcius,11.24,MPa
44758_Q6,E_dash_60_degree_celcius,11.87,MPa
44758_Q7,E_dash_60_degree_celcius,13.91,MPa
44758_Q8,E_dash_60_degree_celcius,11.74,MPa
44758_Q1,E_double_dash_60_degree_celcius,1.37,MPa
44758_Q2,E_double_dash_60_degree_celcius,1.34,MPa
44758_Q3,E_double_dash_60_degree_celcius,0.94,MPa
44758_Q4,E_double_dash_60_degree_celcius,0.86,MPa
44758_Q5,E_double_dash_60_degree_celcius,1.15,MPa
44758_Q6,E_double_dash_60_degree_celcius,0.99,MPa
44758_Q7,E_double_dash_60_degree_celcius,1.48,MPa
44758_Q8,E_double_dash_60_degree_celcius,1.2,MPa
44758_Q1,tand d max,0.563,
44758_Q2,tand d max,0.542,
44758_Q3,tand d max,0.592,
44758_Q4,tand d max,0.571,
44758_Q5,tand d max,0.56,
44758_Q6,tand d max,0.575,
44758_Q7,tand d max,0.544,
44758_Q8,tand d max,0.58,
44758_Q1,Temperatur tan d max,-24.3,[°C]
44758_Q2,Temperatur tan d max,-22.3,[°C]
44758_Q3,Temperatur tan d max,-19.3,[°C]
44758_Q4,Temperatur tan d max,-20.2,[°C]
44758_Q5,Temperatur tan d max,-21.2,[°C]
44758_Q6,Temperatur tan d max,-19.2,[°C]
44758_Q7,Temperatur tan d max,-22.3,[°C]
44758_Q8,Temperatur tan d max,-23.2,[°C]
44758_Q1,ElasticModulus_G_dash_zero_point_five_percent_1_Messung,3.4,MPa
44758_Q2,ElasticModulus_G_dash_zero_point_five_percent_1_Messung,3.29,MPa
44758_Q3,ElasticModulus_G_dash_zero_point_five_percent_1_Messung,3.26,MPa
44758_Q4,ElasticModulus_G_dash_zero_point_five_percent_1_Messung,2.92,MPa
44758_Q5,ElasticModulus_G_dash_zero_point_five_percent_1_Messung,2.95,MPa
44758_Q6,ElasticModulus_G_dash_zero_point_five_percent_1_Messung,3.27,MPa
44758_Q7,ElasticModulus_G_dash_zero_point_five_percent_1_Messung,2.92,MPa
44758_Q8,ElasticModulus_G_dash_zero_point_five_percent_1_Messung,3.47,MPa
44758_Q1,ElasticModulus_G_dash_15_percent_1_Messung,1.44,MPa
44758_Q2,ElasticModulus_G_dash_15_percent_1_Messung,1.46,MPa
44758_Q3,ElasticModulus_G_dash_15_percent_1_Messung,1.45,MPa
44758_Q4,ElasticModulus_G_dash_15_percent_1_Messung,1.36,MPa
44758_Q5,ElasticModulus_G_dash_15_percent_1_Messung,1.4,MPa
44758_Q6,ElasticModulus_G_dash_15_percent_1_Messung,1.46,MPa
44758_Q7,ElasticModulus_G_dash_15_percent_1_Messung,1.34,MPa
44758_Q8,ElasticModulus_G_dash_15_percent_1_Messung,1.44,MPa
44758_Q1,tan_d_7_percent_1_Messung,0.169,
44758_Q2,tan_d_7_percent_1_Messung,0.164,
44758_Q3,tan_d_7_percent_1_Messung,0.152,
44758_Q4,tan_d_7_percent_1_Messung,0.151,
44758_Q5,tan_d_7_percent_1_Messung,0.153,
44758_Q6,tan_d_7_percent_1_Messung,0.159,
44758_Q7,tan_d_7_percent_1_Messung,0.16,
44758_Q8,tan_d_7_percent_1_Messung,0.174,
44758_Q1,LossModulus_Gdouble_dash(max),0.38,MPa
44758_Q2,LossModulus_Gdouble_dash(max),0.36,MPa
44758_Q3,LossModulus_Gdouble_dash(max),0.34,MPa
44758_Q4,LossModulus_Gdouble_dash(max),0.3,MPa
44758_Q5,LossModulus_Gdouble_dash(max),0.32,MPa
44758_Q6,LossModulus_Gdouble_dash(max),0.37,MPa
44758_Q7,LossModulus_Gdouble_dash(max),0.32,MPa
44758_Q8,LossModulus_Gdouble_dash(max),0.42,MPa
44760_Q1,ML 1+1,90.53,ME
44760_Q2,ML 1+1,84.97,ME
44760_Q3,ML 1+1,88.13,ME
44760_Q4,ML 1+1,73.84,ME
44760_Q5,ML 1+1,73.73,ME
44760_Q6,ML 1+1,87.97,ME
44760_Q7,ML 1+1,86.25,ME
44760_Q8,ML 1+1,91.02,ME
44760_Q1,ML 1+4,73.3,ME
44760_Q2,ML 1+4,75.38,ME
44760_Q3,ML 1+4,73.57,ME
44760_Q4,ML 1+4,65.39,ME
44760_Q5,ML 1+4,65.42,ME
44760_Q6,ML 1+4,73.49,ME
44760_Q7,ML 1+4,77.24,ME
44760_Q8,ML 1+4,75.08,ME
44760_Q1,MSR,0.389,log(ME)/log(s)
44760_Q2,MSR,0.43,log(ME)/log(s)
44760_Q3,MSR,0.391,log(ME)/log(s)
44760_Q4,MSR,0.479,log(ME)/log(s)
44760_Q5,MSR,0.476,log(ME)/log(s)
44760_Q6,MSR,0.383,log(ME)/log(s)
44760_Q7,MSR,0.421,log(ME)/log(s)
44760_Q8,MSR,0.379,log(ME)/log(s)
44760_Q1,Umsatzzeit 90percent,753.33,[sec]
44760_Q2,Umsatzzeit 90percent,931.11,[sec]
44760_Q3,Umsatzzeit 90percent,850.5,[sec]
44760_Q4,Umsatzzeit 90percent,935.16,[sec]
44760_Q5,Umsatzzeit 90percent,946.62,[sec]
44760_Q6,Umsatzzeit 90percent,880.5,[sec]
44760_Q7,Umsatzzeit 90percent,917.1,[sec]
44760_Q8,Umsatzzeit 90percent,824.28,[sec]
44760_Q1,S_dash bei 90percent Umsatz,16.2,dNm
44760_Q2,S_dash bei 90percent Umsatz,16.01,dNm
44760_Q3,S_dash bei 90percent Umsatz,16.18,dNm
44760_Q4,S_dash bei 90percent Umsatz,15.63,dNm
44760_Q5,S_dash bei 90percent Umsatz,15.68,dNm
44760_Q6,S_dash bei 90percent Umsatz,16.11,dNm
44760_Q7,S_dash bei 90percent Umsatz,16.31,dNm
44760_Q8,S_dash bei 90percent Umsatz,16.28,dNm
44760_Q1,Hardness_mean_value,61.63,Shore A
44760_Q2,Hardness_mean_value,60.6,Shore A
44760_Q3,Hardness_mean_value,62.67,Shore A
44760_Q4,Hardness_mean_value,61.57,Shore A
44760_Q5,Hardness_mean_value,62.23,Shore A
44760_Q6,Hardness_mean_value,61.77,Shore A
44760_Q7,Hardness_mean_value,62.57,Shore A
44760_Q8,Hardness_mean_value,63.13,Shore A
44760_Q1,Rebound_mean_value_1,37.53,percent
44760_Q2,Rebound_mean_value_1,38.87,percent
44760_Q3,Rebound_mean_value_1,38.0,percent
44760_Q4,Rebound_mean_value_1,38.53,percent
44760_Q5,Rebound_mean_value_1,39.0,percent
44760_Q6,Rebound_mean_value_1,38.0,percent
44760_Q7,Rebound_mean_value_1,38.93,percent
44760_Q8,Rebound_mean_value_1,37.13,percent
44760_Q1,Rebound_mean_value_2,63.5,percent
44760_Q2,Rebound_mean_value_2,63.5,percent
44760_Q3,Rebound_mean_value_2,61.5,percent
44760_Q4,Rebound_mean_value_2,63.0,percent
44760_Q5,Rebound_mean_value_2,63.5,percent
44760_Q6,Rebound_mean_value_2,61.5,percent
44760_Q7,Rebound_mean_value_2,64.5,percent
44760_Q8,Rebound_mean_value_2,62.5,percent
44760_Q1,Rebound_mean_value_3,65.5,percent
44760_Q2,Rebound_mean_value_3,67.5,percent
44760_Q3,Rebound_mean_value_3,64.5,percent
44760_Q4,Rebound_mean_value_3,66.0,percent
44760_Q5,Rebound_mean_value_3,66.5,percent
44760_Q6,Rebound_mean_value_3,66.0,percent
44760_Q7,Rebound_mean_value_3,66.5,percent
44760_Q8,Rebound_mean_value_3,66.5,percent
44760_Q1,S50,1.3,MPa
44760_Q2,S50,1.4,MPa
44760_Q3,S50,1.3,MPa
44760_Q4,S50,1.4,MPa
44760_Q5,S50,1.4,MPa
44760_Q6,S50,1.3,MPa
44760_Q7,S50,1.4,MPa
44760_Q8,S50,1.3,MPa
44760_Q1,S100,2.4,MPa
44760_Q2,S100,2.5,MPa
44760_Q3,S100,2.4,MPa
44760_Q4,S100,2.6,MPa
44760_Q5,S100,2.4,MPa
44760_Q6,S100,2.4,MPa
44760_Q7,S100,2.5,MPa
44760_Q8,S100,2.5,MPa
44760_Q1,S300,15.1,MPa
44760_Q2,S300,14.5,MPa
44760_Q3,S300,15.4,MPa
44760_Q4,S300,15.0,MPa
44760_Q5,S300,13.8,MPa
44760_Q6,S300,15.0,MPa
44760_Q7,S300,15.1,MPa
44760_Q8,S300,16.3,MPa
44760_Q1,D Median,381.0,percent
44760_Q2,D Median,383.0,percent
44760_Q3,D Median,362.0,percent
44760_Q4,D Median,396.0,percent
44760_Q5,D Median,353.0,percent
44760_Q6,D Median,377.0,percent
44760_Q7,D Median,382.0,percent
44760_Q8,D Median,341.0,percent
44760_Q1,F Median,21.3,MPa
44760_Q2,F Median,20.3,MPa
44760_Q3,F Median,20.3,MPa
44760_Q4,F Median,21.6,MPa
44760_Q5,F Median,17.5,MPa
44760_Q6,F Median,20.5,MPa
44760_Q7,F Median,21.0,MPa
44760_Q8,F Median,19.4,MPa
44760_Q1,E_dash_0_degree_celcius,20.84,MPa
44760_Q2,E_dash_0_degree_celcius,27.76,MPa
44760_Q3,E_dash_0_degree_celcius,21.22,MPa
44760_Q4,E_dash_0_degree_celcius,30.38,MPa
44760_Q5,E_dash_0_degree_celcius,26.89,MPa
44760_Q6,E_dash_0_degree_celcius,21.57,MPa
44760_Q7,E_dash_0_degree_celcius,21.26,MPa
44760_Q8,E_dash_0_degree_celcius,18.91,MPa
44760_Q1,E_double_dash_0_degree_celcius,7.36,MPa
44760_Q2,E_double_dash_0_degree_celcius,8.84,MPa
44760_Q3,E_double_dash_0_degree_celcius,6.89,MPa
44760_Q4,E_double_dash_0_degree_celcius,9.46,MPa
44760_Q5,E_double_dash_0_degree_celcius,8.79,MPa
44760_Q6,E_double_dash_0_degree_celcius,7.37,MPa
44760_Q7,E_double_dash_0_degree_celcius,7.38,MPa
44760_Q8,E_double_dash_0_degree_celcius,6.71,MPa
44760_Q1,E_dash_23_degree_celcius,11.11,MPa
44760_Q2,E_dash_23_degree_celcius,15.3,MPa
44760_Q3,E_dash_23_degree_celcius,11.56,MPa
44760_Q4,E_dash_23_degree_celcius,16.78,MPa
44760_Q5,E_dash_23_degree_celcius,14.87,MPa
44760_Q6,E_dash_23_degree_celcius,11.8,MPa
44760_Q7,E_dash_23_degree_celcius,11.54,MPa
44760_Q8,E_dash_23_degree_celcius,10.17,MPa
44760_Q1,E_double_dash_23_degree_celcius,1.79,MPa
44760_Q2,E_double_dash_23_degree_celcius,2.49,MPa
44760_Q3,E_double_dash_23_degree_celcius,1.82,MPa
44760_Q4,E_double_dash_23_degree_celcius,2.84,MPa
44760_Q5,E_double_dash_23_degree_celcius,2.46,MPa
44760_Q6,E_double_dash_23_degree_celcius,1.95,MPa
44760_Q7,E_double_dash_23_degree_celcius,1.9,MPa
44760_Q8,E_double_dash_23_degree_celcius,1.66,MPa
44760_Q1,E_dash_60_degree_celcius,7.04,MPa
44760_Q2,E_dash_60_degree_celcius,9.34,MPa
44760_Q3,E_dash_60_degree_celcius,7.53,MPa
44760_Q4,E_dash_60_degree_celcius,9.9,MPa
44760_Q5,E_dash_60_degree_celcius,9.05,MPa
44760_Q6,E_dash_60_degree_celcius,7.45,MPa
44760_Q7,E_dash_60_degree_celcius,7.42,MPa
44760_Q8,E_dash_60_degree_celcius,6.55,MPa
44760_Q1,E_double_dash_60_degree_celcius,0.53,MPa
44760_Q2,E_double_dash_60_degree_celcius,0.78,MPa
44760_Q3,E_double_dash_60_degree_celcius,0.61,MPa
44760_Q4,E_double_dash_60_degree_celcius,0.91,MPa
44760_Q5,E_double_dash_60_degree_celcius,0.77,MPa
44760_Q6,E_double_dash_60_degree_celcius,0.63,MPa
44760_Q7,E_double_dash_60_degree_celcius,0.59,MPa
44760_Q8,E_double_dash_60_degree_celcius,0.49,MPa
44760_Q1,tand d max,0.662,
44760_Q2,tand d max,0.615,
44760_Q3,tand d max,0.636,
44760_Q4,tand d max,0.6,
44760_Q5,tand d max,0.628,
44760_Q6,tand d max,0.664,
44760_Q7,tand d max,0.664,
44760_Q8,tand d max,0.68,
44760_Q1,Temperatur tan d max,-20.3,[°C]
44760_Q2,Temperatur tan d max,-20.3,[°C]
44760_Q3,Temperatur tan d max,-21.3,[°C]
44760_Q4,Temperatur tan d max,-21.2,[°C]
44760_Q5,Temperatur tan d max,-20.2,[°C]
44760_Q6,Temperatur tan d max,-20.3,[°C]
44760_Q7,Temperatur tan d max,-20.2,[°C]
44760_Q8,Temperatur tan d max,-20.3,[°C]
44760_Q1,ElasticModulus_G_dash_zero_point_five_percent_1_Messung,2.59,MPa
44760_Q2,ElasticModulus_G_dash_zero_point_five_percent_1_Messung,2.58,MPa
44760_Q3,ElasticModulus_G_dash_zero_point_five_percent_1_Messung,2.53,MPa
44760_Q4,ElasticModulus_G_dash_zero_point_five_percent_1_Messung,2.87,MPa
44760_Q5,ElasticModulus_G_dash_zero_point_five_percent_1_Messung,2.85,MPa
44760_Q6,ElasticModulus_G_dash_zero_point_five_percent_1_Messung,2.46,MPa
44760_Q7,ElasticModulus_G_dash_zero_point_five_percent_1_Messung,2.72,MPa
44760_Q8,ElasticModulus_G_dash_zero_point_five_percent_1_Messung,2.31,MPa
44760_Q1,ElasticModulus_G_dash_15_percent_1_Messung,1.28,MPa
44760_Q2,ElasticModulus_G_dash_15_percent_1_Messung,1.27,MPa
44760_Q3,ElasticModulus_G_dash_15_percent_1_Messung,1.29,MPa
44760_Q4,ElasticModulus_G_dash_15_percent_1_Messung,1.35,MPa
44760_Q5,ElasticModulus_G_dash_15_percent_1_Messung,1.33,MPa
44760_Q6,ElasticModulus_G_dash_15_percent_1_Messung,1.26,MPa
44760_Q7,ElasticModulus_G_dash_15_percent_1_Messung,1.32,MPa
44760_Q8,ElasticModulus_G_dash_15_percent_1_Messung,1.22,MPa
44760_Q1,tan_d_7_percent_1_Messung,0.16,
44760_Q2,tan_d_7_percent_1_Messung,0.149,
44760_Q3,tan_d_7_percent_1_Messung,0.152,
44760_Q4,tan_d_7_percent_1_Messung,0.159,
44760_Q5,tan_d_7_percent_1_Messung,0.164,
44760_Q6,tan_d_7_percent_1_Messung,0.153,
44760_Q7,tan_d_7_percent_1_Messung,0.149,
44760_Q8,tan_d_7_percent_1_Messung,0.151,
44760_Q1,LossModulus_Gdouble_dash(max),0.29,MPa
44760_Q2,LossModulus_Gdouble_dash(max),0.27,MPa
44760_Q3,LossModulus_Gdouble_dash(max),0.27,MPa
44760_Q4,LossModulus_Gdouble_dash(max),0.32,MPa
44760_Q5,LossModulus_Gdouble_dash(max),0.32,MPa
44760_Q6,LossModulus_Gdouble_dash(max),0.27,MPa
44760_Q7,LossModulus_Gdouble_dash(max),0.29,MPa
44760_Q8,LossModulus_Gdouble_dash(max),0.25,MPa
7022P_411491,Mooney Viscosity,54,
7022P_411491,Mooney Stress Relaxation,3.333,
7022P_411491,Styrene_Cont,21.0,
7022P_411491,Cis_Cont,13.5,
7022P_411491,Trans_Cont,15.5,
7022P_411491,Vinyl_Cont,49.9,
7022P_411491,Glass Transition Temperature,-24.8,
7022P_411491,Number Averaged Molecular Weight,279919,
7022P_411491,Weight Averaged Molecular Weight,322188,
7019P_411492,Mooney Viscosity,45,
7019P_411492,Mooney Stress Relaxation,1.145,
7019P_411492,Styrene_Cont,21.4,
7019P_411492,Cis_Cont,13.4,
7019P_411492,Trans_Cont,15.3,
7019P_411492,Vinyl_Cont,49.9,
7019P_411492,Glass Transition Temperature,-23.1,
7019P_411492,Number Averaged Molecular Weight,248386,
7019P_411492,Weight Averaged Molecular Weight,343234,
7022C_411493,Mooney Viscosity,49,
7022C_411493,Mooney Stress Relaxation,3.736,
7022C_411493,Styrene_Cont,20.9,
7022C_411493,Cis_Cont,13.4,
7022C_411493,Trans_Cont,15.2,
7022C_411493,Vinyl_Cont,50.5,
7022C_411493,Glass Transition Temperature,-23.9,
7022C_411493,Number Averaged Molecular Weight,170448,
7022C_411493,Weight Averaged Molecular Weight,207974,
7022E_411494,Mooney Viscosity,43,
7022E_411494,Mooney Stress Relaxation,1.265,
7022E_411494,Styrene_Cont,21.0,
7022E_411494,Cis_Cont,13.9,
7022E_411494,Trans_Cont,16.6,
7022E_411494,Vinyl_Cont,48.5,
7022E_411494,Glass Transition Temperature,-26.9,
7022E_411494,Number Averaged Molecular Weight,235005,
7022E_411494,Weight Averaged Molecular Weight,330549,
7022G_411495,Mooney Viscosity,70,
7022G_411495,Mooney Stress Relaxation,1.737,
7022G_411495,Styrene_Cont,21.0,
7022G_411495,Cis_Cont,13.7,
7022G_411495,Trans_Cont,16.0,
7022G_411495,Vinyl_Cont,49.3,
7022G_411495,Glass Transition Temperature,-24.6,
7022G_411495,Number Averaged Molecular Weight,256111,
7022G_411495,Weight Averaged Molecular Weight,288496,
7022S_411496,Mooney Viscosity,80,
7022S_411496,Mooney Stress Relaxation,0.905,
7022S_411496,Styrene_Cont,20.7,
7022S_411496,Cis_Cont,13.9,
7022S_411496,Trans_Cont,16.5,
7022S_411496,Vinyl_Cont,49.0,
7022S_411496,Glass Transition Temperature,-25.8,
7022S_411496,Number Averaged Molecular Weight,373294,
7022S_411496,Weight Averaged Molecular Weight,709747,
7024C_411497,Mooney Viscosity,55,
7024C_411497,Mooney Stress Relaxation,1.486,
7024C_411497,Styrene_Cont,21.2,
7024C_411497,Cis_Cont,13.4,
7024C_411497,Trans_Cont,15.6,
7024C_411497,Vinyl_Cont,49.8,
7024C_411497,Glass Transition Temperature,-24.5,
7024C_411497,Number Averaged Molecular Weight,262614,
7024C_411497,Weight Averaged Molecular Weight,306048,
7022P_411511,Mooney Viscosity,54,
7022P_411511,Mooney Stress Relaxation,3.333,
7022P_411511,Styrene_Cont,21.0,
7022P_411511,Cis_Cont,13.5,
7022P_411511,Trans_Cont,15.5,
7022P_411511,Vinyl_Cont,49.9,
7022P_411511,Glass Transition Temperature,-24.8,
7022P_411511,Number Averaged Molecular Weight,279919,
7022P_411511,Weight Averaged Molecular Weight,322188,
7019P_411512,Mooney Viscosity,45,
7019P_411512,Mooney Stress Relaxation,1.145,
7019P_411512,Styrene_Cont,21.4,
7019P_411512,Cis_Cont,13.4,
7019P_411512,Trans_Cont,15.3,
7019P_411512,Vinyl_Cont,49.9,
7019P_411512,Glass Transition Temperature,-23.1,
7019P_411512,Number Averaged Molecular Weight,248386,
7019P_411512,Weight Averaged Molecular Weight,343234,
7022C_411513,Mooney Viscosity,49,
7022C_411513,Mooney Stress Relaxation,3.736,
7022C_411513,Styrene_Cont,20.9,
7022C_411513,Cis_Cont,13.4,
7022C_411513,Trans_Cont,15.2,
7022C_411513,Vinyl_Cont,50.5,
7022C_411513,Glass Transition Temperature,-23.9,
7022C_411513,Number Averaged Molecular Weight,170448,
7022C_411513,Weight Averaged Molecular Weight,207974,
7022E_411514,Mooney Viscosity,43,
7022E_411514,Mooney Stress Relaxation,1.265,
7022E_411514,Styrene_Cont,21.0,
7022E_411514,Cis_Cont,13.9,
7022E_411514,Trans_Cont,16.6,
7022E_411514,Vinyl_Cont,48.5,
7022E_411514,Glass Transition Temperature,-26.9,
7022E_411514,Number Averaged Molecular Weight,235005,
7022E_411514,Weight Averaged Molecular Weight,330549,
7022G_411515,Mooney Viscosity,70,
7022G_411515,Mooney Stress Relaxation,1.737,
7022G_411515,Styrene_Cont,21.0,
7022G_411515,Cis_Cont,13.7,
7022G_411515,Trans_Cont,16.0,
7022G_411515,Vinyl_Cont,49.3,
7022G_411515,Glass Transition Temperature,-24.6,
7022G_411515,Number Averaged Molecular Weight,256111,
7022G_411515,Weight Averaged Molecular Weight,288496,
7022S_411516,Mooney Viscosity,80,
7022S_411516,Mooney Stress Relaxation,0.905,
7022S_411516,Styrene_Cont,20.7,
7022S_411516,Cis_Cont,13.9,
7022S_411516,Trans_Cont,16.5,
7022S_411516,Vinyl_Cont,49.0,
7022S_411516,Glass Transition Temperature,-25.8,
7022S_411516,Number Averaged Molecular Weight,373294,
7022S_411516,Weight Averaged Molecular Weight,709747,
7024C_411517,Mooney Viscosity,55,
7024C_411517,Mooney Stress Relaxation,1.486,
7024C_411517,Styrene_Cont,21.2,
7024C_411517,Cis_Cont,13.4,
7024C_411517,Trans_Cont,15.6,
7024C_411517,Vinyl_Cont,49.8,
7024C_411517,Glass Transition Temperature,-24.5,
7024C_411517,Number Averaged Molecular Weight,262614,
7024C_411517,Weight Averaged Molecular Weight,306048,
7022P_411531,Mooney Viscosity,54,
7022P_411531,Mooney Stress Relaxation,3.333,
7022P_411531,Styrene_Cont,21.0,
7022P_411531,Cis_Cont,13.5,
7022P_411531,Trans_Cont,15.5,
7022P_411531,Vinyl_Cont,49.9,
7022P_411531,Glass Transition Temperature,-24.8,
7022P_411531,Number Averaged Molecular Weight,279919,
7022P_411531,Weight Averaged Molecular Weight,322188,
7019U_411532,Mooney Viscosity,44,
7019U_411532,Mooney Stress Relaxation,1.279,
7019U_411532,Styrene_Cont,21.2,
7019U_411532,Cis_Cont,13.2,
7019U_411532,Trans_Cont,15.4,
7019U_411532,Vinyl_Cont,50.3,
7019U_411532,Glass Transition Temperature,-23.8,
7019U_411532,Number Averaged Molecular Weight,253128,
7019U_411532,Weight Averaged Molecular Weight,343727,
7019X_411533,Mooney Viscosity,49,
7019X_411533,Mooney Stress Relaxation,4.169,
7019X_411533,Styrene_Cont,21.4,
7019X_411533,Cis_Cont,13.4,
7019X_411533,Trans_Cont,15.4,
7019X_411533,Vinyl_Cont,49.8,
7019X_411533,Glass Transition Temperature,-22.6,
7019X_411533,Number Averaged Molecular Weight,166409,
7019X_411533,Weight Averaged Molecular Weight,205170,
7022D_411534,Mooney Viscosity,57,
7022D_411534,Mooney Stress Relaxation,1.191,
7022D_411534,Styrene_Cont,21.0,
7022D_411534,Cis_Cont,13.4,
7022D_411534,Trans_Cont,15.6,
7022D_411534,Vinyl_Cont,50.0,
7022D_411534,Glass Transition Temperature,-25.0,
7022D_411534,Number Averaged Molecular Weight,258386,
7022D_411534,Weight Averaged Molecular Weight,378848,
7022H_411535,Mooney Viscosity,74,
7022H_411535,Mooney Stress Relaxation,1.729,
7022H_411535,Styrene_Cont,20.9,
7022H_411535,Cis_Cont,13.6,
7022H_411535,Trans_Cont,15.9,
7022H_411535,Vinyl_Cont,49.5,
7022H_411535,Glass Transition Temperature,-22.7,
7022H_411535,Number Averaged Molecular Weight,266045,
7022H_411535,Weight Averaged Molecular Weight,300674,
7024D_411536,Mooney Viscosity,75,
7024D_411536,Mooney Stress Relaxation,1.061,
7024D_411536,Styrene_Cont,20.9,
7024D_411536,Cis_Cont,14.3,
7024D_411536,Trans_Cont,16.0,
7024D_411536,Vinyl_Cont,48.8,
7024D_411536,Glass Transition Temperature,-24.3,
7024D_411536,Number Averaged Molecular Weight,415630,
7024D_411536,Weight Averaged Molecular Weight,878098,
7024A_411537,Mooney Viscosity,64,
7024A_411537,Mooney Stress Relaxation,1.763,
7024A_411537,Styrene_Cont,21.2,
7024A_411537,Cis_Cont,13.3,
7024A_411537,Trans_Cont,14.9,
7024A_411537,Vinyl_Cont,50.6,
7024A_411537,Glass Transition Temperature,-25.4,
7024A_411537,Number Averaged Molecular Weight,283734,
7024A_411537,Weight Averaged Molecular Weight,323588,
7022P_411551,Mooney Viscosity,54,
7022P_411551,Mooney Stress Relaxation,3.333,
7022P_411551,Styrene_Cont,21.0,
7022P_411551,Cis_Cont,13.5,
7022P_411551,Trans_Cont,15.5,
7022P_411551,Vinyl_Cont,49.9,
7022P_411551,Glass Transition Temperature,-24.8,
7022P_411551,Number Averaged Molecular Weight,279919,
7022P_411551,Weight Averaged Molecular Weight,322188,
7019U_411552,Mooney Viscosity,44,
7019U_411552,Mooney Stress Relaxation,1.279,
7019U_411552,Styrene_Cont,21.2,
7019U_411552,Cis_Cont,13.2,
7019U_411552,Trans_Cont,15.4,
7019U_411552,Vinyl_Cont,50.3,
7019U_411552,Glass Transition Temperature,-23.8,
7019U_411552,Number Averaged Molecular Weight,253128,
7019U_411552,Weight Averaged Molecular Weight,343727,
7019X_411553,Mooney Viscosity,49,
7019X_411553,Mooney Stress Relaxation,4.169,
7019X_411553,Styrene_Cont,21.4,
7019X_411553,Cis_Cont,13.4,
7019X_411553,Trans_Cont,15.4,
7019X_411553,Vinyl_Cont,49.8,
7019X_411553,Glass Transition Temperature,-22.6,
7019X_411553,Number Averaged Molecular Weight,166409,
7019X_411553,Weight Averaged Molecular Weight,205170,
7022D_411554,Mooney Viscosity,57,
7022D_411554,Mooney Stress Relaxation,1.191,
7022D_411554,Styrene_Cont,21.0,
7022D_411554,Cis_Cont,13.4,
7022D_411554,Trans_Cont,15.6,
7022D_411554,Vinyl_Cont,50.0,
7022D_411554,Glass Transition Temperature,-25.0,
7022D_411554,Number Averaged Molecular Weight,258386,
7022D_411554,Weight Averaged Molecular Weight,378848,
7022H_411555,Mooney Viscosity,74,
7022H_411555,Mooney Stress Relaxation,1.729,
7022H_411555,Styrene_Cont,20.9,
7022H_411555,Cis_Cont,13.6,
7022H_411555,Trans_Cont,15.9,
7022H_411555,Vinyl_Cont,49.5,
7022H_411555,Glass Transition Temperature,-22.7,
7022H_411555,Number Averaged Molecular Weight,266045,
7022H_411555,Weight Averaged Molecular Weight,300674,
7024D_411556,Mooney Viscosity,75,
7024D_411556,Mooney Stress Relaxation,1.061,
7024D_411556,Styrene_Cont,20.9,
7024D_411556,Cis_Cont,14.3,
7024D_411556,Trans_Cont,16.0,
7024D_411556,Vinyl_Cont,48.8,
7024D_411556,Glass Transition Temperature,-24.3,
7024D_411556,Number Averaged Molecular Weight,415630,
7024D_411556,Weight Averaged Molecular Weight,878098,
7024A_411557,Mooney Viscosity,64,
7024A_411557,Mooney Stress Relaxation,1.763,
7024A_411557,Styrene_Cont,21.2,
7024A_411557,Cis_Cont,13.3,
7024A_411557,Trans_Cont,14.9,
7024A_411557,Vinyl_Cont,50.6,
7024A_411557,Glass Transition Temperature,-25.4,
7024A_411557,Number Averaged Molecular Weight,283734,
7024A_411557,Weight Averaged Molecular Weight,323588,
7032E_418512,Mooney Viscosity,48,
7032E_418512,Mooney Stress Relaxation,1.234,
7032E_418512,Styrene_Cont,11.2,
7032E_418512,Cis_Cont,24.0,
7032E_418512,Trans_Cont,33.4,
7032E_418512,Vinyl_Cont,31.4,
7032E_418512,Glass Transition Temperature,-60.9,
7032E_418512,Number Averaged Molecular Weight,232637,
7032E_418512,Weight Averaged Molecular Weight,438842,
7032E_418513,Mooney Viscosity,76,
7032E_418513,Mooney Stress Relaxation,0.851,
7032E_418513,Styrene_Cont,11.2,
7032E_418513,Cis_Cont,24.0,
7032E_418513,Trans_Cont,33.4,
7032E_418513,Vinyl_Cont,31.4,
7032E_418513,Glass Transition Temperature,-59.1,
7032E_418513,Number Averaged Molecular Weight,296765,
7032E_418513,Weight Averaged Molecular Weight,581980,
7032E_418514,Mooney Viscosity,78,
7032E_418514,Mooney Stress Relaxation,0.906,
7032E_418514,Styrene_Cont,11.2,
7032E_418514,Cis_Cont,24.0,
7032E_418514,Trans_Cont,33.4,
7032E_418514,Vinyl_Cont,31.4,
7032E_418514,Glass Transition Temperature,-60.4,
7032E_418514,Number Averaged Molecular Weight,262706,
7032E_418514,Weight Averaged Molecular Weight,532078,
7021G_418516,Mooney Viscosity,79,
7021G_418516,Mooney Stress Relaxation,1.034,
7021G_418516,Styrene_Cont,10.6,
7021G_418516,Cis_Cont,24.3,
7021G_418516,Trans_Cont,33.4,
7021G_418516,Vinyl_Cont,31.6,
7021G_418516,Glass Transition Temperature,-61.4,
7021G_418516,Number Averaged Molecular Weight,294884,
7021G_418516,Weight Averaged Molecular Weight,462943,
7021H_418517,Mooney Viscosity,73,
7021H_418517,Mooney Stress Relaxation,0.813,
7021H_418517,Styrene_Cont,10.5,
7021H_418517,Cis_Cont,25.0,
7021H_418517,Trans_Cont,34.0,
7021H_418517,Vinyl_Cont,30.5,
7021H_418517,Glass Transition Temperature,-63.5,
7021H_418517,Number Averaged Molecular Weight,357981,
7021H_418517,Weight Averaged Molecular Weight,565682,
7032F_418534,Mooney Viscosity,57,
7032F_418534,Mooney Stress Relaxation,1.263,
7032F_418534,Styrene_Cont,11.0,
7032F_418534,Cis_Cont,23.8,
7032F_418534,Trans_Cont,33.0,
7032F_418534,Vinyl_Cont,32.2,
7032F_418534,Glass Transition Temperature,-60.4,
7032F_418534,Number Averaged Molecular Weight,249634,
7032F_418534,Weight Averaged Molecular Weight,466838,
7032F_418535,Mooney Viscosity,91,
7032F_418535,Mooney Stress Relaxation,0.769,
7032F_418535,Styrene_Cont,11.0,
7032F_418535,Cis_Cont,23.8,
7032F_418535,Trans_Cont,33.0,
7032F_418535,Vinyl_Cont,32.2,
7032F_418535,Glass Transition Temperature,-59.7,
7032F_418535,Number Averaged Molecular Weight,314461,
7032F_418535,Weight Averaged Molecular Weight,6585011,
7032F_418536,Mooney Viscosity,111,
7032F_418536,Mooney Stress Relaxation,0.728,
7032F_418536,Styrene_Cont,11.0,
7032F_418536,Cis_Cont,23.8,
7032F_418536,Trans_Cont,33.0,
7032F_418536,Vinyl_Cont,32.2,
7032F_418536,Glass Transition Temperature,-61.1,
7032F_418536,Number Averaged Molecular Weight,325311,
7032F_418536,Weight Averaged Molecular Weight,667608,
7032N_427776,Mooney Viscosity,94,
7032N_427776,Mooney Stress Relaxation,0.873,
7032N_427776,Styrene_Cont,11.3,
7032N_427776,Cis_Cont,25.7,
7032N_427776,Trans_Cont,33.4,
7032N_427776,Vinyl_Cont,29.6,
7032N_427776,Glass Transition Temperature,-60.1,
7032N_427776,Number Averaged Molecular Weight,280000,
7032N_427776,Weight Averaged Molecular Weight,451000,
7032O_427777,Mooney Viscosity,76,
7032O_427777,Mooney Stress Relaxation,0.94,
7032O_427777,Styrene_Cont,11.4,
7032O_427777,Cis_Cont,26.0,
7032O_427777,Trans_Cont,33.0,
7032O_427777,Vinyl_Cont,29.6,
7032O_427777,Glass Transition Temperature,-59.7,
7032O_427777,Number Averaged Molecular Weight,240000,
7032O_427777,Weight Averaged Molecular Weight,320000,
7039Z_428661,Mooney Viscosity,59,
7039Z_428661,Mooney Stress Relaxation,2.389,
7039Z_428661,Styrene_Cont,20.2,
7039Z_428661,Cis_Cont,13.8,
7039Z_428661,Trans_Cont,16.2,
7039Z_428661,Vinyl_Cont,49.8,
7039Z_428661,Glass Transition Temperature,-24.6,
7039Z_428661,Number Averaged Molecular Weight,292879,
7039Z_428661,Weight Averaged Molecular Weight,338836,
7039M_428662,Mooney Viscosity,76,
7039M_428662,Mooney Stress Relaxation,1.631,
7039M_428662,Styrene_Cont,21.2,
7039M_428662,Cis_Cont,13.5,
7039M_428662,Trans_Cont,16.4,
7039M_428662,Vinyl_Cont,48.9,
7039M_428662,Glass Transition Temperature,-24.1,
7039M_428662,Number Averaged Molecular Weight,262852,
7039M_428662,Weight Averaged Molecular Weight,317948,
7039O_428663,Mooney Viscosity,86,
7039O_428663,Mooney Stress Relaxation,1.045,
7039O_428663,Styrene_Cont,21.2,
7039O_428663,Cis_Cont,13.0,
7039O_428663,Trans_Cont,15.7,
7039O_428663,Vinyl_Cont,50.1,
7039O_428663,Glass Transition Temperature,-23.0,
7039O_428663,Number Averaged Molecular Weight,258623,
7039O_428663,Weight Averaged Molecular Weight,538669,
7039P_428664,Mooney Viscosity,95,
7039P_428664,Mooney Stress Relaxation,0.95,
7039P_428664,Styrene_Cont,20.8,
7039P_428664,Cis_Cont,13.6,
7039P_428664,Trans_Cont,15.8,
7039P_428664,Vinyl_Cont,49.8,
7039P_428664,Glass Transition Temperature,-23.2,
7039P_428664,Number Averaged Molecular Weight,314526,
7039P_428664,Weight Averaged Molecular Weight,563211,
7039Z_428665,Mooney Viscosity,59,
7039Z_428665,Mooney Stress Relaxation,2.389,
7039Z_428665,Styrene_Cont,20.2,
7039Z_428665,Cis_Cont,13.8,
7039Z_428665,Trans_Cont,16.2,
7039Z_428665,Vinyl_Cont,49.8,
7039Z_428665,Glass Transition Temperature,-24.6,
7039Z_428665,Number Averaged Molecular Weight,292879,
7039Z_428665,Weight Averaged Molecular Weight,338836,
7039S_428666,Mooney Viscosity,86,
7039S_428666,Mooney Stress Relaxation,1.217,
7039S_428666,Styrene_Cont,20.6,
7039S_428666,Cis_Cont,13.6,
7039S_428666,Trans_Cont,15.9,
7039S_428666,Vinyl_Cont,49.8,
7039S_428666,Glass Transition Temperature,-21.5,
7039S_428666,Number Averaged Molecular Weight,258134,
7039S_428666,Weight Averaged Molecular Weight,501509,
7039V_428667,Mooney Viscosity,77,
7039V_428667,Mooney Stress Relaxation,1.573,
7039V_428667,Styrene_Cont,20.7,
7039V_428667,Cis_Cont,13.3,
7039V_428667,Trans_Cont,15.3,
7039V_428667,Vinyl_Cont,50.6,
7039V_428667,Glass Transition Temperature,-23.0,
7039V_428667,Number Averaged Molecular Weight,241818,
7039V_428667,Weight Averaged Molecular Weight,338800,
7039T_428668,Mooney Viscosity,89,
7039T_428668,Mooney Stress Relaxation,1.144,
7039T_428668,Styrene_Cont,21.1,
7039T_428668,Cis_Cont,13.4,
7039T_428668,Trans_Cont,15.5,
7039T_428668,Vinyl_Cont,50.1,
7039T_428668,Glass Transition Temperature,-22.6,
7039T_428668,Number Averaged Molecular Weight,318257,
7039T_428668,Weight Averaged Molecular Weight,555726,
7039Z_431271,Mooney Viscosity,59,
7039Z_431271,Mooney Stress Relaxation,2.389,
7039Z_431271,Styrene_Cont,20.2,
7039Z_431271,Cis_Cont,13.8,
7039Z_431271,Trans_Cont,16.2,
7039Z_431271,Vinyl_Cont,49.8,
7039Z_431271,Glass Transition Temperature,-24.6,
7039Z_431271,Number Averaged Molecular Weight,292879,
7039Z_431271,Weight Averaged Molecular Weight,338836,
7039M_431272,Mooney Viscosity,76,
7039M_431272,Mooney Stress Relaxation,1.631,
7039M_431272,Styrene_Cont,21.2,
7039M_431272,Cis_Cont,13.5,
7039M_431272,Trans_Cont,16.4,
7039M_431272,Vinyl_Cont,48.9,
7039M_431272,Glass Transition Temperature,-24.1,
7039M_431272,Number Averaged Molecular Weight,262852,
7039M_431272,Weight Averaged Molecular Weight,317948,
7039O_431273,Mooney Viscosity,86,
7039O_431273,Mooney Stress Relaxation,1.045,
7039O_431273,Styrene_Cont,21.2,
7039O_431273,Cis_Cont,13.0,
7039O_431273,Trans_Cont,15.7,
7039O_431273,Vinyl_Cont,50.1,
7039O_431273,Glass Transition Temperature,-23.0,
7039O_431273,Number Averaged Molecular Weight,258623,
7039O_431273,Weight Averaged Molecular Weight,538669,
7039P_431274,Mooney Viscosity,95,
7039P_431274,Mooney Stress Relaxation,0.95,
7039P_431274,Styrene_Cont,20.8,
7039P_431274,Cis_Cont,13.6,
7039P_431274,Trans_Cont,15.8,
7039P_431274,Vinyl_Cont,49.8,
7039P_431274,Glass Transition Temperature,-23.2,
7039P_431274,Number Averaged Molecular Weight,314526,
7039P_431274,Weight Averaged Molecular Weight,563211,
7039Z_431275,Mooney Viscosity,59,
7039Z_431275,Mooney Stress Relaxation,2.389,
7039Z_431275,Styrene_Cont,20.2,
7039Z_431275,Cis_Cont,13.8,
7039Z_431275,Trans_Cont,16.2,
7039Z_431275,Vinyl_Cont,49.8,
7039Z_431275,Glass Transition Temperature,-24.6,
7039Z_431275,Number Averaged Molecular Weight,292879,
7039Z_431275,Weight Averaged Molecular Weight,338836,
7039T_431276,Mooney Viscosity,89,
7039T_431276,Mooney Stress Relaxation,1.144,
7039T_431276,Styrene_Cont,21.1,
7039T_431276,Cis_Cont,13.4,
7039T_431276,Trans_Cont,15.5,
7039T_431276,Vinyl_Cont,50.1,
7039T_431276,Glass Transition Temperature,-22.6,
7039T_431276,Number Averaged Molecular Weight,318257,
7039T_431276,Weight Averaged Molecular Weight,555726,
7039S_431277,Mooney Viscosity,86,
7039S_431277,Mooney Stress Relaxation,1.217,
7039S_431277,Styrene_Cont,20.6,
7039S_431277,Cis_Cont,13.6,
7039S_431277,Trans_Cont,15.9,
7039S_431277,Vinyl_Cont,49.8,
7039S_431277,Glass Transition Temperature,-21.5,
7039S_431277,Number Averaged Molecular Weight,258134,
7039S_431277,Weight Averaged Molecular Weight,501509,
7039V_431278,Mooney Viscosity,77,
7039V_431278,Mooney Stress Relaxation,1.573,
7039V_431278,Styrene_Cont,20.7,
7039V_431278,Cis_Cont,13.3,
7039V_431278,Trans_Cont,15.3,
7039V_431278,Vinyl_Cont,50.6,
7039V_431278,Glass Transition Temperature,-23.0,
7039V_431278,Number Averaged Molecular Weight,241818,
7039V_431278,Weight Averaged Molecular Weight,338800,
7045X_432251,Mooney Viscosity,62,
7045X_432251,Mooney Stress Relaxation,1.768,
7045X_432251,Styrene_Cont,0.0,
7045X_432251,Cis_Cont,0.0,
7045X_432251,Trans_Cont,0.0,
7045X_432251,Vinyl_Cont,0.0,
7045X_432251,Glass Transition Temperature,-24.3,
7045X_432251,Number Averaged Molecular Weight,274287,
7045X_432251,Weight Averaged Molecular Weight,345253,
7046C_432252,Mooney Viscosity,71,
7046C_432252,Mooney Stress Relaxation,1.656,
7046C_432252,Styrene_Cont,0.0,
7046C_432252,Cis_Cont,0.0,
7046C_432252,Trans_Cont,0.0,
7046C_432252,Vinyl_Cont,0.0,
7046C_432252,Glass Transition Temperature,-24.7,
7046C_432252,Number Averaged Molecular Weight,254913,
7046C_432252,Weight Averaged Molecular Weight,318306,
7046A_432253,Mooney Viscosity,76,
7046A_432253,Mooney Stress Relaxation,1.461,
7046A_432253,Styrene_Cont,0.0,
7046A_432253,Cis_Cont,0.0,
7046A_432253,Trans_Cont,0.0,
7046A_432253,Vinyl_Cont,0.0,
7046A_432253,Glass Transition Temperature,-22.5,
7046A_432253,Number Averaged Molecular Weight,266918,
7046A_432253,Weight Averaged Molecular Weight,318493,
7046B_432254,Mooney Viscosity,76,
7046B_432254,Mooney Stress Relaxation,1.428,
7046B_432254,Styrene_Cont,0.0,
7046B_432254,Cis_Cont,0.0,
7046B_432254,Trans_Cont,0.0,
7046B_432254,Vinyl_Cont,0.0,
7046B_432254,Glass Transition Temperature,-23.4,
7046B_432254,Number Averaged Molecular Weight,262490,
7046B_432254,Weight Averaged Molecular Weight,323590,
7045X_432255,Mooney Viscosity,62,
7045X_432255,Mooney Stress Relaxation,1.768,
7045X_432255,Styrene_Cont,0.0,
7045X_432255,Cis_Cont,0.0,
7045X_432255,Trans_Cont,0.0,
7045X_432255,Vinyl_Cont,0.0,
7045X_432255,Glass Transition Temperature,-24.3,
7045X_432255,Number Averaged Molecular Weight,274287,
7045X_432255,Weight Averaged Molecular Weight,345253,
7046B_432256,Mooney Viscosity,76,
7046B_432256,Mooney Stress Relaxation,1.428,
7046B_432256,Styrene_Cont,0.0,
7046B_432256,Cis_Cont,0.0,
7046B_432256,Trans_Cont,0.0,
7046B_432256,Vinyl_Cont,0.0,
7046B_432256,Glass Transition Temperature,-23.4,
7046B_432256,Number Averaged Molecular Weight,262490,
7046B_432256,Weight Averaged Molecular Weight,323590,
7046A_432257,Mooney Viscosity,76,
7046A_432257,Mooney Stress Relaxation,1.461,
7046A_432257,Styrene_Cont,0.0,
7046A_432257,Cis_Cont,0.0,
7046A_432257,Trans_Cont,0.0,
7046A_432257,Vinyl_Cont,0.0,
7046A_432257,Glass Transition Temperature,-22.5,
7046A_432257,Number Averaged Molecular Weight,266918,
7046A_432257,Weight Averaged Molecular Weight,318493,
7046C_432258,Mooney Viscosity,71,
7046C_432258,Mooney Stress Relaxation,1.656,
7046C_432258,Styrene_Cont,0.0,
7046C_432258,Cis_Cont,0.0,
7046C_432258,Trans_Cont,0.0,
7046C_432258,Vinyl_Cont,0.0,
7046C_432258,Glass Transition Temperature,-24.7,
7046C_432258,Number Averaged Molecular Weight,254913,
7046C_432258,Weight Averaged Molecular Weight,318306,
7042O_432581,Mooney Viscosity,58,
7042O_432581,Mooney Stress Relaxation,1.215,
7042O_432581,Styrene_Cont,20.6,
7042O_432581,Cis_Cont,13.4,
7042O_432581,Trans_Cont,15.2,
7042O_432581,Vinyl_Cont,50.8,
7042O_432581,Glass Transition Temperature,-22.4,
7042O_432581,Number Averaged Molecular Weight,243990,
7042O_432581,Weight Averaged Molecular Weight,401726,
7044B_432582,Mooney Viscosity,50,
7044B_432582,Mooney Stress Relaxation,3.209,
7044B_432582,Styrene_Cont,21.1,
7044B_432582,Cis_Cont,13.3,
7044B_432582,Trans_Cont,15.3,
7044B_432582,Vinyl_Cont,50.2,
7044B_432582,Glass Transition Temperature,-21.2,
7044B_432582,Number Averaged Molecular Weight,233277,
7044B_432582,Weight Averaged Molecular Weight,319130,
7044D_432583,Mooney Viscosity,91,
7044D_432583,Mooney Stress Relaxation,1.212,
7044D_432583,Styrene_Cont,21.2,
7044D_432583,Cis_Cont,13.1,
7044D_432583,Trans_Cont,14.7,
7044D_432583,Vinyl_Cont,51.0,
7044D_432583,Glass Transition Temperature,-21.9,
7044D_432583,Number Averaged Molecular Weight,263149,
7044D_432583,Weight Averaged Molecular Weight,366481,
7044C_432584,Mooney Viscosity,79,
7044C_432584,Mooney Stress Relaxation,1.423,
7044C_432584,Styrene_Cont,21.1,
7044C_432584,Cis_Cont,13.4,
7044C_432584,Trans_Cont,15.4,
7044C_432584,Vinyl_Cont,50.1,
7044C_432584,Glass Transition Temperature,-22.9,
7044C_432584,Number Averaged Molecular Weight,243222,
7044C_432584,Weight Averaged Molecular Weight,329900,
7042O_432585,Mooney Viscosity,58,
7042O_432585,Mooney Stress Relaxation,1.215,
7042O_432585,Styrene_Cont,20.6,
7042O_432585,Cis_Cont,13.4,
7042O_432585,Trans_Cont,15.2,
7042O_432585,Vinyl_Cont,50.8,
7042O_432585,Glass Transition Temperature,-22.4,
7042O_432585,Number Averaged Molecular Weight,243990,
7042O_432585,Weight Averaged Molecular Weight,401726,
7039W_432586,Mooney Viscosity,59,
7039W_432586,Mooney Stress Relaxation,3.006,
7039W_432586,Styrene_Cont,20.9,
7039W_432586,Cis_Cont,13.2,
7039W_432586,Trans_Cont,15.1,
7039W_432586,Vinyl_Cont,50.8,
7039W_432586,Glass Transition Temperature,-21.4,
7039W_432586,Number Averaged Molecular Weight,241497,
7039W_432586,Weight Averaged Molecular Weight,341600,
7044A_432587,Mooney Viscosity,70,
7044A_432587,Mooney Stress Relaxation,1.173,
7044A_432587,Styrene_Cont,21.0,
7044A_432587,Cis_Cont,13.5,
7044A_432587,Trans_Cont,15.8,
7044A_432587,Vinyl_Cont,49.7,
7044A_432587,Glass Transition Temperature,-23.7,
7044A_432587,Number Averaged Molecular Weight,241506,
7044A_432587,Weight Averaged Molecular Weight,318086,
7039X_432588,Mooney Viscosity,64,
7039X_432588,Mooney Stress Relaxation,1.81,
7039X_432588,Styrene_Cont,21.0,
7039X_432588,Cis_Cont,13.5,
7039X_432588,Trans_Cont,15.6,
7039X_432588,Vinyl_Cont,50.0,
7039X_432588,Glass Transition Temperature,-20.7,
7039X_432588,Number Averaged Molecular Weight,242587,
7039X_432588,Weight Averaged Molecular Weight,307195,
7040N_433112,Mooney Viscosity,64,
7040N_433112,Mooney Stress Relaxation,1.19,
7040N_433112,Styrene_Cont,20.6,
7040N_433112,Cis_Cont,12.8,
7040N_433112,Trans_Cont,16.8,
7040N_433112,Vinyl_Cont,49.8,
7040N_433112,Glass Transition Temperature,0.0,
7040N_433112,Number Averaged Molecular Weight,247000,
7040N_433112,Weight Averaged Molecular Weight,426000,
7040P_433113,Mooney Viscosity,70,
7040P_433113,Mooney Stress Relaxation,0.891,
7040P_433113,Styrene_Cont,20.8,
7040P_433113,Cis_Cont,12.5,
7040P_433113,Trans_Cont,15.4,
7040P_433113,Vinyl_Cont,51.3,
7040P_433113,Glass Transition Temperature,0.0,
7040P_433113,Number Averaged Molecular Weight,199000,
7040P_433113,Weight Averaged Molecular Weight,528000,
7040O_433116,Mooney Viscosity,68,
7040O_433116,Mooney Stress Relaxation,1.22,
7040O_433116,Styrene_Cont,20.4,
7040O_433116,Cis_Cont,13.0,
7040O_433116,Trans_Cont,16.0,
7040O_433116,Vinyl_Cont,50.6,
7040O_433116,Glass Transition Temperature,0.0,
7040O_433116,Number Averaged Molecular Weight,231000,
7040O_433116,Weight Averaged Molecular Weight,452000,
7040Q_433117,Mooney Viscosity,61,
7040Q_433117,Mooney Stress Relaxation,1.0,
7040Q_433117,Styrene_Cont,20.7,
7040Q_433117,Cis_Cont,12.8,
7040Q_433117,Trans_Cont,15.1,
7040Q_433117,Vinyl_Cont,51.4,
7040Q_433117,Glass Transition Temperature,0.0,
7040Q_433117,Number Averaged Molecular Weight,190000,
7040Q_433117,Weight Averaged Molecular Weight,459000,
7050G_438551,Mooney Viscosity,74,
7050G_438551,Mooney Stress Relaxation,1.109,
7050G_438551,Styrene_Cont,0.0,
7050G_438551,Cis_Cont,0.0,
7050G_438551,Trans_Cont,0.0,
7050G_438551,Vinyl_Cont,0.0,
7050G_438551,Glass Transition Temperature,0.0,
7050G_438551,Number Averaged Molecular Weight,192317,
7050G_438551,Weight Averaged Molecular Weight,414426,
7048U_438552,Mooney Viscosity,69,
7048U_438552,Mooney Stress Relaxation,0.966,
7048U_438552,Styrene_Cont,21.1,
7048U_438552,Cis_Cont,13.4,
7048U_438552,Trans_Cont,15.5,
7048U_438552,Vinyl_Cont,50.0,
7048U_438552,Glass Transition Temperature,-22.7,
7048U_438552,Number Averaged Molecular Weight,276523,
7048U_438552,Weight Averaged Molecular Weight,514784,
7050D_438553,Mooney Viscosity,78,
7050D_438553,Mooney Stress Relaxation,1.462,
7050D_438553,Styrene_Cont,21.1,
7050D_438553,Cis_Cont,13.4,
7050D_438553,Trans_Cont,15.3,
7050D_438553,Vinyl_Cont,50.2,
7050D_438553,Glass Transition Temperature,-19.9,
7050D_438553,Number Averaged Molecular Weight,239095,
7050D_438553,Weight Averaged Molecular Weight,307878,
7050H_438554,Mooney Viscosity,78,
7050H_438554,Mooney Stress Relaxation,0.987,
7050H_438554,Styrene_Cont,0.0,
7050H_438554,Cis_Cont,0.0,
7050H_438554,Trans_Cont,0.0,
7050H_438554,Vinyl_Cont,0.0,
7050H_438554,Glass Transition Temperature,-22.1,
7050H_438554,Number Averaged Molecular Weight,294475,
7050H_438554,Weight Averaged Molecular Weight,1327310,
7048V_438555,Mooney Viscosity,93,
7048V_438555,Mooney Stress Relaxation,0.941,
7048V_438555,Styrene_Cont,21.1,
7048V_438555,Cis_Cont,13.4,
7048V_438555,Trans_Cont,15.4,
7048V_438555,Vinyl_Cont,50.1,
7048V_438555,Glass Transition Temperature,-20.8,
7048V_438555,Number Averaged Molecular Weight,272009,
7048V_438555,Weight Averaged Molecular Weight,480347,
7041V_438556,Mooney Viscosity,71,
7041V_438556,Mooney Stress Relaxation,0.981,
7041V_438556,Styrene_Cont,22.0,
7041V_438556,Cis_Cont,13.0,
7041V_438556,Trans_Cont,14.9,
7041V_438556,Vinyl_Cont,50.1,
7041V_438556,Glass Transition Temperature,-23.8,
7041V_438556,Number Averaged Molecular Weight,326519,
7041V_438556,Weight Averaged Molecular Weight,2760690,
7050G_438557,Mooney Viscosity,74,
7050G_438557,Mooney Stress Relaxation,1.109,
7050G_438557,Styrene_Cont,0.0,
7050G_438557,Cis_Cont,0.0,
7050G_438557,Trans_Cont,0.0,
7050G_438557,Vinyl_Cont,0.0,
7050G_438557,Glass Transition Temperature,0.0,
7050G_438557,Number Averaged Molecular Weight,192317,
7050G_438557,Weight Averaged Molecular Weight,414426,
7050H_438558,Mooney Viscosity,78,
7050H_438558,Mooney Stress Relaxation,0.987,
7050H_438558,Styrene_Cont,0.0,
7050H_438558,Cis_Cont,0.0,
7050H_438558,Trans_Cont,0.0,
7050H_438558,Vinyl_Cont,0.0,
7050H_438558,Glass Transition Temperature,-22.1,
7050H_438558,Number Averaged Molecular Weight,294475,
7050H_438558,Weight Averaged Molecular Weight,1327310,
7052L_443132,Mooney Viscosity,82,
7052L_443132,Mooney Stress Relaxation,0.842,
7052L_443132,Styrene_Cont,0.0,
7052L_443132,Cis_Cont,0.0,
7052L_443132,Trans_Cont,0.0,
7052L_443132,Vinyl_Cont,0.0,
7052L_443132,Glass Transition Temperature,-21.1,
7052L_443132,Number Averaged Molecular Weight,342487,
7052L_443132,Weight Averaged Molecular Weight,743384,
7052M_443133,Mooney Viscosity,78,
7052M_443133,Mooney Stress Relaxation,0.895,
7052M_443133,Styrene_Cont,0.0,
7052M_443133,Cis_Cont,0.0,
7052M_443133,Trans_Cont,0.0,
7052M_443133,Vinyl_Cont,0.0,
7052M_443133,Glass Transition Temperature,-21.1,
7052M_443133,Number Averaged Molecular Weight,332220,
7052M_443133,Weight Averaged Molecular Weight,645603,
7052N_443134,Mooney Viscosity,84,
7052N_443134,Mooney Stress Relaxation,1.556,
7052N_443134,Styrene_Cont,0.0,
7052N_443134,Cis_Cont,0.0,
7052N_443134,Trans_Cont,0.0,
7052N_443134,Vinyl_Cont,0.0,
7052N_443134,Glass Transition Temperature,-21.1,
7052N_443134,Number Averaged Molecular Weight,276490,
7052N_443134,Weight Averaged Molecular Weight,337198,
7052O_443136,Mooney Viscosity,74,
7052O_443136,Mooney Stress Relaxation,0.955,
7052O_443136,Styrene_Cont,0.0,
7052O_443136,Cis_Cont,0.0,
7052O_443136,Trans_Cont,0.0,
7052O_443136,Vinyl_Cont,0.0,
7052O_443136,Glass Transition Temperature,-20.8,
7052O_443136,Number Averaged Molecular Weight,275293,
7052O_443136,Weight Averaged Molecular Weight,583372,
7052P_443137,Mooney Viscosity,89,
7052P_443137,Mooney Stress Relaxation,1.203,
7052P_443137,Styrene_Cont,0.0,
7052P_443137,Cis_Cont,0.0,
7052P_443137,Trans_Cont,0.0,
7052P_443137,Vinyl_Cont,0.0,
7052P_443137,Glass Transition Temperature,-20.4,
7052P_443137,Number Averaged Molecular Weight,253138,
7052P_443137,Weight Averaged Molecular Weight,362338,
7052Q_443138,Mooney Viscosity,87,
7052Q_443138,Mooney Stress Relaxation,1.019,
7052Q_443138,Styrene_Cont,0.0,
7052Q_443138,Cis_Cont,0.0,
7052Q_443138,Trans_Cont,0.0,
7052Q_443138,Vinyl_Cont,0.0,
7052Q_443138,Glass Transition Temperature,-22.1,
7052Q_443138,Number Averaged Molecular Weight,278751,
7052Q_443138,Weight Averaged Molecular Weight,502726,
7053I_444501,Mooney Viscosity,95,
7053I_444501,Mooney Stress Relaxation,1.154,
7053I_444501,Styrene_Cont,21.2,
7053I_444501,Cis_Cont,13.9,
7053I_444501,Trans_Cont,16.8,
7053I_444501,Vinyl_Cont,48.1,
7053I_444501,Glass Transition Temperature,-24.1,
7053I_444501,Number Averaged Molecular Weight,176983,
7053I_444501,Weight Averaged Molecular Weight,360033,
7056F_444502,Mooney Viscosity,79,
7056F_444502,Mooney Stress Relaxation,1.22,
7056F_444502,Styrene_Cont,21.1,
7056F_444502,Cis_Cont,13.6,
7056F_444502,Trans_Cont,16.0,
7056F_444502,Vinyl_Cont,49.3,
7056F_444502,Glass Transition Temperature,0.0,
7056F_444502,Number Averaged Molecular Weight,240629,
7056F_444502,Weight Averaged Molecular Weight,341934,
7056H_444503,Mooney Viscosity,92,
7056H_444503,Mooney Stress Relaxation,1.116,
7056H_444503,Styrene_Cont,21.3,
7056H_444503,Cis_Cont,13.8,
7056H_444503,Trans_Cont,16.5,
7056H_444503,Vinyl_Cont,48.4,
7056H_444503,Glass Transition Temperature,0.0,
7056H_444503,Number Averaged Molecular Weight,228289,
7056H_444503,Weight Averaged Molecular Weight,343279,
7056G_444504,Mooney Viscosity,76,
7056G_444504,Mooney Stress Relaxation,1.401,
7056G_444504,Styrene_Cont,21.3,
7056G_444504,Cis_Cont,13.6,
7056G_444504,Trans_Cont,16.1,
7056G_444504,Vinyl_Cont,49.0,
7056G_444504,Glass Transition Temperature,0.0,
7056G_444504,Number Averaged Molecular Weight,247390,
7056G_444504,Weight Averaged Molecular Weight,331869,
7053I_444505,Mooney Viscosity,95,
7053I_444505,Mooney Stress Relaxation,1.154,
7053I_444505,Styrene_Cont,21.2,
7053I_444505,Cis_Cont,13.9,
7053I_444505,Trans_Cont,16.8,
7053I_444505,Vinyl_Cont,48.1,
7053I_444505,Glass Transition Temperature,-24.1,
7053I_444505,Number Averaged Molecular Weight,176983,
7053I_444505,Weight Averaged Molecular Weight,360033,
7056H_444506,Mooney Viscosity,92,
7056H_444506,Mooney Stress Relaxation,1.116,
7056H_444506,Styrene_Cont,21.3,
7056H_444506,Cis_Cont,13.8,
7056H_444506,Trans_Cont,16.5,
7056H_444506,Vinyl_Cont,48.4,
7056H_444506,Glass Transition Temperature,0.0,
7056H_444506,Number Averaged Molecular Weight,228289,
7056H_444506,Weight Averaged Molecular Weight,343279,
7056G_444507,Mooney Viscosity,76,
7056G_444507,Mooney Stress Relaxation,1.401,
7056G_444507,Styrene_Cont,21.3,
7056G_444507,Cis_Cont,13.6,
7056G_444507,Trans_Cont,16.1,
7056G_444507,Vinyl_Cont,49.0,
7056G_444507,Glass Transition Temperature,0.0,
7056G_444507,Number Averaged Molecular Weight,247390,
7056G_444507,Weight Averaged Molecular Weight,331869,
7056F_444508,Mooney Viscosity,79,
7056F_444508,Mooney Stress Relaxation,1.22,
7056F_444508,Styrene_Cont,21.1,
7056F_444508,Cis_Cont,13.6,
7056F_444508,Trans_Cont,16.0,
7056F_444508,Vinyl_Cont,49.3,
7056F_444508,Glass Transition Temperature,0.0,
7056F_444508,Number Averaged Molecular Weight,240629,
7056F_444508,Weight Averaged Molecular Weight,341934,
7053W_445302,Mooney Viscosity,83,
7053W_445302,Mooney Stress Relaxation,0.743,
7053W_445302,Styrene_Cont,21.3,
7053W_445302,Cis_Cont,13.3,
7053W_445302,Trans_Cont,15.5,
7053W_445302,Vinyl_Cont,49.9,
7053W_445302,Glass Transition Temperature,-24.4,
7053W_445302,Number Averaged Molecular Weight,323623,
7053W_445302,Weight Averaged Molecular Weight,665635,
7053P_445303,Mooney Viscosity,87,
7053P_445303,Mooney Stress Relaxation,1.177,
7053P_445303,Styrene_Cont,21.2,
7053P_445303,Cis_Cont,13.2,
7053P_445303,Trans_Cont,15.0,
7053P_445303,Vinyl_Cont,50.6,
7053P_445303,Glass Transition Temperature,-20.6,
7053P_445303,Number Averaged Molecular Weight,246637,
7053P_445303,Weight Averaged Molecular Weight,365966,
7053Q_445304,Mooney Viscosity,97,
7053Q_445304,Mooney Stress Relaxation,0.9,
7053Q_445304,Styrene_Cont,21.2,
7053Q_445304,Cis_Cont,13.4,
7053Q_445304,Trans_Cont,15.5,
7053Q_445304,Vinyl_Cont,49.9,
7053Q_445304,Glass Transition Temperature,-21.7,
7053Q_445304,Number Averaged Molecular Weight,302162,
7053Q_445304,Weight Averaged Molecular Weight,535088,
7053O_445306,Mooney Viscosity,73,
7053O_445306,Mooney Stress Relaxation,1.296,
7053O_445306,Styrene_Cont,21.3,
7053O_445306,Cis_Cont,13.5,
7053O_445306,Trans_Cont,15.9,
7053O_445306,Vinyl_Cont,49.3,
7053O_445306,Glass Transition Temperature,-22.3,
7053O_445306,Number Averaged Molecular Weight,270669,
7053O_445306,Weight Averaged Molecular Weight,316737,
7053T_445307,Mooney Viscosity,80,
7053T_445307,Mooney Stress Relaxation,0.993,
7053T_445307,Styrene_Cont,22.1,
7053T_445307,Cis_Cont,13.2,
7053T_445307,Trans_Cont,15.2,
7053T_445307,Vinyl_Cont,49.5,
7053T_445307,Glass Transition Temperature,-22.8,
7053T_445307,Number Averaged Molecular Weight,297319,
7053T_445307,Weight Averaged Molecular Weight,543128,
7053V_445308,Mooney Viscosity,99,
7053V_445308,Mooney Stress Relaxation,0.908,
7053V_445308,Styrene_Cont,21.3,
7053V_445308,Cis_Cont,13.3,
7053V_445308,Trans_Cont,15.5,
7053V_445308,Vinyl_Cont,49.9,
7053V_445308,Glass Transition Temperature,-21.9,
7053V_445308,Number Averaged Molecular Weight,292577,
7053V_445308,Weight Averaged Molecular Weight,556120,
7053S_445602,Mooney Viscosity,83,
7053S_445602,Mooney Stress Relaxation,0.881,
7053S_445602,Styrene_Cont,21.1,
7053S_445602,Cis_Cont,13.6,
7053S_445602,Trans_Cont,15.9,
7053S_445602,Vinyl_Cont,49.4,
7053S_445602,Glass Transition Temperature,-22.4,
7053S_445602,Number Averaged Molecular Weight,329635,
7053S_445602,Weight Averaged Molecular Weight,608554,
7053O_445603,Mooney Viscosity,73,
7053O_445603,Mooney Stress Relaxation,1.296,
7053O_445603,Styrene_Cont,21.3,
7053O_445603,Cis_Cont,13.5,
7053O_445603,Trans_Cont,15.9,
7053O_445603,Vinyl_Cont,49.3,
7053O_445603,Glass Transition Temperature,-22.3,
7053O_445603,Number Averaged Molecular Weight,270669,
7053O_445603,Weight Averaged Molecular Weight,316737,
7053U_445604,Mooney Viscosity,84,
7053U_445604,Mooney Stress Relaxation,0.948,
7053U_445604,Styrene_Cont,20.9,
7053U_445604,Cis_Cont,13.4,
7053U_445604,Trans_Cont,15.5,
7053U_445604,Vinyl_Cont,50.2,
7053U_445604,Glass Transition Temperature,-22.9,
7053U_445604,Number Averaged Molecular Weight,330094,
7053U_445604,Weight Averaged Molecular Weight,617283,
7053P_445606,Mooney Viscosity,87,
7053P_445606,Mooney Stress Relaxation,1.177,
7053P_445606,Styrene_Cont,21.2,
7053P_445606,Cis_Cont,13.2,
7053P_445606,Trans_Cont,15.0,
7053P_445606,Vinyl_Cont,50.6,
7053P_445606,Glass Transition Temperature,-20.6,
7053P_445606,Number Averaged Molecular Weight,246637,
7053P_445606,Weight Averaged Molecular Weight,365966,
7053R_445607,Mooney Viscosity,88,
7053R_445607,Mooney Stress Relaxation,0.87,
7053R_445607,Styrene_Cont,21.6,
7053R_445607,Cis_Cont,13.7,
7053R_445607,Trans_Cont,16.3,
7053R_445607,Vinyl_Cont,48.4,
7053R_445607,Glass Transition Temperature,-23.4,
7053R_445607,Number Averaged Molecular Weight,311059,
7053R_445607,Weight Averaged Molecular Weight,545034,
7053W_445608,Mooney Viscosity,83,
7053W_445608,Mooney Stress Relaxation,0.743,
7053W_445608,Styrene_Cont,21.3,
7053W_445608,Cis_Cont,13.3,
7053W_445608,Trans_Cont,15.5,
7053W_445608,Vinyl_Cont,49.9,
7053W_445608,Glass Transition Temperature,-24.4,
7053W_445608,Number Averaged Molecular Weight,323623,
7053W_445608,Weight Averaged Molecular Weight,665635,
7054P_447561,Mooney Viscosity,64,
7054P_447561,Mooney Stress Relaxation,1.75,
7054P_447561,Styrene_Cont,21.7,
7054P_447561,Cis_Cont,13.0,
7054P_447561,Trans_Cont,14.8,
7054P_447561,Vinyl_Cont,50.4,
7054P_447561,Glass Transition Temperature,-21.5,
7054P_447561,Number Averaged Molecular Weight,249580,
7054P_447561,Weight Averaged Molecular Weight,309310,
7057A_447561,Mooney Viscosity,67,
7057A_447561,Mooney Stress Relaxation,1.829,
7057A_447561,Styrene_Cont,21.7,
7057A_447561,Cis_Cont,13.0,
7057A_447561,Trans_Cont,14.7,
7057A_447561,Vinyl_Cont,50.7,
7057A_447561,Glass Transition Temperature,-21.5,
7057A_447561,Number Averaged Molecular Weight,243178,
7057A_447561,Weight Averaged Molecular Weight,301338,
7054W_447562,Mooney Viscosity,88,
7054W_447562,Mooney Stress Relaxation,1.555,
7054W_447562,Styrene_Cont,21.4,
7054W_447562,Cis_Cont,12.5,
7054W_447562,Trans_Cont,13.4,
7054W_447562,Vinyl_Cont,52.6,
7054W_447562,Glass Transition Temperature,-16.6,
7054W_447562,Number Averaged Molecular Weight,247125,
7054W_447562,Weight Averaged Molecular Weight,355459,
7057D_447562,Mooney Viscosity,79,
7057D_447562,Mooney Stress Relaxation,1.487,
7057D_447562,Styrene_Cont,21.7,
7057D_447562,Cis_Cont,12.7,
7057D_447562,Trans_Cont,14.0,
7057D_447562,Vinyl_Cont,51.6,
7057D_447562,Glass Transition Temperature,-16.9,
7057D_447562,Number Averaged Molecular Weight,223753,
7057D_447562,Weight Averaged Molecular Weight,292932,
7054X_447563,Mooney Viscosity,87,
7054X_447563,Mooney Stress Relaxation,1.811,
7054X_447563,Styrene_Cont,21.2,
7054X_447563,Cis_Cont,12.6,
7054X_447563,Trans_Cont,13.6,
7054X_447563,Vinyl_Cont,52.5,
7054X_447563,Glass Transition Temperature,-18.3,
7054X_447563,Number Averaged Molecular Weight,276568,
7054X_447563,Weight Averaged Molecular Weight,345373,
7057E_447563,Mooney Viscosity,85,
7057E_447563,Mooney Stress Relaxation,1.442,
7057E_447563,Styrene_Cont,21.5,
7057E_447563,Cis_Cont,12.6,
7057E_447563,Trans_Cont,13.7,
7057E_447563,Vinyl_Cont,52.1,
7057E_447563,Glass Transition Temperature,-15.1,
7057E_447563,Number Averaged Molecular Weight,262252,
7057E_447563,Weight Averaged Molecular Weight,324251,
7054R_447564,Mooney Viscosity,87,
7054R_447564,Mooney Stress Relaxation,1.811,
7054R_447564,Styrene_Cont,21.5,
7054R_447564,Cis_Cont,12.8,
7054R_447564,Trans_Cont,14.3,
7054R_447564,Vinyl_Cont,51.3,
7054R_447564,Glass Transition Temperature,-17.6,
7054R_447564,Number Averaged Molecular Weight,310036,
7054R_447564,Weight Averaged Molecular Weight,370659,
7054S_447564,Mooney Viscosity,79,
7054S_447564,Mooney Stress Relaxation,1.405,
7054S_447564,Styrene_Cont,21.6,
7054S_447564,Cis_Cont,12.7,
7054S_447564,Trans_Cont,13.9,
7054S_447564,Vinyl_Cont,51.8,
7054S_447564,Glass Transition Temperature,-19.4,
7054S_447564,Number Averaged Molecular Weight,244068,
7054S_447564,Weight Averaged Molecular Weight,312530,
7054R_447565,Mooney Viscosity,87,
7054R_447565,Mooney Stress Relaxation,1.811,
7054R_447565,Styrene_Cont,21.5,
7054R_447565,Cis_Cont,12.8,
7054R_447565,Trans_Cont,14.3,
7054R_447565,Vinyl_Cont,51.3,
7054R_447565,Glass Transition Temperature,-17.6,
7054R_447565,Number Averaged Molecular Weight,310036,
7054R_447565,Weight Averaged Molecular Weight,370659,
7054S_447565,Mooney Viscosity,79,
7054S_447565,Mooney Stress Relaxation,1.405,
7054S_447565,Styrene_Cont,21.6,
7054S_447565,Cis_Cont,12.7,
7054S_447565,Trans_Cont,13.9,
7054S_447565,Vinyl_Cont,51.8,
7054S_447565,Glass Transition Temperature,-19.4,
7054S_447565,Number Averaged Molecular Weight,244068,
7054S_447565,Weight Averaged Molecular Weight,312530,
7054X_447566,Mooney Viscosity,87,
7054X_447566,Mooney Stress Relaxation,1.811,
7054X_447566,Styrene_Cont,21.2,
7054X_447566,Cis_Cont,12.6,
7054X_447566,Trans_Cont,13.6,
7054X_447566,Vinyl_Cont,52.5,
7054X_447566,Glass Transition Temperature,-18.3,
7054X_447566,Number Averaged Molecular Weight,276568,
7054X_447566,Weight Averaged Molecular Weight,345373,
7057E_447566,Mooney Viscosity,85,
7057E_447566,Mooney Stress Relaxation,1.442,
7057E_447566,Styrene_Cont,21.5,
7057E_447566,Cis_Cont,12.6,
7057E_447566,Trans_Cont,13.7,
7057E_447566,Vinyl_Cont,52.1,
7057E_447566,Glass Transition Temperature,-15.1,
7057E_447566,Number Averaged Molecular Weight,262252,
7057E_447566,Weight Averaged Molecular Weight,324251,
7054W_447567,Mooney Viscosity,88,
7054W_447567,Mooney Stress Relaxation,1.555,
7054W_447567,Styrene_Cont,21.4,
7054W_447567,Cis_Cont,12.5,
7054W_447567,Trans_Cont,13.4,
7054W_447567,Vinyl_Cont,52.6,
7054W_447567,Glass Transition Temperature,-16.6,
7054W_447567,Number Averaged Molecular Weight,247125,
7054W_447567,Weight Averaged Molecular Weight,355459,
7057D_447567,Mooney Viscosity,79,
7057D_447567,Mooney Stress Relaxation,1.487,
7057D_447567,Styrene_Cont,21.7,
7057D_447567,Cis_Cont,12.7,
7057D_447567,Trans_Cont,14.0,
7057D_447567,Vinyl_Cont,51.6,
7057D_447567,Glass Transition Temperature,-16.9,
7057D_447567,Number Averaged Molecular Weight,223753,
7057D_447567,Weight Averaged Molecular Weight,292932,
7054P_447568,Mooney Viscosity,64,
7054P_447568,Mooney Stress Relaxation,1.75,
7054P_447568,Styrene_Cont,21.7,
7054P_447568,Cis_Cont,13.0,
7054P_447568,Trans_Cont,14.8,
7054P_447568,Vinyl_Cont,50.4,
7054P_447568,Glass Transition Temperature,-21.5,
7054P_447568,Number Averaged Molecular Weight,249580,
7054P_447568,Weight Averaged Molecular Weight,309310,
7057A_447568,Mooney Viscosity,67,
7057A_447568,Mooney Stress Relaxation,1.829,
7057A_447568,Styrene_Cont,21.7,
7057A_447568,Cis_Cont,13.0,
7057A_447568,Trans_Cont,14.7,
7057A_447568,Vinyl_Cont,50.7,
7057A_447568,Glass Transition Temperature,-21.5,
7057A_447568,Number Averaged Molecular Weight,243178,
7057A_447568,Weight Averaged Molecular Weight,301338,
7054G_447581,Mooney Viscosity,71,
7054G_447581,Mooney Stress Relaxation,1.062,
7054G_447581,Styrene_Cont,21.5,
7054G_447581,Cis_Cont,13.1,
7054G_447581,Trans_Cont,14.9,
7054G_447581,Vinyl_Cont,50.6,
7054G_447581,Glass Transition Temperature,-21.6,
7054G_447581,Number Averaged Molecular Weight,257258,
7054G_447581,Weight Averaged Molecular Weight,414374,
7054T_447582,Mooney Viscosity,71,
7054T_447582,Mooney Stress Relaxation,1.173,
7054T_447582,Styrene_Cont,21.6,
7054T_447582,Cis_Cont,12.8,
7054T_447582,Trans_Cont,14.1,
7054T_447582,Vinyl_Cont,51.6,
7054T_447582,Glass Transition Temperature,-18.8,
7054T_447582,Number Averaged Molecular Weight,237692,
7054T_447582,Weight Averaged Molecular Weight,309108,
7054U_447582,Mooney Viscosity,70,
7054U_447582,Mooney Stress Relaxation,1.178,
7054U_447582,Styrene_Cont,21.6,
7054U_447582,Cis_Cont,12.8,
7054U_447582,Trans_Cont,14.2,
7054U_447582,Vinyl_Cont,51.5,
7054U_447582,Glass Transition Temperature,-19.4,
7054U_447582,Number Averaged Molecular Weight,246543,
7054U_447582,Weight Averaged Molecular Weight,311297,
7054O_447583,Mooney Viscosity,91,
7054O_447583,Mooney Stress Relaxation,1.092,
7054O_447583,Styrene_Cont,21.5,
7054O_447583,Cis_Cont,12.6,
7054O_447583,Trans_Cont,13.8,
7054O_447583,Vinyl_Cont,52.0,
7054O_447583,Glass Transition Temperature,-17.9,
7054O_447583,Number Averaged Molecular Weight,258592,
7054O_447583,Weight Averaged Molecular Weight,385674,
7054K_447584,Mooney Viscosity,78,
7054K_447584,Mooney Stress Relaxation,1.121,
7054K_447584,Styrene_Cont,21.7,
7054K_447584,Cis_Cont,13.0,
7054K_447584,Trans_Cont,14.6,
7054K_447584,Vinyl_Cont,50.7,
7054K_447584,Glass Transition Temperature,-21.3,
7054K_447584,Number Averaged Molecular Weight,246730,
7054K_447584,Weight Averaged Molecular Weight,349352,
7054N_447584,Mooney Viscosity,84,
7054N_447584,Mooney Stress Relaxation,1.101,
7054N_447584,Styrene_Cont,21.2,
7054N_447584,Cis_Cont,12.7,
7054N_447584,Trans_Cont,13.8,
7054N_447584,Vinyl_Cont,52.3,
7054N_447584,Glass Transition Temperature,-19.2,
7054N_447584,Number Averaged Molecular Weight,260051,
7054N_447584,Weight Averaged Molecular Weight,424110,
7054K_447585,Mooney Viscosity,78,
7054K_447585,Mooney Stress Relaxation,1.121,
7054K_447585,Styrene_Cont,21.7,
7054K_447585,Cis_Cont,13.0,
7054K_447585,Trans_Cont,14.6,
7054K_447585,Vinyl_Cont,50.7,
7054K_447585,Glass Transition Temperature,-21.3,
7054K_447585,Number Averaged Molecular Weight,246730,
7054K_447585,Weight Averaged Molecular Weight,349352,
7054N_447585,Mooney Viscosity,84,
7054N_447585,Mooney Stress Relaxation,1.101,
7054N_447585,Styrene_Cont,21.2,
7054N_447585,Cis_Cont,12.7,
7054N_447585,Trans_Cont,13.8,
7054N_447585,Vinyl_Cont,52.3,
7054N_447585,Glass Transition Temperature,-19.2,
7054N_447585,Number Averaged Molecular Weight,260051,
7054N_447585,Weight Averaged Molecular Weight,424110,
7054O_447586,Mooney Viscosity,91,
7054O_447586,Mooney Stress Relaxation,1.092,
7054O_447586,Styrene_Cont,21.5,
7054O_447586,Cis_Cont,12.6,
7054O_447586,Trans_Cont,13.8,
7054O_447586,Vinyl_Cont,52.0,
7054O_447586,Glass Transition Temperature,-17.9,
7054O_447586,Number Averaged Molecular Weight,258592,
7054O_447586,Weight Averaged Molecular Weight,385674,
7054T_447587,Mooney Viscosity,71,
7054T_447587,Mooney Stress Relaxation,1.173,
7054T_447587,Styrene_Cont,21.6,
7054T_447587,Cis_Cont,12.8,
7054T_447587,Trans_Cont,14.1,
7054T_447587,Vinyl_Cont,51.6,
7054T_447587,Glass Transition Temperature,-18.8,
7054T_447587,Number Averaged Molecular Weight,237692,
7054T_447587,Weight Averaged Molecular Weight,309108,
7054U_447587,Mooney Viscosity,70,
7054U_447587,Mooney Stress Relaxation,1.178,
7054U_447587,Styrene_Cont,21.6,
7054U_447587,Cis_Cont,12.8,
7054U_447587,Trans_Cont,14.2,
7054U_447587,Vinyl_Cont,51.5,
7054U_447587,Glass Transition Temperature,-19.4,
7054U_447587,Number Averaged Molecular Weight,246543,
7054U_447587,Weight Averaged Molecular Weight,311297,
7054G_447588,Mooney Viscosity,71,
7054G_447588,Mooney Stress Relaxation,1.062,
7054G_447588,Styrene_Cont,21.5,
7054G_447588,Cis_Cont,13.1,
7054G_447588,Trans_Cont,14.9,
7054G_447588,Vinyl_Cont,50.6,
7054G_447588,Glass Transition Temperature,-21.6,
7054G_447588,Number Averaged Molecular Weight,257258,
7054G_447588,Weight Averaged Molecular Weight,414374,
7054W_447601,Mooney Viscosity,88,
7054W_447601,Mooney Stress Relaxation,1.555,
7054W_447601,Styrene_Cont,21.4,
7054W_447601,Cis_Cont,12.5,
7054W_447601,Trans_Cont,13.4,
7054W_447601,Vinyl_Cont,52.6,
7054W_447601,Glass Transition Temperature,-16.6,
7054W_447601,Number Averaged Molecular Weight,247125,
7054W_447601,Weight Averaged Molecular Weight,355459,
7057D_447601,Mooney Viscosity,79,
7057D_447601,Mooney Stress Relaxation,1.487,
7057D_447601,Styrene_Cont,21.7,
7057D_447601,Cis_Cont,12.7,
7057D_447601,Trans_Cont,14.0,
7057D_447601,Vinyl_Cont,51.6,
7057D_447601,Glass Transition Temperature,-16.9,
7057D_447601,Number Averaged Molecular Weight,223753,
7057D_447601,Weight Averaged Molecular Weight,292932,
7054K_447602,Mooney Viscosity,78,
7054K_447602,Mooney Stress Relaxation,1.121,
7054K_447602,Styrene_Cont,21.7,
7054K_447602,Cis_Cont,13.0,
7054K_447602,Trans_Cont,14.6,
7054K_447602,Vinyl_Cont,50.7,
7054K_447602,Glass Transition Temperature,-21.3,
7054K_447602,Number Averaged Molecular Weight,246730,
7054K_447602,Weight Averaged Molecular Weight,349352,
7054N_447602,Mooney Viscosity,84,
7054N_447602,Mooney Stress Relaxation,1.101,
7054N_447602,Styrene_Cont,21.2,
7054N_447602,Cis_Cont,12.7,
7054N_447602,Trans_Cont,13.8,
7054N_447602,Vinyl_Cont,52.3,
7054N_447602,Glass Transition Temperature,-19.2,
7054N_447602,Number Averaged Molecular Weight,260051,
7054N_447602,Weight Averaged Molecular Weight,424110,
7054R_447603,Mooney Viscosity,87,
7054R_447603,Mooney Stress Relaxation,1.811,
7054R_447603,Styrene_Cont,21.5,
7054R_447603,Cis_Cont,12.8,
7054R_447603,Trans_Cont,14.3,
7054R_447603,Vinyl_Cont,51.3,
7054R_447603,Glass Transition Temperature,-17.6,
7054R_447603,Number Averaged Molecular Weight,310036,
7054R_447603,Weight Averaged Molecular Weight,370659,
7054S_447603,Mooney Viscosity,79,
7054S_447603,Mooney Stress Relaxation,1.405,
7054S_447603,Styrene_Cont,21.6,
7054S_447603,Cis_Cont,12.7,
7054S_447603,Trans_Cont,13.9,
7054S_447603,Vinyl_Cont,51.8,
7054S_447603,Glass Transition Temperature,-19.4,
7054S_447603,Number Averaged Molecular Weight,244068,
7054S_447603,Weight Averaged Molecular Weight,312530,
7054T_447604,Mooney Viscosity,71,
7054T_447604,Mooney Stress Relaxation,1.173,
7054T_447604,Styrene_Cont,21.6,
7054T_447604,Cis_Cont,12.8,
7054T_447604,Trans_Cont,14.1,
7054T_447604,Vinyl_Cont,51.6,
7054T_447604,Glass Transition Temperature,-18.8,
7054T_447604,Number Averaged Molecular Weight,237692,
7054T_447604,Weight Averaged Molecular Weight,309108,
7054U_447604,Mooney Viscosity,70,
7054U_447604,Mooney Stress Relaxation,1.178,
7054U_447604,Styrene_Cont,21.6,
7054U_447604,Cis_Cont,12.8,
7054U_447604,Trans_Cont,14.2,
7054U_447604,Vinyl_Cont,51.5,
7054U_447604,Glass Transition Temperature,-19.4,
7054U_447604,Number Averaged Molecular Weight,246543,
7054U_447604,Weight Averaged Molecular Weight,311297,
7054T_447605,Mooney Viscosity,71,
7054T_447605,Mooney Stress Relaxation,1.173,
7054T_447605,Styrene_Cont,21.6,
7054T_447605,Cis_Cont,12.8,
7054T_447605,Trans_Cont,14.1,
7054T_447605,Vinyl_Cont,51.6,
7054T_447605,Glass Transition Temperature,-18.8,
7054T_447605,Number Averaged Molecular Weight,237692,
7054T_447605,Weight Averaged Molecular Weight,309108,
7054U_447605,Mooney Viscosity,70,
7054U_447605,Mooney Stress Relaxation,1.178,
7054U_447605,Styrene_Cont,21.6,
7054U_447605,Cis_Cont,12.8,
7054U_447605,Trans_Cont,14.2,
7054U_447605,Vinyl_Cont,51.5,
7054U_447605,Glass Transition Temperature,-19.4,
7054U_447605,Number Averaged Molecular Weight,246543,
7054U_447605,Weight Averaged Molecular Weight,311297,
7054R_447606,Mooney Viscosity,87,
7054R_447606,Mooney Stress Relaxation,1.811,
7054R_447606,Styrene_Cont,21.5,
7054R_447606,Cis_Cont,12.8,
7054R_447606,Trans_Cont,14.3,
7054R_447606,Vinyl_Cont,51.3,
7054R_447606,Glass Transition Temperature,-17.6,
7054R_447606,Number Averaged Molecular Weight,310036,
7054R_447606,Weight Averaged Molecular Weight,370659,
7054S_447606,Mooney Viscosity,79,
7054S_447606,Mooney Stress Relaxation,1.405,
7054S_447606,Styrene_Cont,21.6,
7054S_447606,Cis_Cont,12.7,
7054S_447606,Trans_Cont,13.9,
7054S_447606,Vinyl_Cont,51.8,
7054S_447606,Glass Transition Temperature,-19.4,
7054S_447606,Number Averaged Molecular Weight,244068,
7054S_447606,Weight Averaged Molecular Weight,312530,
7054K_447607,Mooney Viscosity,78,
7054K_447607,Mooney Stress Relaxation,1.121,
7054K_447607,Styrene_Cont,21.7,
7054K_447607,Cis_Cont,13.0,
7054K_447607,Trans_Cont,14.6,
7054K_447607,Vinyl_Cont,50.7,
7054K_447607,Glass Transition Temperature,-21.3,
7054K_447607,Number Averaged Molecular Weight,246730,
7054K_447607,Weight Averaged Molecular Weight,349352,
7054N_447607,Mooney Viscosity,84,
7054N_447607,Mooney Stress Relaxation,1.101,
7054N_447607,Styrene_Cont,21.2,
7054N_447607,Cis_Cont,12.7,
7054N_447607,Trans_Cont,13.8,
7054N_447607,Vinyl_Cont,52.3,
7054N_447607,Glass Transition Temperature,-19.2,
7054N_447607,Number Averaged Molecular Weight,260051,
7054N_447607,Weight Averaged Molecular Weight,424110,
7054W_447608,Mooney Viscosity,88,
7054W_447608,Mooney Stress Relaxation,1.555,
7054W_447608,Styrene_Cont,21.4,
7054W_447608,Cis_Cont,12.5,
7054W_447608,Trans_Cont,13.4,
7054W_447608,Vinyl_Cont,52.6,
7054W_447608,Glass Transition Temperature,-16.6,
7054W_447608,Number Averaged Molecular Weight,247125,
7054W_447608,Weight Averaged Molecular Weight,355459,
7057D_447608,Mooney Viscosity,79,
7057D_447608,Mooney Stress Relaxation,1.487,
7057D_447608,Styrene_Cont,21.7,
7057D_447608,Cis_Cont,12.7,
7057D_447608,Trans_Cont,14.0,
7057D_447608,Vinyl_Cont,51.6,
7057D_447608,Glass Transition Temperature,-16.9,
7057D_447608,Number Averaged Molecular Weight,223753,
7057D_447608,Weight Averaged Molecular Weight,292932,
41149_Q1,ML 1+1,61.83,ME
41149_Q2,ML 1+1,54.98,ME
41149_Q3,ML 1+1,79.62,ME
41149_Q4,ML 1+1,52.84,ME
41149_Q5,ML 1+1,78.88,ME
41149_Q6,ML 1+1,67.98,ME
41149_Q7,ML 1+1,76.8,ME
41149_Q1,ML 1+4,51.75,ME
41149_Q2,ML 1+4,45.99,ME
41149_Q3,ML 1+4,66.69,ME
41149_Q4,ML 1+4,44.35,ME
41149_Q5,ML 1+4,64.64,ME
41149_Q6,ML 1+4,59.3,ME
41149_Q7,ML 1+4,63.47,ME
41149_Q1,MSR,0.539,log(ME)/log(s)
41149_Q2,MSR,0.522,log(ME)/log(s)
41149_Q3,MSR,0.437,log(ME)/log(s)
41149_Q4,MSR,0.53,log(ME)/log(s)
41149_Q5,MSR,0.435,log(ME)/log(s)
41149_Q6,MSR,0.445,log(ME)/log(s)
41149_Q7,MSR,0.432,log(ME)/log(s)
41149_Q1,Umsatzzeit 90percent,783.96,[sec]
41149_Q2,Umsatzzeit 90percent,821.22,[sec]
41149_Q3,Umsatzzeit 90percent,815.64,[sec]
41149_Q4,Umsatzzeit 90percent,811.32,[sec]
41149_Q5,Umsatzzeit 90percent,811.74,[sec]
41149_Q6,Umsatzzeit 90percent,791.34,[sec]
41149_Q7,Umsatzzeit 90percent,807.24,[sec]
41149_Q1,S_dash bei 90percent Umsatz,17.82,dNm
41149_Q2,S_dash bei 90percent Umsatz,17.68,dNm
41149_Q3,S_dash bei 90percent Umsatz,17.45,dNm
41149_Q4,S_dash bei 90percent Umsatz,17.75,dNm
41149_Q5,S_dash bei 90percent Umsatz,16.78,dNm
41149_Q6,S_dash bei 90percent Umsatz,16.7,dNm
41149_Q7,S_dash bei 90percent Umsatz,16.78,dNm
41149_Q1,Massedruck_1,30.75,bar
41149_Q2,Massedruck_1,30.55,bar
41149_Q3,Massedruck_1,37.25,bar
41149_Q4,Massedruck_1,0.0,bar
41149_Q5,Massedruck_1,34.75,bar
41149_Q6,Massedruck_1,34.75,bar
41149_Q7,Massedruck_1,35.0,bar
41149_Q1,Massedruck_2,27.7,bar
41149_Q2,Massedruck_2,25.75,bar
41149_Q3,Massedruck_2,32.8,bar
41149_Q4,Massedruck_2,26.3,bar
41149_Q5,Massedruck_2,33.2,bar
41149_Q6,Massedruck_2,31.4,bar
41149_Q7,Massedruck_2,32.15,bar
41149_Q1,Quellung Hausmethode K10_1,32.88,percent
41149_Q2,Quellung Hausmethode K10_1,34.46,percent
41149_Q3,Quellung Hausmethode K10_1,35.63,percent
41149_Q4,Quellung Hausmethode K10_1,34.07,percent
41149_Q5,Quellung Hausmethode K10_1,31.89,percent
41149_Q6,Quellung Hausmethode K10_1,34.46,percent
41149_Q7,Quellung Hausmethode K10_1,34.26,percent
41149_Q1,Quellung Hausmethode K10_2,32.49,percent
41149_Q2,Quellung Hausmethode K10_2,37.75,percent
41149_Q3,Quellung Hausmethode K10_2,36.41,percent
41149_Q4,Quellung Hausmethode K10_2,34.66,percent
41149_Q5,Quellung Hausmethode K10_2,31.69,percent
41149_Q6,Quellung Hausmethode K10_2,32.68,percent
41149_Q7,Quellung Hausmethode K10_2,32.09,percent
41149_Q1,Masse pro Messzeit_1,27.06,g
41149_Q2,Masse pro Messzeit_1,29.14,g
41149_Q3,Masse pro Messzeit_1,26.28,g
41149_Q4,Masse pro Messzeit_1,29.28,g
41149_Q5,Masse pro Messzeit_1,25.04,g
41149_Q6,Masse pro Messzeit_1,25.58,g
41149_Q7,Masse pro Messzeit_1,24.96,g
41149_Q1,Masse pro Messzeit_2,26.7,g
41149_Q2,Masse pro Messzeit_2,28.52,g
41149_Q3,Masse pro Messzeit_2,26.0,g
41149_Q4,Masse pro Messzeit_2,28.52,g
41149_Q5,Masse pro Messzeit_2,26.3,g
41149_Q6,Masse pro Messzeit_2,25.28,g
41149_Q7,Masse pro Messzeit_2,25.9,g
41149_Q1,Hardness_mean_value,66.53,Shore A
41149_Q2,Hardness_mean_value,66.73,Shore A
41149_Q3,Hardness_mean_value,64.7,Shore A
41149_Q4,Hardness_mean_value,66.33,Shore A
41149_Q5,Hardness_mean_value,63.67,Shore A
41149_Q6,Hardness_mean_value,63.57,Shore A
41149_Q7,Hardness_mean_value,65.33,Shore A
41149_Q1,Rebound_mean_value_1,37.13,percent
41149_Q2,Rebound_mean_value_1,36.67,percent
41149_Q3,Rebound_mean_value_1,36.73,percent
41149_Q4,Rebound_mean_value_1,37.27,percent
41149_Q5,Rebound_mean_value_1,41.53,percent
41149_Q6,Rebound_mean_value_1,41.8,percent
41149_Q7,Rebound_mean_value_1,39.4,percent
41149_Q1,Rebound_mean_value_2,52.5,percent
41149_Q2,Rebound_mean_value_2,53.5,percent
41149_Q3,Rebound_mean_value_2,56.5,percent
41149_Q4,Rebound_mean_value_2,54.0,percent
41149_Q5,Rebound_mean_value_2,60.5,percent
41149_Q6,Rebound_mean_value_2,59.5,percent
41149_Q7,Rebound_mean_value_2,57.5,percent
41149_Q1,S50,1.5,MPa
41149_Q2,S50,1.5,MPa
41149_Q3,S50,1.3,MPa
41149_Q4,S50,1.4,MPa
41149_Q5,S50,1.3,MPa
41149_Q6,S50,1.3,MPa
41149_Q7,S50,1.3,MPa
41149_Q1,S100,2.6,MPa
41149_Q2,S100,2.6,MPa
41149_Q3,S100,2.3,MPa
41149_Q4,S100,2.4,MPa
41149_Q5,S100,2.4,MPa
41149_Q6,S100,2.5,MPa
41149_Q7,S100,2.3,MPa
41149_Q1,S300,12.6,MPa
41149_Q2,S300,12.5,MPa
41149_Q3,S300,12.8,MPa
41149_Q4,S300,12.1,MPa
41149_Q5,S300,13.8,MPa
41149_Q6,S300,13.8,MPa
41149_Q7,S300,13.0,MPa
41149_Q1,D Median,400.0,percent
41149_Q2,D Median,425.0,percent
41149_Q3,D Median,430.0,percent
41149_Q4,D Median,419.0,percent
41149_Q5,D Median,407.0,percent
41149_Q6,D Median,405.0,percent
41149_Q7,D Median,413.0,percent
41149_Q1,F Median,18.4,MPa
41149_Q2,F Median,19.8,MPa
41149_Q3,F Median,21.0,MPa
41149_Q4,F Median,18.9,MPa
41149_Q5,F Median,21.1,MPa
41149_Q6,F Median,21.1,MPa
41149_Q7,F Median,20.3,MPa
41149_Q1,E_dash_0_degree_celcius,42.13,MPa
41149_Q2,E_dash_0_degree_celcius,41.03,MPa
41149_Q3,E_dash_0_degree_celcius,29.55,MPa
41149_Q4,E_dash_0_degree_celcius,41.23,MPa
41149_Q5,E_dash_0_degree_celcius,20.44,MPa
41149_Q6,E_dash_0_degree_celcius,22.37,MPa
41149_Q7,E_dash_0_degree_celcius,23.06,MPa
41149_Q1,E_double_dash_0_degree_celcius,10.1,MPa
41149_Q2,E_double_dash_0_degree_celcius,9.41,MPa
41149_Q3,E_double_dash_0_degree_celcius,7.69,MPa
41149_Q4,E_double_dash_0_degree_celcius,9.02,MPa
41149_Q5,E_double_dash_0_degree_celcius,5.93,MPa
41149_Q6,E_double_dash_0_degree_celcius,5.91,MPa
41149_Q7,E_double_dash_0_degree_celcius,6.44,MPa
41149_Q1,E_dash_23_degree_celcius,25.21,MPa
41149_Q2,E_dash_23_degree_celcius,24.53,MPa
41149_Q3,E_dash_23_degree_celcius,17.42,MPa
41149_Q4,E_dash_23_degree_celcius,25.16,MPa
41149_Q5,E_dash_23_degree_celcius,12.04,MPa
41149_Q6,E_dash_23_degree_celcius,13.48,MPa
41149_Q7,E_dash_23_degree_celcius,13.52,MPa
41149_Q1,E_double_dash_23_degree_celcius,4.26,MPa
41149_Q2,E_double_dash_23_degree_celcius,3.99,MPa
41149_Q3,E_double_dash_23_degree_celcius,2.75,MPa
41149_Q4,E_double_dash_23_degree_celcius,4.02,MPa
41149_Q5,E_double_dash_23_degree_celcius,1.84,MPa
41149_Q6,E_double_dash_23_degree_celcius,2.01,MPa
41149_Q7,E_double_dash_23_degree_celcius,2.09,MPa
41149_Q1,E_dash_60_degree_celcius,15.34,MPa
41149_Q2,E_dash_60_degree_celcius,15.09,MPa
41149_Q3,E_dash_60_degree_celcius,10.77,MPa
41149_Q4,E_dash_60_degree_celcius,15.43,MPa
41149_Q5,E_dash_60_degree_celcius,7.75,MPa
41149_Q6,E_dash_60_degree_celcius,8.68,MPa
41149_Q7,E_dash_60_degree_celcius,8.57,MPa
41149_Q1,E_double_dash_60_degree_celcius,1.78,MPa
41149_Q2,E_double_dash_60_degree_celcius,1.71,MPa
41149_Q3,E_double_dash_60_degree_celcius,1.05,MPa
41149_Q4,E_double_dash_60_degree_celcius,1.76,MPa
41149_Q5,E_double_dash_60_degree_celcius,0.65,MPa
41149_Q6,E_double_dash_60_degree_celcius,0.7,MPa
41149_Q7,E_double_dash_60_degree_celcius,0.72,MPa
41149_Q1,tand d max,0.547,
41149_Q2,tand d max,0.542,
41149_Q3,tand d max,0.603,
41149_Q4,tand d max,0.536,
41149_Q5,tand d max,0.671,
41149_Q6,tand d max,0.624,
41149_Q7,tand d max,0.639,
41149_Q1,Temperatur tan d max,-27.3,[degree_celcius]
41149_Q2,Temperatur tan d max,-27.3,[degree_celcius]
41149_Q3,Temperatur tan d max,-25.3,[degree_celcius]
41149_Q4,Temperatur tan d max,-28.3,[degree_celcius]
41149_Q5,Temperatur tan d max,-24.3,[degree_celcius]
41149_Q6,Temperatur tan d max,-25.2,[degree_celcius]
41149_Q7,Temperatur tan d max,-24.2,[degree_celcius]
41149_Q1,ElasticModulus_G_dash_zero_point_five_percent_1_Messung,4.13,MPa
41149_Q2,ElasticModulus_G_dash_zero_point_five_percent_1_Messung,4.73,MPa
41149_Q3,ElasticModulus_G_dash_zero_point_five_percent_1_Messung,3.75,MPa
41149_Q4,ElasticModulus_G_dash_zero_point_five_percent_1_Messung,4.53,MPa
41149_Q5,ElasticModulus_G_dash_zero_point_five_percent_1_Messung,2.83,MPa
41149_Q6,ElasticModulus_G_dash_zero_point_five_percent_1_Messung,2.95,MPa
41149_Q7,ElasticModulus_G_dash_zero_point_five_percent_1_Messung,3.25,MPa
41149_Q1,ElasticModulus_G_dash_15_percent_1_Messung,1.49,MPa
41149_Q2,ElasticModulus_G_dash_15_percent_1_Messung,1.56,MPa
41149_Q3,ElasticModulus_G_dash_15_percent_1_Messung,1.49,MPa
41149_Q4,ElasticModulus_G_dash_15_percent_1_Messung,1.57,MPa
41149_Q5,ElasticModulus_G_dash_15_percent_1_Messung,1.34,MPa
41149_Q6,ElasticModulus_G_dash_15_percent_1_Messung,1.36,MPa
41149_Q7,ElasticModulus_G_dash_15_percent_1_Messung,1.42,MPa
41149_Q1,tan_d_7_percent_1_Messung,0.197,MPa
41149_Q2,tan_d_7_percent_1_Messung,0.199,MPa
41149_Q3,tan_d_7_percent_1_Messung,0.182,MPa
41149_Q4,tan_d_7_percent_1_Messung,0.195,MPa
41149_Q5,tan_d_7_percent_1_Messung,0.162,MPa
41149_Q6,tan_d_7_percent_1_Messung,0.165,MPa
41149_Q7,tan_d_7_percent_1_Messung,0.175,MPa
41149_Q1,LossModulus_Gdouble_dash(max),0.55,MPa
41149_Q2,LossModulus_Gdouble_dash(max),0.63,MPa
41149_Q3,LossModulus_Gdouble_dash(max),0.46,MPa
41149_Q4,LossModulus_Gdouble_dash(max),0.6,MPa
41149_Q5,LossModulus_Gdouble_dash(max),0.33,MPa
41149_Q6,LossModulus_Gdouble_dash(max),0.34,MPa
41149_Q7,LossModulus_Gdouble_dash(max),0.4,MPa
41151_Q1,ML 1+1,75.0,ME
41151_Q2,ML 1+1,71.5,ME
41151_Q3,ML 1+1,92.06,ME
41151_Q4,ML 1+1,70.57,ME
41151_Q5,ML 1+1,87.71,ME
41151_Q6,ML 1+1,83.64,ME
41151_Q7,ML 1+1,87.39,ME
41151_Q1,ML 1+4,66.56,ME
41151_Q2,ML 1+4,61.77,ME
41151_Q3,ML 1+4,78.81,ME
41151_Q4,ML 1+4,60.97,ME
41151_Q5,ML 1+4,75.46,ME
41151_Q6,ML 1+4,74.65,ME
41151_Q7,ML 1+4,75.96,ME
41151_Q1,MSR,0.425,log(ME)/log(s)
41151_Q2,MSR,0.417,log(ME)/log(s)
41151_Q3,MSR,0.365,log(ME)/log(s)
41151_Q4,MSR,0.422,log(ME)/log(s)
41151_Q5,MSR,0.344,log(ME)/log(s)
41151_Q6,MSR,0.362,log(ME)/log(s)
41151_Q7,MSR,0.349,log(ME)/log(s)
41151_Q1,Umsatzzeit 90percent,620.82,[sec]
41151_Q2,Umsatzzeit 90percent,624.66,[sec]
41151_Q3,Umsatzzeit 90percent,617.82,[sec]
41151_Q4,Umsatzzeit 90percent,616.8,[sec]
41151_Q5,Umsatzzeit 90percent,585.42,[sec]
41151_Q6,Umsatzzeit 90percent,616.98,[sec]
41151_Q7,Umsatzzeit 90percent,628.62,[sec]
41151_Q1,S_dash bei 90percent Umsatz,14.12,dNm
41151_Q2,S_dash bei 90percent Umsatz,13.96,dNm
41151_Q3,S_dash bei 90percent Umsatz,14.09,dNm
41151_Q4,S_dash bei 90percent Umsatz,14.22,dNm
41151_Q5,S_dash bei 90percent Umsatz,14.37,dNm
41151_Q6,S_dash bei 90percent Umsatz,14.7,dNm
41151_Q7,S_dash bei 90percent Umsatz,14.43,dNm
41151_Q1,Massedruck_1,37.95,bar
41151_Q2,Massedruck_1,36.7,bar
41151_Q3,Massedruck_1,43.1,bar
41151_Q4,Massedruck_1,37.0,bar
41151_Q5,Massedruck_1,40.7,bar
41151_Q6,Massedruck_1,39.95,bar
41151_Q7,Massedruck_1,41.15,bar
41151_Q1,Massedruck_2,34.05,bar
41151_Q2,Massedruck_2,35.8,bar
41151_Q3,Massedruck_2,41.55,bar
41151_Q4,Massedruck_2,33.7,bar
41151_Q5,Massedruck_2,39.25,bar
41151_Q6,Massedruck_2,39.7,bar
41151_Q7,Massedruck_2,41.1,bar
41151_Q1,Quellung Hausmethode K10_1,32.88,percent
41151_Q2,Quellung Hausmethode K10_1,36.6,percent
41151_Q3,Quellung Hausmethode K10_1,27.62,percent
41151_Q4,Quellung Hausmethode K10_1,38.52,percent
41151_Q5,Quellung Hausmethode K10_1,27.0,percent
41151_Q6,Quellung Hausmethode K10_1,30.68,percent
41151_Q7,Quellung Hausmethode K10_1,27.83,percent
41151_Q1,Quellung Hausmethode K10_2,34.66,percent
41151_Q2,Quellung Hausmethode K10_2,39.65,percent
41151_Q3,Quellung Hausmethode K10_2,31.09,percent
41151_Q4,Quellung Hausmethode K10_2,34.07,percent
41151_Q5,Quellung Hausmethode K10_2,27.21,percent
41151_Q6,Quellung Hausmethode K10_2,28.65,percent
41151_Q7,Quellung Hausmethode K10_2,26.17,percent
41151_Q1,Masse pro Messzeit_1,25.74,g
41151_Q2,Masse pro Messzeit_1,26.68,g
41151_Q3,Masse pro Messzeit_1,24.24,g
41151_Q4,Masse pro Messzeit_1,27.18,g
41151_Q5,Masse pro Messzeit_1,23.98,g
41151_Q6,Masse pro Messzeit_1,23.48,g
41151_Q7,Masse pro Messzeit_1,23.86,g
41151_Q1,Masse pro Messzeit_2,25.8,g
41151_Q2,Masse pro Messzeit_2,26.9,g
41151_Q3,Masse pro Messzeit_2,24.12,g
41151_Q4,Masse pro Messzeit_2,27.56,g
41151_Q5,Masse pro Messzeit_2,22.88,g
41151_Q6,Masse pro Messzeit_2,23.4,g
41151_Q7,Masse pro Messzeit_2,23.76,g
41151_Q1,Hardness_mean_value,60.7,Shore A
41151_Q2,Hardness_mean_value,60.03,Shore A
41151_Q3,Hardness_mean_value,60.37,Shore A
41151_Q4,Hardness_mean_value,59.5,Shore A
41151_Q5,Hardness_mean_value,61.0,Shore A
41151_Q6,Hardness_mean_value,60.9,Shore A
41151_Q7,Hardness_mean_value,60.73,Shore A
41151_Q1,Rebound_mean_value_1,44.33,percent
41151_Q2,Rebound_mean_value_1,43.6,percent
41151_Q3,Rebound_mean_value_1,43.8,percent
41151_Q4,Rebound_mean_value_1,43.93,percent
41151_Q5,Rebound_mean_value_1,43.13,percent
41151_Q6,Rebound_mean_value_1,43.93,percent
41151_Q7,Rebound_mean_value_1,41.93,percent
41151_Q1,Rebound_mean_value_2,62.5,percent
41151_Q2,Rebound_mean_value_2,62.0,percent
41151_Q3,Rebound_mean_value_2,63.5,percent
41151_Q4,Rebound_mean_value_2,61.5,percent
41151_Q5,Rebound_mean_value_2,63.5,percent
41151_Q6,Rebound_mean_value_2,63.5,percent
41151_Q7,Rebound_mean_value_2,62.5,percent
41151_Q1,S50,1.2,MPa
41151_Q2,S50,1.3,MPa
41151_Q3,S50,1.2,MPa
41151_Q4,S50,1.3,MPa
41151_Q5,S50,1.3,MPa
41151_Q6,S50,1.3,MPa
41151_Q7,S50,1.3,MPa
41151_Q1,S100,2.4,MPa
41151_Q2,S100,2.4,MPa
41151_Q3,S100,2.4,MPa
41151_Q4,S100,2.5,MPa
41151_Q5,S100,2.5,MPa
41151_Q6,S100,2.6,MPa
41151_Q7,S100,2.5,MPa
41151_Q1,S300,15.2,MPa
41151_Q2,S300,14.8,MPa
41151_Q3,S300,15.7,MPa
41151_Q4,S300,15.3,MPa
41151_Q5,S300,16.0,MPa
41151_Q6,S300,16.0,MPa
41151_Q7,S300,16.3,MPa
41151_Q1,D Median,368.0,percent
41151_Q2,D Median,371.0,percent
41151_Q3,D Median,373.0,percent
41151_Q4,D Median,363.0,percent
41151_Q5,D Median,344.0,percent
41151_Q6,D Median,363.0,percent
41151_Q7,D Median,333.0,percent
41151_Q1,F Median,20.5,MPa
41151_Q2,F Median,20.2,MPa
41151_Q3,F Median,21.3,MPa
41151_Q4,F Median,20.3,MPa
41151_Q5,F Median,19.7,MPa
41151_Q6,F Median,20.9,MPa
41151_Q7,F Median,19.2,MPa
41151_Q1,E_dash_0_degree_celcius,14.51,MPa
41151_Q2,E_dash_0_degree_celcius,13.85,MPa
41151_Q3,E_dash_0_degree_celcius,13.58,MPa
41151_Q4,E_dash_0_degree_celcius,12.31,MPa
41151_Q5,E_dash_0_degree_celcius,12.64,MPa
41151_Q6,E_dash_0_degree_celcius,14.04,MPa
41151_Q7,E_dash_0_degree_celcius,15.49,MPa
41151_Q1,E_double_dash_0_degree_celcius,4.64,MPa
41151_Q2,E_double_dash_0_degree_celcius,4.5,MPa
41151_Q3,E_double_dash_0_degree_celcius,4.44,MPa
41151_Q4,E_double_dash_0_degree_celcius,3.73,MPa
41151_Q5,E_double_dash_0_degree_celcius,4.05,MPa
41151_Q6,E_double_dash_0_degree_celcius,4.36,MPa
41151_Q7,E_double_dash_0_degree_celcius,5.19,MPa
41151_Q1,E_dash_23_degree_celcius,8.35,MPa
41151_Q2,E_dash_23_degree_celcius,8.0,MPa
41151_Q3,E_dash_23_degree_celcius,8.0,MPa
41151_Q4,E_dash_23_degree_celcius,7.65,MPa
41151_Q5,E_dash_23_degree_celcius,7.63,MPa
41151_Q6,E_dash_23_degree_celcius,8.48,MPa
41151_Q7,E_dash_23_degree_celcius,8.87,MPa
41151_Q1,E_double_dash_23_degree_celcius,1.22,MPa
41151_Q2,E_double_dash_23_degree_celcius,1.22,MPa
41151_Q3,E_double_dash_23_degree_celcius,1.17,MPa
41151_Q4,E_double_dash_23_degree_celcius,1.09,MPa
41151_Q5,E_double_dash_23_degree_celcius,1.07,MPa
41151_Q6,E_double_dash_23_degree_celcius,1.21,MPa
41151_Q7,E_double_dash_23_degree_celcius,1.37,MPa
41151_Q1,E_dash_60_degree_celcius,5.69,MPa
41151_Q2,E_dash_60_degree_celcius,5.38,MPa
41151_Q3,E_dash_60_degree_celcius,5.42,MPa
41151_Q4,E_dash_60_degree_celcius,5.2,MPa
41151_Q5,E_dash_60_degree_celcius,5.32,MPa
41151_Q6,E_dash_60_degree_celcius,5.8,MPa
41151_Q7,E_dash_60_degree_celcius,5.87,MPa
41151_Q1,E_double_dash_60_degree_celcius,0.43,MPa
41151_Q2,E_double_dash_60_degree_celcius,0.41,MPa
41151_Q3,E_double_dash_60_degree_celcius,0.39,MPa
41151_Q4,E_double_dash_60_degree_celcius,0.4,MPa
41151_Q5,E_double_dash_60_degree_celcius,0.35,MPa
41151_Q6,E_double_dash_60_degree_celcius,0.41,MPa
41151_Q7,E_double_dash_60_degree_celcius,0.45,MPa
41151_Q1,tand d max,0.72,
41151_Q2,tand d max,0.733,
41151_Q3,tand d max,0.748,
41151_Q4,tand d max,0.776,
41151_Q5,tand d max,0.788,
41151_Q6,tand d max,0.741,
41151_Q7,tand d max,0.727,
41151_Q1,Temperatur tan d max,-23.3,[°C]
41151_Q2,Temperatur tan d max,-23.2,[°C]
41151_Q3,Temperatur tan d max,-22.3,[°C]
41151_Q4,Temperatur tan d max,-24.3,[°C]
41151_Q5,Temperatur tan d max,-22.3,[°C]
41151_Q6,Temperatur tan d max,-23.3,[°C]
41151_Q7,Temperatur tan d max,-22.3,[°C]
41151_Q1,ElasticModulus_G_dash_zero_point_five_percent_1_Messung,2.13,MPa
41151_Q2,ElasticModulus_G_dash_zero_point_five_percent_1_Messung,2.25,MPa
41151_Q3,ElasticModulus_G_dash_zero_point_five_percent_1_Messung,2.3,MPa
41151_Q4,ElasticModulus_G_dash_zero_point_five_percent_1_Messung,2.3,MPa
41151_Q5,ElasticModulus_G_dash_zero_point_five_percent_1_Messung,1.93,MPa
41151_Q6,ElasticModulus_G_dash_zero_point_five_percent_1_Messung,2.03,MPa
41151_Q7,ElasticModulus_G_dash_zero_point_five_percent_1_Messung,2.09,MPa
41151_Q1,ElasticModulus_G_dash_15_percent_1_Messung,1.18,MPa
41151_Q2,ElasticModulus_G_dash_15_percent_1_Messung,1.2,MPa
41151_Q3,ElasticModulus_G_dash_15_percent_1_Messung,1.22,MPa
41151_Q4,ElasticModulus_G_dash_15_percent_1_Messung,1.22,MPa
41151_Q5,ElasticModulus_G_dash_15_percent_1_Messung,1.15,MPa
41151_Q6,ElasticModulus_G_dash_15_percent_1_Messung,1.18,MPa
41151_Q7,ElasticModulus_G_dash_15_percent_1_Messung,1.18,MPa
41151_Q1,tan_d_7_percent_1_Messung,0.155,MPa
41151_Q2,tan_d_7_percent_1_Messung,0.164,MPa
41151_Q3,tan_d_7_percent_1_Messung,0.156,MPa
41151_Q4,tan_d_7_percent_1_Messung,0.165,MPa
41151_Q5,tan_d_7_percent_1_Messung,0.145,MPa
41151_Q6,tan_d_7_percent_1_Messung,0.147,MPa
41151_Q7,tan_d_7_percent_1_Messung,0.155,MPa
41151_Q1,LossModulus_Gdouble_dash(max),0.24,MPa
41151_Q2,LossModulus_Gdouble_dash(max),0.27,MPa
41151_Q3,LossModulus_Gdouble_dash(max),0.26,MPa
41151_Q4,LossModulus_Gdouble_dash(max),0.28,MPa
41151_Q5,LossModulus_Gdouble_dash(max),0.21,MPa
41151_Q6,LossModulus_Gdouble_dash(max),0.22,MPa
41151_Q7,LossModulus_Gdouble_dash(max),0.24,MPa
41153_Q1,ML 1+1,57.43,ME
41153_Q2,ML 1+1,51.97,ME
41153_Q3,ML 1+1,74.46,ME
41153_Q4,ML 1+1,58.27,ME
41153_Q5,ML 1+1,75.25,ME
41153_Q6,ML 1+1,69.25,ME
41153_Q7,ML 1+1,79.27,ME
41153_Q1,ML 1+4,49.19,ME
41153_Q2,ML 1+4,43.6,ME
41153_Q3,ML 1+4,63.06,ME
41153_Q4,ML 1+4,49.54,ME
41153_Q5,ML 1+4,62.58,ME
41153_Q6,ML 1+4,60.51,ME
41153_Q7,ML 1+4,66.59,ME
41153_Q1,MSR,0.567,log(ME)/log(s)
41153_Q2,MSR,0.544,log(ME)/log(s)
41153_Q3,MSR,0.473,log(ME)/log(s)
41153_Q4,MSR,0.539,log(ME)/log(s)
41153_Q5,MSR,0.453,log(ME)/log(s)
41153_Q6,MSR,0.464,log(ME)/log(s)
41153_Q7,MSR,0.432,log(ME)/log(s)
41153_Q1,Umsatzzeit 90percent,762.18,[sec]
41153_Q2,Umsatzzeit 90percent,842.58,[sec]
41153_Q3,Umsatzzeit 90percent,778.68,[sec]
41153_Q4,Umsatzzeit 90percent,796.86,[sec]
41153_Q5,Umsatzzeit 90percent,778.8,[sec]
41153_Q6,Umsatzzeit 90percent,790.02,[sec]
41153_Q7,Umsatzzeit 90percent,828.66,[sec]
41153_Q1,S_dash bei 90percent Umsatz,17.61,dNm
41153_Q2,S_dash bei 90percent Umsatz,17.89,dNm
41153_Q3,S_dash bei 90percent Umsatz,17.13,dNm
41153_Q4,S_dash bei 90percent Umsatz,17.88,dNm
41153_Q5,S_dash bei 90percent Umsatz,16.7,dNm
41153_Q6,S_dash bei 90percent Umsatz,17.26,dNm
41153_Q7,S_dash bei 90percent Umsatz,17.25,dNm
41153_Q1,Massedruck_1,31.85,bar
41153_Q2,Massedruck_1,29.6,bar
41153_Q3,Massedruck_1,35.5,bar
41153_Q4,Massedruck_1,29.75,bar
41153_Q5,Massedruck_1,34.8,bar
41153_Q6,Massedruck_1,35.3,bar
41153_Q7,Massedruck_1,33.85,bar
41153_Q1,Massedruck_2,26.65,bar
41153_Q2,Massedruck_2,24.1,bar
41153_Q3,Massedruck_2,31.7,bar
41153_Q4,Massedruck_2,27.5,bar
41153_Q5,Massedruck_2,32.85,bar
41153_Q6,Massedruck_2,31.75,bar
41153_Q7,Massedruck_2,33.35,bar
41153_Q1,Quellung Hausmethode K10_1,35.24,percent
41153_Q2,Quellung Hausmethode K10_1,37.18,percent
41153_Q3,Quellung Hausmethode K10_1,40.03,percent
41153_Q4,Quellung Hausmethode K10_1,40.41,percent
41153_Q5,Quellung Hausmethode K10_1,32.29,percent
41153_Q6,Quellung Hausmethode K10_1,34.46,percent
41153_Q7,Quellung Hausmethode K10_1,38.13,percent
41153_Q1,Quellung Hausmethode K10_2,29.47,percent
41153_Q2,Quellung Hausmethode K10_2,32.29,percent
41153_Q3,Quellung Hausmethode K10_2,34.85,percent
41153_Q4,Quellung Hausmethode K10_2,35.05,percent
41153_Q5,Quellung Hausmethode K10_2,30.28,percent
41153_Q6,Quellung Hausmethode K10_2,30.08,percent
41153_Q7,Quellung Hausmethode K10_2,36.6,percent
41153_Q1,Masse pro Messzeit_1,29.76,g
41153_Q2,Masse pro Messzeit_1,29.38,g
41153_Q3,Masse pro Messzeit_1,27.66,g
41153_Q4,Masse pro Messzeit_1,28.56,g
41153_Q5,Masse pro Messzeit_1,25.0,g
41153_Q6,Masse pro Messzeit_1,27.4,g
41153_Q7,Masse pro Messzeit_1,24.82,g
41153_Q1,Masse pro Messzeit_2,27.88,g
41153_Q2,Masse pro Messzeit_2,29.74,g
41153_Q3,Masse pro Messzeit_2,26.82,g
41153_Q4,Masse pro Messzeit_2,28.46,g
41153_Q5,Masse pro Messzeit_2,26.36,g
41153_Q6,Masse pro Messzeit_2,26.4,g
41153_Q7,Masse pro Messzeit_2,26.5,g
41153_Q1,Hardness_mean_value,67.1,Shore A
41153_Q2,Hardness_mean_value,65.77,Shore A
41153_Q3,Hardness_mean_value,64.3,Shore A
41153_Q4,Hardness_mean_value,65.47,Shore A
41153_Q5,Hardness_mean_value,63.8,Shore A
41153_Q6,Hardness_mean_value,63.2,Shore A
41153_Q7,Hardness_mean_value,62.37,Shore A
41153_Q1,Rebound_mean_value_1,36.2,percent
41153_Q2,Rebound_mean_value_1,37.0,percent
41153_Q3,Rebound_mean_value_1,38.67,percent
41153_Q4,Rebound_mean_value_1,38.0,percent
41153_Q5,Rebound_mean_value_1,41.0,percent
41153_Q6,Rebound_mean_value_1,40.4,percent
41153_Q7,Rebound_mean_value_1,39.4,percent
41153_Q1,Rebound_mean_value_2,53.0,percent
41153_Q2,Rebound_mean_value_2,54.0,percent
41153_Q3,Rebound_mean_value_2,56.0,percent
41153_Q4,Rebound_mean_value_2,60.0,percent
41153_Q5,Rebound_mean_value_2,55.5,percent
41153_Q6,Rebound_mean_value_2,60.0,percent
41153_Q7,Rebound_mean_value_2,60.5,percent
41153_Q1,S50,1.6,MPa
41153_Q2,S50,1.5,MPa
41153_Q3,S50,1.5,MPa
41153_Q4,S50,1.5,MPa
41153_Q5,S50,1.4,MPa
41153_Q6,S50,1.5,MPa
41153_Q7,S50,1.4,MPa
41153_Q1,S100,2.7,MPa
41153_Q2,S100,2.8,MPa
41153_Q3,S100,2.7,MPa
41153_Q4,S100,2.8,MPa
41153_Q5,S100,2.6,MPa
41153_Q6,S100,2.7,MPa
41153_Q7,S100,2.7,MPa
41153_Q1,S300,12.7,MPa
41153_Q2,S300,13.5,MPa
41153_Q3,S300,14.2,MPa
41153_Q4,S300,13.4,MPa
41153_Q5,S300,14.6,MPa
41153_Q6,S300,14.7,MPa
41153_Q7,S300,14.9,MPa
41153_Q1,D Median,408.0,percent
41153_Q2,D Median,392.0,percent
41153_Q3,D Median,412.0,percent
41153_Q4,D Median,433.0,percent
41153_Q5,D Median,382.0,percent
41153_Q6,D Median,412.0,percent
41153_Q7,D Median,382.0,percent
41153_Q1,F Median,19.0,MPa
41153_Q2,F Median,19.0,MPa
41153_Q3,F Median,21.1,MPa
41153_Q4,F Median,21.1,MPa
41153_Q5,F Median,20.4,MPa
41153_Q6,F Median,22.3,MPa
41153_Q7,F Median,20.7,MPa
41153_Q1,E_dash_0_degree_celcius,45.82,MPa
41153_Q2,E_dash_0_degree_celcius,39.67,MPa
41153_Q3,E_dash_0_degree_celcius,32.28,MPa
41153_Q4,E_dash_0_degree_celcius,39.87,MPa
41153_Q5,E_dash_0_degree_celcius,26.19,MPa
41153_Q6,E_dash_0_degree_celcius,21.8,MPa
41153_Q7,E_dash_0_degree_celcius,22.87,MPa
41153_Q1,E_double_dash_0_degree_celcius,11.23,MPa
41153_Q2,E_double_dash_0_degree_celcius,9.66,MPa
41153_Q3,E_double_dash_0_degree_celcius,7.93,MPa
41153_Q4,E_double_dash_0_degree_celcius,10.06,MPa
41153_Q5,E_double_dash_0_degree_celcius,7.08,MPa
41153_Q6,E_double_dash_0_degree_celcius,5.93,MPa
41153_Q7,E_double_dash_0_degree_celcius,6.57,MPa
41153_Q1,E_dash_23_degree_celcius,27.22,MPa
41153_Q2,E_dash_23_degree_celcius,23.62,MPa
41153_Q3,E_dash_23_degree_celcius,18.65,MPa
41153_Q4,E_dash_23_degree_celcius,23.43,MPa
41153_Q5,E_dash_23_degree_celcius,14.89,MPa
41153_Q6,E_dash_23_degree_celcius,12.89,MPa
41153_Q7,E_dash_23_degree_celcius,13.16,MPa
41153_Q1,E_double_dash_23_degree_celcius,4.72,MPa
41153_Q2,E_double_dash_23_degree_celcius,3.97,MPa
41153_Q3,E_double_dash_23_degree_celcius,2.85,MPa
41153_Q4,E_double_dash_23_degree_celcius,4.01,MPa
41153_Q5,E_double_dash_23_degree_celcius,2.32,MPa
41153_Q6,E_double_dash_23_degree_celcius,1.91,MPa
41153_Q7,E_double_dash_23_degree_celcius,2.01,MPa
41153_Q1,E_dash_60_degree_celcius,16.72,MPa
41153_Q2,E_dash_60_degree_celcius,14.52,MPa
41153_Q3,E_dash_60_degree_celcius,11.42,MPa
41153_Q4,E_dash_60_degree_celcius,14.33,MPa
41153_Q5,E_dash_60_degree_celcius,9.44,MPa
41153_Q6,E_dash_60_degree_celcius,8.33,MPa
41153_Q7,E_dash_60_degree_celcius,8.38,MPa
41153_Q1,E_double_dash_60_degree_celcius,1.99,MPa
41153_Q2,E_double_dash_60_degree_celcius,1.67,MPa
41153_Q3,E_double_dash_60_degree_celcius,1.08,MPa
41153_Q4,E_double_dash_60_degree_celcius,1.58,MPa
41153_Q5,E_double_dash_60_degree_celcius,0.84,MPa
41153_Q6,E_double_dash_60_degree_celcius,0.68,MPa
41153_Q7,E_double_dash_60_degree_celcius,0.69,MPa
41153_Q1,tand d max,0.541,
41153_Q2,tand d max,0.553,
41153_Q3,tand d max,0.554,
41153_Q4,tand d max,0.556,
41153_Q5,tand d max,0.577,
41153_Q6,tand d max,0.618,
41153_Q7,tand d max,0.636,
41153_Q1,Temperatur tan d max,-28.2,[°C]
41153_Q2,Temperatur tan d max,-26.3,[°C]
41153_Q3,Temperatur tan d max,-26.3,[°C]
41153_Q4,Temperatur tan d max,-27.3,[°C]
41153_Q5,Temperatur tan d max,-28.3,[°C]
41153_Q6,Temperatur tan d max,-24.3,[°C]
41153_Q7,Temperatur tan d max,-23.3,[°C]
41153_Q1,ElasticModulus_G_dash_zero_point_five_percent_1_Messung,4.82,MPa
41153_Q2,ElasticModulus_G_dash_zero_point_five_percent_1_Messung,4.5,MPa
41153_Q3,ElasticModulus_G_dash_zero_point_five_percent_1_Messung,4.11,MPa
41153_Q4,ElasticModulus_G_dash_zero_point_five_percent_1_Messung,4.37,MPa
41153_Q5,ElasticModulus_G_dash_zero_point_five_percent_1_Messung,3.57,MPa
41153_Q6,ElasticModulus_G_dash_zero_point_five_percent_1_Messung,3.16,MPa
41153_Q7,ElasticModulus_G_dash_zero_point_five_percent_1_Messung,3.53,MPa
41153_Q1,ElasticModulus_G_dash_15_percent_1_Messung,1.58,MPa
41153_Q2,ElasticModulus_G_dash_15_percent_1_Messung,1.51,MPa
41153_Q3,ElasticModulus_G_dash_15_percent_1_Messung,1.53,MPa
41153_Q4,ElasticModulus_G_dash_15_percent_1_Messung,1.51,MPa
41153_Q5,ElasticModulus_G_dash_15_percent_1_Messung,1.49,MPa
41153_Q6,ElasticModulus_G_dash_15_percent_1_Messung,1.38,MPa
41153_Q7,ElasticModulus_G_dash_15_percent_1_Messung,1.47,MPa
41153_Q1,tan_d_7_percent_1_Messung,0.207,MPa
41153_Q2,tan_d_7_percent_1_Messung,0.2,MPa
41153_Q3,tan_d_7_percent_1_Messung,0.19,MPa
41153_Q4,tan_d_7_percent_1_Messung,0.193,MPa
41153_Q5,tan_d_7_percent_1_Messung,0.178,MPa
41153_Q6,tan_d_7_percent_1_Messung,0.168,MPa
41153_Q7,tan_d_7_percent_1_Messung,0.171,MPa
41153_Q1,LossModulus_Gdouble_dash(max),0.65,MPa
41153_Q2,LossModulus_Gdouble_dash(max),0.6,MPa
41153_Q3,LossModulus_Gdouble_dash(max),0.52,MPa
41153_Q4,LossModulus_Gdouble_dash(max),0.56,MPa
41153_Q5,LossModulus_Gdouble_dash(max),0.44,MPa
41153_Q6,LossModulus_Gdouble_dash(max),0.37,MPa
41153_Q7,LossModulus_Gdouble_dash(max),0.42,MPa
41155_Q1,ML 1+1,75.49,ME
41155_Q2,ML 1+1,70.37,ME
41155_Q3,ML 1+1,91.95,ME
41155_Q4,ML 1+1,77.44,ME
41155_Q5,ML 1+1,89.97,ME
41155_Q6,ML 1+1,81.32,ME
41155_Q7,ML 1+1,91.82,ME
41155_Q1,ML 1+4,66.3,ME
41155_Q2,ML 1+4,60.58,ME
41155_Q3,ML 1+4,79.94,ME
41155_Q4,ML 1+4,67.96,ME
41155_Q5,ML 1+4,77.25,ME
41155_Q6,ML 1+4,73.0,ME
41155_Q7,ML 1+4,79.65,ME
41155_Q1,MSR,0.432,log(ME)/log(s)
41155_Q2,MSR,0.42,log(ME)/log(s)
41155_Q3,MSR,0.366,log(ME)/log(s)
41155_Q4,MSR,0.394,log(ME)/log(s)
41155_Q5,MSR,0.339,log(ME)/log(s)
41155_Q6,MSR,0.373,log(ME)/log(s)
41155_Q7,MSR,0.336,log(ME)/log(s)
41155_Q1,Umsatzzeit 90percent,635.34,[sec]
41155_Q2,Umsatzzeit 90percent,650.52,[sec]
41155_Q3,Umsatzzeit 90percent,610.56,[sec]
41155_Q4,Umsatzzeit 90percent,615.99,[sec]
41155_Q5,Umsatzzeit 90percent,645.66,[sec]
41155_Q6,Umsatzzeit 90percent,596.46,[sec]
41155_Q7,Umsatzzeit 90percent,557.22,[sec]
41155_Q1,S_dash bei 90percent Umsatz,13.85,dNm
41155_Q2,S_dash bei 90percent Umsatz,14.03,dNm
41155_Q3,S_dash bei 90percent Umsatz,14.29,dNm
41155_Q4,S_dash bei 90percent Umsatz,14.19,dNm
41155_Q5,S_dash bei 90percent Umsatz,13.83,dNm
41155_Q6,S_dash bei 90percent Umsatz,14.54,dNm
41155_Q7,S_dash bei 90percent Umsatz,14.82,dNm
41155_Q1,Massedruck_1,41.6,bar
41155_Q2,Massedruck_1,38.6,bar
41155_Q3,Massedruck_1,46.3,bar
41155_Q4,Massedruck_1,41.2,bar
41155_Q5,Massedruck_1,43.15,bar
41155_Q6,Massedruck_1,42.2,bar
41155_Q7,Massedruck_1,45.2,bar
41155_Q1,Massedruck_2,38.4,bar
41155_Q2,Massedruck_2,34.6,bar
41155_Q3,Massedruck_2,41.7,bar
41155_Q4,Massedruck_2,37.3,bar
41155_Q5,Massedruck_2,40.8,bar
41155_Q6,Massedruck_2,40.05,bar
41155_Q7,Massedruck_2,41.65,bar
41155_Q1,Quellung Hausmethode K10_1,30.68,percent
41155_Q2,Quellung Hausmethode K10_1,43.19,percent
41155_Q3,Quellung Hausmethode K10_1,28.86,percent
41155_Q4,Quellung Hausmethode K10_1,36.21,percent
41155_Q5,Quellung Hausmethode K10_1,27.62,percent
41155_Q6,Quellung Hausmethode K10_1,30.48,percent
41155_Q7,Quellung Hausmethode K10_1,30.28,percent
41155_Q1,Quellung Hausmethode K10_2,38.33,percent
41155_Q2,Quellung Hausmethode K10_2,40.97,percent
41155_Q3,Quellung Hausmethode K10_2,31.49,percent
41155_Q4,Quellung Hausmethode K10_2,38.52,percent
41155_Q5,Quellung Hausmethode K10_2,31.49,percent
41155_Q6,Quellung Hausmethode K10_2,35.05,percent
41155_Q7,Quellung Hausmethode K10_2,32.68,percent
41155_Q1,Masse pro Messzeit_1,26.28,g
41155_Q2,Masse pro Messzeit_1,26.58,g
41155_Q3,Masse pro Messzeit_1,24.58,g
41155_Q4,Masse pro Messzeit_1,25.48,g
41155_Q5,Masse pro Messzeit_1,23.0,g
41155_Q6,Masse pro Messzeit_1,24.22,g
41155_Q7,Masse pro Messzeit_1,24.74,g
41155_Q1,Masse pro Messzeit_2,24.16,g
41155_Q2,Masse pro Messzeit_2,26.28,g
41155_Q3,Masse pro Messzeit_2,23.16,g
41155_Q4,Masse pro Messzeit_2,25.06,g
41155_Q5,Masse pro Messzeit_2,22.02,g
41155_Q6,Masse pro Messzeit_2,23.12,g
41155_Q7,Masse pro Messzeit_2,23.48,g
41155_Q1,Hardness_mean_value,60.33,Shore A
41155_Q2,Hardness_mean_value,59.77,Shore A
41155_Q3,Hardness_mean_value,61.33,Shore A
41155_Q4,Hardness_mean_value,60.07,Shore A
41155_Q5,Hardness_mean_value,60.03,Shore A
41155_Q6,Hardness_mean_value,60.6,Shore A
41155_Q7,Hardness_mean_value,62.0,Shore A
41155_Q1,Rebound_mean_value_1,42.2,percent
41155_Q2,Rebound_mean_value_1,41.73,percent
41155_Q3,Rebound_mean_value_1,42.4,percent
41155_Q4,Rebound_mean_value_1,41.87,percent
41155_Q5,Rebound_mean_value_1,42.27,percent
41155_Q6,Rebound_mean_value_1,42.0,percent
41155_Q7,Rebound_mean_value_1,42.2,percent
41155_Q1,Rebound_mean_value_2,65.5,percent
41155_Q2,Rebound_mean_value_2,64.5,percent
41155_Q3,Rebound_mean_value_2,67.5,percent
41155_Q4,Rebound_mean_value_2,64.5,percent
41155_Q5,Rebound_mean_value_2,65.5,percent
41155_Q6,Rebound_mean_value_2,66.5,percent
41155_Q7,Rebound_mean_value_2,65.5,percent
41155_Q1,S50,1.3,MPa
41155_Q2,S50,1.4,MPa
41155_Q3,S50,1.3,MPa
41155_Q4,S50,1.3,MPa
41155_Q5,S50,1.4,MPa
41155_Q6,S50,1.3,MPa
41155_Q7,S50,1.3,MPa
41155_Q1,S100,2.6,MPa
41155_Q2,S100,2.8,MPa
41155_Q3,S100,2.5,MPa
41155_Q4,S100,2.6,MPa
41155_Q5,S100,3.0,MPa
41155_Q6,S100,2.5,MPa
41155_Q7,S100,2.6,MPa
41155_Q1,S300,16.8,MPa
41155_Q2,S300,17.1,MPa
41155_Q3,S300,15.9,MPa
41155_Q4,S300,16.0,MPa
41155_Q5,S300,19.1,MPa
41155_Q6,S300,15.6,MPa
41155_Q7,S300,16.4,MPa
41155_Q1,D Median,330.0,percent
41155_Q2,D Median,331.0,percent
41155_Q3,D Median,358.0,percent
41155_Q4,D Median,371.0,percent
41155_Q5,D Median,297.0,percent
41155_Q6,D Median,384.0,percent
41155_Q7,D Median,344.0,percent
41155_Q1,F Median,19.5,MPa
41155_Q2,F Median,19.7,MPa
41155_Q3,F Median,20.8,MPa
41155_Q4,F Median,21.1,MPa
41155_Q5,F Median,19.8,MPa
41155_Q6,F Median,22.4,MPa
41155_Q7,F Median,19.8,MPa
41155_Q1,E_dash_0_degree_celcius,14.79,MPa
41155_Q2,E_dash_0_degree_celcius,13.38,MPa
41155_Q3,E_dash_0_degree_celcius,12.15,MPa
41155_Q4,E_dash_0_degree_celcius,13.53,MPa
41155_Q5,E_dash_0_degree_celcius,12.71,MPa
41155_Q6,E_dash_0_degree_celcius,13.76,MPa
41155_Q7,E_dash_0_degree_celcius,15.88,MPa
41155_Q1,E_double_dash_0_degree_celcius,4.82,MPa
41155_Q2,E_double_dash_0_degree_celcius,4.34,MPa
41155_Q3,E_double_dash_0_degree_celcius,3.87,MPa
41155_Q4,E_double_dash_0_degree_celcius,4.37,MPa
41155_Q5,E_double_dash_0_degree_celcius,4.11,MPa
41155_Q6,E_double_dash_0_degree_celcius,4.28,MPa
41155_Q7,E_double_dash_0_degree_celcius,5.13,MPa
41155_Q1,E_dash_23_degree_celcius,8.55,MPa
41155_Q2,E_dash_23_degree_celcius,7.95,MPa
41155_Q3,E_dash_23_degree_celcius,7.41,MPa
41155_Q4,E_dash_23_degree_celcius,8.01,MPa
41155_Q5,E_dash_23_degree_celcius,7.78,MPa
41155_Q6,E_dash_23_degree_celcius,8.23,MPa
41155_Q7,E_dash_23_degree_celcius,9.03,MPa
41155_Q1,E_double_dash_23_degree_celcius,1.28,MPa
41155_Q2,E_double_dash_23_degree_celcius,1.19,MPa
41155_Q3,E_double_dash_23_degree_celcius,1.04,MPa
41155_Q4,E_double_dash_23_degree_celcius,1.21,MPa
41155_Q5,E_double_dash_23_degree_celcius,1.07,MPa
41155_Q6,E_double_dash_23_degree_celcius,1.2,MPa
41155_Q7,E_double_dash_23_degree_celcius,1.31,MPa
41155_Q1,E_dash_60_degree_celcius,5.74,MPa
41155_Q2,E_dash_60_degree_celcius,5.35,MPa
41155_Q3,E_dash_60_degree_celcius,5.08,MPa
41155_Q4,E_dash_60_degree_celcius,5.48,MPa
41155_Q5,E_dash_60_degree_celcius,5.52,MPa
41155_Q6,E_dash_60_degree_celcius,5.63,MPa
41155_Q7,E_dash_60_degree_celcius,5.99,MPa
41155_Q1,E_double_dash_60_degree_celcius,0.39,MPa
41155_Q2,E_double_dash_60_degree_celcius,0.43,MPa
41155_Q3,E_double_dash_60_degree_celcius,0.35,MPa
41155_Q4,E_double_dash_60_degree_celcius,0.4,MPa
41155_Q5,E_double_dash_60_degree_celcius,0.32,MPa
41155_Q6,E_double_dash_60_degree_celcius,0.39,MPa
41155_Q7,E_double_dash_60_degree_celcius,0.4,MPa
41155_Q1,tand d max,0.734,
41155_Q2,tand d max,0.776,
41155_Q3,tand d max,0.766,
41155_Q4,tand d max,0.761,
41155_Q5,tand d max,0.792,
41155_Q6,tand d max,0.725,
41155_Q7,tand d max,0.698,
41155_Q1,Temperatur tan d max,-22.2,[°C]
41155_Q2,Temperatur tan d max,-23.2,[°C]
41155_Q3,Temperatur tan d max,-23.2,[°C]
41155_Q4,Temperatur tan d max,-23.2,[°C]
41155_Q5,Temperatur tan d max,-22.3,[°C]
41155_Q6,Temperatur tan d max,-22.2,[°C]
41155_Q7,Temperatur tan d max,-22.3,[°C]
41155_Q1,ElasticModulus_G_dash_zero_point_five_percent_1_Messung,2.35,MPa
41155_Q2,ElasticModulus_G_dash_zero_point_five_percent_1_Messung,2.16,MPa
41155_Q3,ElasticModulus_G_dash_zero_point_five_percent_1_Messung,1.89,MPa
41155_Q4,ElasticModulus_G_dash_zero_point_five_percent_1_Messung,2.06,MPa
41155_Q5,ElasticModulus_G_dash_zero_point_five_percent_1_Messung,1.89,MPa
41155_Q6,ElasticModulus_G_dash_zero_point_five_percent_1_Messung,1.96,MPa
41155_Q7,ElasticModulus_G_dash_zero_point_five_percent_1_Messung,2.15,MPa
41155_Q1,ElasticModulus_G_dash_15_percent_1_Messung,1.25,MPa
41155_Q2,ElasticModulus_G_dash_15_percent_1_Messung,1.2,MPa
41155_Q3,ElasticModulus_G_dash_15_percent_1_Messung,1.15,MPa
41155_Q4,ElasticModulus_G_dash_15_percent_1_Messung,1.18,MPa
41155_Q5,ElasticModulus_G_dash_15_percent_1_Messung,1.17,MPa
41155_Q6,ElasticModulus_G_dash_15_percent_1_Messung,1.16,MPa
41155_Q7,ElasticModulus_G_dash_15_percent_1_Messung,1.23,MPa
41155_Q1,tan_d_7_percent_1_Messung,0.16,MPa
41155_Q2,tan_d_7_percent_1_Messung,0.162,MPa
41155_Q3,tan_d_7_percent_1_Messung,0.145,MPa
41155_Q4,tan_d_7_percent_1_Messung,0.152,MPa
41155_Q5,tan_d_7_percent_1_Messung,0.137,MPa
41155_Q6,tan_d_7_percent_1_Messung,0.144,MPa
41155_Q7,tan_d_7_percent_1_Messung,0.148,MPa
41155_Q1,LossModulus_Gdouble_dash(max),0.27,MPa
41155_Q2,LossModulus_Gdouble_dash(max),0.26,MPa
41155_Q3,LossModulus_Gdouble_dash(max),0.21,MPa
41155_Q4,LossModulus_Gdouble_dash(max),0.23,MPa
41155_Q5,LossModulus_Gdouble_dash(max),0.2,MPa
41155_Q6,LossModulus_Gdouble_dash(max),0.21,MPa
41155_Q7,LossModulus_Gdouble_dash(max),0.23,MPa
41851_Q1,ML 1+1,153.1,ME
41851_Q2,ML 1+1,98.12,ME
41851_Q3,ML 1+1,148.04,ME
41851_Q4,ML 1+1,143.31,ME
41851_Q5,ML 1+1,155.69,ME
41851_Q6,ML 1+1,141.78,ME
41851_Q7,ML 1+1,148.51,ME
41851_Q8,ML 1+1,151.39,ME
41851_Q1,ML 1+4,131.79,ME
41851_Q2,ML 1+4,82.43,ME
41851_Q3,ML 1+4,122.52,ME
41851_Q4,ML 1+4,114.75,ME
41851_Q5,ML 1+4,134.84,ME
41851_Q6,ML 1+4,112.91,ME
41851_Q7,ML 1+4,129.77,ME
41851_Q8,ML 1+4,127.71,ME
41851_Q1,MSR,0.223,log(ME)/log(s)
41851_Q2,MSR,0.361,log(ME)/log(s)
41851_Q3,MSR,0.227,log(ME)/log(s)
41851_Q4,MSR,0.249,log(ME)/log(s)
41851_Q5,MSR,0.216,log(ME)/log(s)
41851_Q6,MSR,0.264,log(ME)/log(s)
41851_Q7,MSR,0.231,log(ME)/log(s)
41851_Q8,MSR,0.234,log(ME)/log(s)
41851_Q1,Umsatzzeit 90percent,1179.66,[sec]
41851_Q2,Umsatzzeit 90percent,1086.42,[sec]
41851_Q3,Umsatzzeit 90percent,1042.44,[sec]
41851_Q4,Umsatzzeit 90percent,1023.46,[sec]
41851_Q5,Umsatzzeit 90percent,1125.0,[sec]
41851_Q6,Umsatzzeit 90percent,965.31,[sec]
41851_Q7,Umsatzzeit 90percent,981.9,[sec]
41851_Q8,Umsatzzeit 90percent,896.24,[sec]
41851_Q1,S_dash bei 90percent Umsatz,19.19,dNm
41851_Q2,S_dash bei 90percent Umsatz,18.89,dNm
41851_Q3,S_dash bei 90percent Umsatz,19.16,dNm
41851_Q4,S_dash bei 90percent Umsatz,18.3,dNm
41851_Q5,S_dash bei 90percent Umsatz,19.37,dNm
41851_Q6,S_dash bei 90percent Umsatz,19.33,dNm
41851_Q7,S_dash bei 90percent Umsatz,20.43,dNm
41851_Q8,S_dash bei 90percent Umsatz,18.79,dNm
41851_Q1,Massedruck_1,62.55,bar
41851_Q2,Massedruck_1,50.05,bar
41851_Q3,Massedruck_1,61.15,bar
41851_Q4,Massedruck_1,59.15,bar
41851_Q5,Massedruck_1,63.2,bar
41851_Q6,Massedruck_1,61.65,bar
41851_Q7,Massedruck_1,65.9,bar
41851_Q8,Massedruck_1,60.65,bar
41851_Q1,Massedruck_2,64.7,bar
41851_Q2,Massedruck_2,0.0,bar
41851_Q3,Massedruck_2,63.9,bar
41851_Q4,Massedruck_2,59.45,bar
41851_Q5,Massedruck_2,67.3,bar
41851_Q6,Massedruck_2,64.75,bar
41851_Q7,Massedruck_2,69.6,bar
41851_Q8,Massedruck_2,64.85,bar
41851_Q1,Quellung Hausmethode K10_1,26.17,percent
41851_Q2,Quellung Hausmethode K10_1,29.07,percent
41851_Q3,Quellung Hausmethode K10_1,24.06,percent
41851_Q4,Quellung Hausmethode K10_1,22.98,percent
41851_Q5,Quellung Hausmethode K10_1,25.96,percent
41851_Q6,Quellung Hausmethode K10_1,22.98,percent
41851_Q7,Quellung Hausmethode K10_1,24.06,percent
41851_Q8,Quellung Hausmethode K10_1,27.0,percent
41851_Q1,Quellung Hausmethode K10_2,30.7,percent
41851_Q2,Quellung Hausmethode K10_2,33.3,percent
41851_Q3,Quellung Hausmethode K10_2,29.07,percent
41851_Q4,Quellung Hausmethode K10_2,27.0,percent
41851_Q5,Quellung Hausmethode K10_2,29.07,percent
41851_Q6,Quellung Hausmethode K10_2,24.69,percent
41851_Q7,Quellung Hausmethode K10_2,27.21,percent
41851_Q8,Quellung Hausmethode K10_2,30.5,percent
41851_Q1,Masse pro Messzeit_1,9.16,g
41851_Q2,Masse pro Messzeit_1,10.65,g
41851_Q3,Masse pro Messzeit_1,8.54,g
41851_Q4,Masse pro Messzeit_1,8.85,g
41851_Q5,Masse pro Messzeit_1,7.11,g
41851_Q6,Masse pro Messzeit_1,7.72,g
41851_Q7,Masse pro Messzeit_1,6.32,g
41851_Q8,Masse pro Messzeit_1,6.14,g
41851_Q1,Masse pro Messzeit_2,9.05,g
41851_Q2,Masse pro Messzeit_2,11.13,g
41851_Q3,Masse pro Messzeit_2,9.24,g
41851_Q4,Masse pro Messzeit_2,9.38,g
41851_Q5,Masse pro Messzeit_2,8.43,g
41851_Q6,Masse pro Messzeit_2,9.13,g
41851_Q7,Masse pro Messzeit_2,8.32,g
41851_Q8,Masse pro Messzeit_2,8.4,g
41851_Q1,Hardness_mean_value,66.67,Shore A
41851_Q2,Hardness_mean_value,65.67,Shore A
41851_Q3,Hardness_mean_value,65.6,Shore A
41851_Q4,Hardness_mean_value,64.43,Shore A
41851_Q5,Hardness_mean_value,65.37,Shore A
41851_Q6,Hardness_mean_value,65.8,Shore A
41851_Q7,Hardness_mean_value,67.33,Shore A
41851_Q8,Hardness_mean_value,64.77,Shore A
41851_Q1,Rebound_mean_value_1,39.2,percent
41851_Q2,Rebound_mean_value_1,35.8,percent
41851_Q3,Rebound_mean_value_1,39.27,percent
41851_Q4,Rebound_mean_value_1,38.8,percent
41851_Q5,Rebound_mean_value_1,39.8,percent
41851_Q6,Rebound_mean_value_1,37.6,percent
41851_Q7,Rebound_mean_value_1,38.73,percent
41851_Q8,Rebound_mean_value_1,39.4,percent
41851_Q1,Rebound_mean_value_2,62.5,percent
41851_Q2,Rebound_mean_value_2,56.0,percent
41851_Q3,Rebound_mean_value_2,62.5,percent
41851_Q4,Rebound_mean_value_2,62.5,percent
41851_Q5,Rebound_mean_value_2,62.0,percent
41851_Q6,Rebound_mean_value_2,62.5,percent
41851_Q7,Rebound_mean_value_2,62.5,percent
41851_Q8,Rebound_mean_value_2,61.5,percent
41851_Q1,S50,1.4,MPa
41851_Q2,S50,1.4,MPa
41851_Q3,S50,1.5,MPa
41851_Q4,S50,1.4,MPa
41851_Q5,S50,1.5,MPa
41851_Q6,S50,1.5,MPa
41851_Q7,S50,1.5,MPa
41851_Q8,S50,1.4,MPa
41851_Q1,S100,2.7,MPa
41851_Q2,S100,2.7,MPa
41851_Q3,S100,2.9,MPa
41851_Q4,S100,2.8,MPa
41851_Q5,S100,2.9,MPa
41851_Q6,S100,2.8,MPa
41851_Q7,S100,2.9,MPa
41851_Q8,S100,2.8,MPa
41851_Q1,S300,17.6,MPa
41851_Q2,S300,15.7,MPa
41851_Q3,S300,18.1,MPa
41851_Q4,S300,17.8,MPa
41851_Q5,S300,18.4,MPa
41851_Q6,S300,17.9,MPa
41851_Q7,S300,17.7,MPa
41851_Q8,S300,17.7,MPa
41851_Q1,D Median,366.0,percent
41851_Q2,D Median,367.0,percent
41851_Q3,D Median,344.0,percent
41851_Q4,D Median,345.0,percent
41851_Q5,D Median,363.0,percent
41851_Q6,D Median,354.0,percent
41851_Q7,D Median,347.0,percent
41851_Q8,D Median,360.0,percent
41851_Q1,F Median,23.7,MPa
41851_Q2,F Median,21.0,MPa
41851_Q3,F Median,21.9,MPa
41851_Q4,F Median,21.9,MPa
41851_Q5,F Median,23.9,MPa
41851_Q6,F Median,22.7,MPa
41851_Q7,F Median,22.0,MPa
41851_Q8,F Median,23.3,MPa
41851_Q1,E_dash_0_degree_celcius,21.26,MPa
41851_Q2,E_dash_0_degree_celcius,26.86,MPa
41851_Q3,E_dash_0_degree_celcius,23.21,MPa
41851_Q4,E_dash_0_degree_celcius,20.89,MPa
41851_Q5,E_dash_0_degree_celcius,23.54,MPa
41851_Q6,E_dash_0_degree_celcius,23.21,MPa
41851_Q7,E_dash_0_degree_celcius,23.88,MPa
41851_Q8,E_dash_0_degree_celcius,21.42,MPa
41851_Q1,E_double_dash_0_degree_celcius,6.39,MPa
41851_Q2,E_double_dash_0_degree_celcius,8.22,MPa
41851_Q3,E_double_dash_0_degree_celcius,7.09,MPa
41851_Q4,E_double_dash_0_degree_celcius,6.43,MPa
41851_Q5,E_double_dash_0_degree_celcius,6.96,MPa
41851_Q6,E_double_dash_0_degree_celcius,7.43,MPa
41851_Q7,E_double_dash_0_degree_celcius,7.12,MPa
41851_Q8,E_double_dash_0_degree_celcius,6.42,MPa
41851_Q1,E_dash_23_degree_celcius,11.45,MPa
41851_Q2,E_dash_23_degree_celcius,13.46,MPa
41851_Q3,E_dash_23_degree_celcius,12.6,MPa
41851_Q4,E_dash_23_degree_celcius,11.33,MPa
41851_Q5,E_dash_23_degree_celcius,13.03,MPa
41851_Q6,E_dash_23_degree_celcius,12.2,MPa
41851_Q7,E_dash_23_degree_celcius,12.81,MPa
41851_Q8,E_dash_23_degree_celcius,11.68,MPa
41851_Q1,E_double_dash_23_degree_celcius,1.73,MPa
41851_Q2,E_double_dash_23_degree_celcius,2.33,MPa
41851_Q3,E_double_dash_23_degree_celcius,1.96,MPa
41851_Q4,E_double_dash_23_degree_celcius,1.73,MPa
41851_Q5,E_double_dash_23_degree_celcius,2.06,MPa
41851_Q6,E_double_dash_23_degree_celcius,1.87,MPa
41851_Q7,E_double_dash_23_degree_celcius,1.96,MPa
41851_Q8,E_double_dash_23_degree_celcius,1.82,MPa
41851_Q1,E_dash_60_degree_celcius,7.77,MPa
41851_Q2,E_dash_60_degree_celcius,8.48,MPa
41851_Q3,E_dash_60_degree_celcius,8.28,MPa
41851_Q4,E_dash_60_degree_celcius,7.5,MPa
41851_Q5,E_dash_60_degree_celcius,8.41,MPa
41851_Q6,E_dash_60_degree_celcius,8.02,MPa
41851_Q7,E_dash_60_degree_celcius,8.47,MPa
41851_Q8,E_dash_60_degree_celcius,7.66,MPa
41851_Q1,E_double_dash_60_degree_celcius,0.53,MPa
41851_Q2,E_double_dash_60_degree_celcius,0.74,MPa
41851_Q3,E_double_dash_60_degree_celcius,0.58,MPa
41851_Q4,E_double_dash_60_degree_celcius,0.52,MPa
41851_Q5,E_double_dash_60_degree_celcius,0.61,MPa
41851_Q6,E_double_dash_60_degree_celcius,0.53,MPa
41851_Q7,E_double_dash_60_degree_celcius,0.57,MPa
41851_Q8,E_double_dash_60_degree_celcius,0.56,MPa
41851_Q1,tand d max,0.528,
41851_Q2,tand d max,0.455,
41851_Q3,tand d max,0.52,
41851_Q4,tand d max,0.534,
41851_Q5,tand d max,0.529,
41851_Q6,tand d max,0.495,
41851_Q7,tand d max,0.472,
41851_Q8,tand d max,0.532,
41851_Q1,Temperatur tan d max,-22.3,[°C]
41851_Q2,Temperatur tan d max,-19.2,[°C]
41851_Q3,Temperatur tan d max,-20.2,[°C]
41851_Q4,Temperatur tan d max,-21.3,[°C]
41851_Q5,Temperatur tan d max,-23.3,[°C]
41851_Q6,Temperatur tan d max,-16.2,[°C]
41851_Q7,Temperatur tan d max,-18.3,[°C]
41851_Q8,Temperatur tan d max,-23.2,[°C]
41851_Q1,ElasticModulus_G_dash_zero_point_five_percent_1_Messung,2.64,MPa
41851_Q2,ElasticModulus_G_dash_zero_point_five_percent_1_Messung,2.94,MPa
41851_Q3,ElasticModulus_G_dash_zero_point_five_percent_1_Messung,2.76,MPa
41851_Q4,ElasticModulus_G_dash_zero_point_five_percent_1_Messung,2.44,MPa
41851_Q5,ElasticModulus_G_dash_zero_point_five_percent_1_Messung,2.42,MPa
41851_Q6,ElasticModulus_G_dash_zero_point_five_percent_1_Messung,2.6,MPa
41851_Q7,ElasticModulus_G_dash_zero_point_five_percent_1_Messung,2.92,MPa
41851_Q8,ElasticModulus_G_dash_zero_point_five_percent_1_Messung,2.88,MPa
41851_Q1,ElasticModulus_G_dash_15_percent_1_Messung,1.42,MPa
41851_Q2,ElasticModulus_G_dash_15_percent_1_Messung,1.46,MPa
41851_Q3,ElasticModulus_G_dash_15_percent_1_Messung,1.44,MPa
41851_Q4,ElasticModulus_G_dash_15_percent_1_Messung,1.37,MPa
41851_Q5,ElasticModulus_G_dash_15_percent_1_Messung,1.37,MPa
41851_Q6,ElasticModulus_G_dash_15_percent_1_Messung,1.42,MPa
41851_Q7,ElasticModulus_G_dash_15_percent_1_Messung,1.52,MPa
41851_Q8,ElasticModulus_G_dash_15_percent_1_Messung,1.49,MPa
41851_Q1,tan_d_7_percent_1_Messung,0.139,MPa
41851_Q2,tan_d_7_percent_1_Messung,0.155,MPa
41851_Q3,tan_d_7_percent_1_Messung,0.14,MPa
41851_Q4,tan_d_7_percent_1_Messung,0.133,MPa
41851_Q5,tan_d_7_percent_1_Messung,0.131,MPa
41851_Q6,tan_d_7_percent_1_Messung,0.133,MPa
41851_Q7,tan_d_7_percent_1_Messung,0.137,MPa
41851_Q8,tan_d_7_percent_1_Messung,0.143,MPa
41851_Q1,LossModulus_Gdouble_dash(max),0.29,MPa
41851_Q2,LossModulus_Gdouble_dash(max),0.35,MPa
41851_Q3,LossModulus_Gdouble_dash(max),0.3,MPa
41851_Q4,LossModulus_Gdouble_dash(max),0.26,MPa
41851_Q5,LossModulus_Gdouble_dash(max),0.25,MPa
41851_Q6,LossModulus_Gdouble_dash(max),0.27,MPa
41851_Q7,LossModulus_Gdouble_dash(max),0.3,MPa
41851_Q8,LossModulus_Gdouble_dash(max),0.31,MPa
41853_Q1,ML 1+1,156.74,ME
41853_Q2,ML 1+1,156.84,ME
41853_Q3,ML 1+1,140.3,ME
41853_Q4,ML 1+1,111.2,ME
41853_Q5,ML 1+1,151.66,ME
41853_Q6,ML 1+1,152.1,ME
41853_Q7,ML 1+1,155.57,ME
41853_Q1,ML 1+4,135.38,ME
41853_Q2,ML 1+4,134.56,ME
41853_Q3,ML 1+4,110.78,ME
41853_Q4,ML 1+4,90.81,ME
41853_Q5,ML 1+4,130.03,ME
41853_Q6,ML 1+4,131.87,ME
41853_Q7,ML 1+4,132.53,ME
41853_Q1,MSR,0.212,log(ME)/log(s)
41853_Q2,MSR,0.211,log(ME)/log(s)
41853_Q3,MSR,0.297,log(ME)/log(s)
41853_Q4,MSR,0.351,log(ME)/log(s)
41853_Q5,MSR,0.212,log(ME)/log(s)
41853_Q6,MSR,0.216,log(ME)/log(s)
41853_Q7,MSR,0.222,log(ME)/log(s)
41853_Q1,Umsatzzeit 90percent,1019.52,[sec]
41853_Q2,Umsatzzeit 90percent,1040.28,[sec]
41853_Q3,Umsatzzeit 90percent,921.78,[sec]
41853_Q4,Umsatzzeit 90percent,1110.18,[sec]
41853_Q5,Umsatzzeit 90percent,1023.48,[sec]
41853_Q6,Umsatzzeit 90percent,1045.44,[sec]
41853_Q7,Umsatzzeit 90percent,958.62,[sec]
41853_Q1,S_dash bei 90percent Umsatz,19.61,dNm
41853_Q2,S_dash bei 90percent Umsatz,19.79,dNm
41853_Q3,S_dash bei 90percent Umsatz,19.84,dNm
41853_Q4,S_dash bei 90percent Umsatz,20.57,dNm
41853_Q5,S_dash bei 90percent Umsatz,20.02,dNm
41853_Q6,S_dash bei 90percent Umsatz,20.09,dNm
41853_Q7,S_dash bei 90percent Umsatz,19.75,dNm
41853_Q1,Massedruck_1,59.2,bar
41853_Q2,Massedruck_1,60.8,bar
41853_Q3,Massedruck_1,56.75,bar
41853_Q4,Massedruck_1,48.8,bar
41853_Q5,Massedruck_1,60.15,bar
41853_Q6,Massedruck_1,60.35,bar
41853_Q7,Massedruck_1,59.2,bar
41853_Q1,Massedruck_2,60.3,bar
41853_Q2,Massedruck_2,61.05,bar
41853_Q3,Massedruck_2,56.1,bar
41853_Q4,Massedruck_2,48.1,bar
41853_Q5,Massedruck_2,63.4,bar
41853_Q6,Massedruck_2,62.4,bar
41853_Q7,Massedruck_2,60.1,bar
41853_Q1,Quellung Hausmethode K10_1,23.63,percent
41853_Q2,Quellung Hausmethode K10_1,21.9,percent
41853_Q3,Quellung Hausmethode K10_1,15.44,percent
41853_Q4,Quellung Hausmethode K10_1,27.42,percent
41853_Q5,Quellung Hausmethode K10_1,19.94,percent
41853_Q6,Quellung Hausmethode K10_1,22.34,percent
41853_Q7,Quellung Hausmethode K10_1,22.12,percent
41853_Q1,Quellung Hausmethode K10_2,26.38,percent
41853_Q2,Quellung Hausmethode K10_2,26.38,percent
41853_Q3,Quellung Hausmethode K10_2,18.16,percent
41853_Q4,Quellung Hausmethode K10_2,163.21,percent
41853_Q5,Quellung Hausmethode K10_2,27.0,percent
41853_Q6,Quellung Hausmethode K10_2,27.0,percent
41853_Q7,Quellung Hausmethode K10_2,24.9,percent
41853_Q1,Masse pro Messzeit_1,18.76,g
41853_Q2,Masse pro Messzeit_1,18.54,g
41853_Q3,Masse pro Messzeit_1,20.78,g
41853_Q4,Masse pro Messzeit_1,24.6,g
41853_Q5,Masse pro Messzeit_1,17.22,g
41853_Q6,Masse pro Messzeit_1,17.06,g
41853_Q7,Masse pro Messzeit_1,19.4,g
41853_Q1,Masse pro Messzeit_2,10.46,g
41853_Q2,Masse pro Messzeit_2,10.41,g
41853_Q3,Masse pro Messzeit_2,11.12,g
41853_Q4,Masse pro Messzeit_2,13.07,g
41853_Q5,Masse pro Messzeit_2,9.69,g
41853_Q6,Masse pro Messzeit_2,9.59,g
41853_Q7,Masse pro Messzeit_2,10.5,g
41853_Q1,Hardness_mean_value,68.07,Shore A
41853_Q2,Hardness_mean_value,66.07,Shore A
41853_Q3,Hardness_mean_value,68.37,Shore A
41853_Q4,Hardness_mean_value,68.93,Shore A
41853_Q5,Hardness_mean_value,67.17,Shore A
41853_Q6,Hardness_mean_value,67.83,Shore A
41853_Q7,Hardness_mean_value,68.33,Shore A
41853_Q1,Rebound_mean_value_1,41.4,percent
41853_Q2,Rebound_mean_value_1,41.13,percent
41853_Q3,Rebound_mean_value_1,41.2,percent
41853_Q4,Rebound_mean_value_1,36.47,percent
41853_Q5,Rebound_mean_value_1,40.6,percent
41853_Q6,Rebound_mean_value_1,39.87,percent
41853_Q7,Rebound_mean_value_1,40.4,percent
41853_Q1,Rebound_mean_value_2,62.0,percent
41853_Q2,Rebound_mean_value_2,62.5,percent
41853_Q3,Rebound_mean_value_2,63.5,percent
41853_Q4,Rebound_mean_value_2,58.0,percent
41853_Q5,Rebound_mean_value_2,61.5,percent
41853_Q6,Rebound_mean_value_2,63.0,percent
41853_Q7,Rebound_mean_value_2,62.5,percent
41853_Q1,S50,1.4,MPa
41853_Q2,S50,1.4,MPa
41853_Q3,S50,1.5,MPa
41853_Q4,S50,1.4,MPa
41853_Q5,S50,1.6,MPa
41853_Q6,S50,1.5,MPa
41853_Q7,S50,1.4,MPa
41853_Q1,S100,2.6,MPa
41853_Q2,S100,2.5,MPa
41853_Q3,S100,2.8,MPa
41853_Q4,S100,2.6,MPa
41853_Q5,S100,3.0,MPa
41853_Q6,S100,2.8,MPa
41853_Q7,S100,2.7,MPa
41853_Q1,S300,16.9,MPa
41853_Q2,S300,16.4,MPa
41853_Q3,S300,17.8,MPa
41853_Q4,S300,15.4,MPa
41853_Q5,S300,19.3,MPa
41853_Q6,S300,18.8,MPa
41853_Q7,S300,17.6,MPa
41853_Q1,D Median,369.0,percent
41853_Q2,D Median,322.0,percent
41853_Q3,D Median,328.0,percent
41853_Q4,D Median,344.0,percent
41853_Q5,D Median,338.0,percent
41853_Q6,D Median,325.0,percent
41853_Q7,D Median,355.0,percent
41853_Q1,F Median,23.0,MPa
41853_Q2,F Median,18.4,MPa
41853_Q3,F Median,20.9,MPa
41853_Q4,F Median,19.0,MPa
41853_Q5,F Median,22.9,MPa
41853_Q6,F Median,21.3,MPa
41853_Q7,F Median,22.7,MPa
41853_Q1,E_dash_0_degree_celcius,22.12,MPa
41853_Q2,E_dash_0_degree_celcius,20.43,MPa
41853_Q3,E_dash_0_degree_celcius,17.61,MPa
41853_Q4,E_dash_0_degree_celcius,26.06,MPa
41853_Q5,E_dash_0_degree_celcius,23.23,MPa
41853_Q6,E_dash_0_degree_celcius,22.94,MPa
41853_Q7,E_dash_0_degree_celcius,21.04,MPa
41853_Q1,E_double_dash_0_degree_celcius,6.81,MPa
41853_Q2,E_double_dash_0_degree_celcius,6.47,MPa
41853_Q3,E_double_dash_0_degree_celcius,5.7,MPa
41853_Q4,E_double_dash_0_degree_celcius,8.45,MPa
41853_Q5,E_double_dash_0_degree_celcius,7.2,MPa
41853_Q6,E_double_dash_0_degree_celcius,6.81,MPa
41853_Q7,E_double_dash_0_degree_celcius,6.43,MPa
41853_Q1,E_dash_23_degree_celcius,11.89,MPa
41853_Q2,E_dash_23_degree_celcius,11.07,MPa
41853_Q3,E_dash_23_degree_celcius,9.88,MPa
41853_Q4,E_dash_23_degree_celcius,13.11,MPa
41853_Q5,E_dash_23_degree_celcius,12.46,MPa
41853_Q6,E_dash_23_degree_celcius,12.66,MPa
41853_Q7,E_dash_23_degree_celcius,11.31,MPa
41853_Q1,E_double_dash_23_degree_celcius,1.87,MPa
41853_Q2,E_double_dash_23_degree_celcius,1.74,MPa
41853_Q3,E_double_dash_23_degree_celcius,1.46,MPa
41853_Q4,E_double_dash_23_degree_celcius,2.22,MPa
41853_Q5,E_double_dash_23_degree_celcius,1.91,MPa
41853_Q6,E_double_dash_23_degree_celcius,1.96,MPa
41853_Q7,E_double_dash_23_degree_celcius,1.77,MPa
41853_Q1,E_dash_60_degree_celcius,7.85,MPa
41853_Q2,E_dash_60_degree_celcius,7.35,MPa
41853_Q3,E_dash_60_degree_celcius,6.81,MPa
41853_Q4,E_dash_60_degree_celcius,8.32,MPa
41853_Q5,E_dash_60_degree_celcius,8.14,MPa
41853_Q6,E_dash_60_degree_celcius,8.24,MPa
41853_Q7,E_dash_60_degree_celcius,7.42,MPa
41853_Q1,E_double_dash_60_degree_celcius,0.58,MPa
41853_Q2,E_double_dash_60_degree_celcius,0.5,MPa
41853_Q3,E_double_dash_60_degree_celcius,0.41,MPa
41853_Q4,E_double_dash_60_degree_celcius,0.66,MPa
41853_Q5,E_double_dash_60_degree_celcius,0.54,MPa
41853_Q6,E_double_dash_60_degree_celcius,0.58,MPa
41853_Q7,E_double_dash_60_degree_celcius,0.53,MPa
41853_Q1,tand d max,0.525,
41853_Q2,tand d max,0.528,
41853_Q3,tand d max,0.611,
41853_Q4,tand d max,0.471,
41853_Q5,tand d max,0.52,
41853_Q6,tand d max,0.52,
41853_Q7,tand d max,0.525,
41853_Q1,Temperatur tan d max,-19.3,[°C]
41853_Q2,Temperatur tan d max,-18.2,[°C]
41853_Q3,Temperatur tan d max,-20.2,[°C]
41853_Q4,Temperatur tan d max,-17.2,[°C]
41853_Q5,Temperatur tan d max,-20.3,[°C]
41853_Q6,Temperatur tan d max,-22.2,[°C]
41853_Q7,Temperatur tan d max,-20.2,[°C]
41853_Q1,ElasticModulus_G_dash_zero_point_five_percent_1_Messung,2.81,MPa
41853_Q2,ElasticModulus_G_dash_zero_point_five_percent_1_Messung,2.75,MPa
41853_Q3,ElasticModulus_G_dash_zero_point_five_percent_1_Messung,2.76,MPa
41853_Q4,ElasticModulus_G_dash_zero_point_five_percent_1_Messung,3.14,MPa
41853_Q5,ElasticModulus_G_dash_zero_point_five_percent_1_Messung,2.61,MPa
41853_Q6,ElasticModulus_G_dash_zero_point_five_percent_1_Messung,2.93,MPa
41853_Q7,ElasticModulus_G_dash_zero_point_five_percent_1_Messung,2.85,MPa
41853_Q1,ElasticModulus_G_dash_15_percent_1_Messung,1.47,MPa
41853_Q2,ElasticModulus_G_dash_15_percent_1_Messung,1.46,MPa
41853_Q3,ElasticModulus_G_dash_15_percent_1_Messung,1.47,MPa
41853_Q4,ElasticModulus_G_dash_15_percent_1_Messung,1.5,MPa
41853_Q5,ElasticModulus_G_dash_15_percent_1_Messung,1.44,MPa
41853_Q6,ElasticModulus_G_dash_15_percent_1_Messung,1.52,MPa
41853_Q7,ElasticModulus_G_dash_15_percent_1_Messung,1.48,MPa
41853_Q1,tan_d_7_percent_1_Messung,0.134,MPa
41853_Q2,tan_d_7_percent_1_Messung,0.136,MPa
41853_Q3,tan_d_7_percent_1_Messung,0.136,MPa
41853_Q4,tan_d_7_percent_1_Messung,0.158,MPa
41853_Q5,tan_d_7_percent_1_Messung,0.128,MPa
41853_Q6,tan_d_7_percent_1_Messung,0.134,MPa
41853_Q7,tan_d_7_percent_1_Messung,0.141,MPa
41853_Q1,LossModulus_Gdouble_dash(max),0.29,MPa
41853_Q2,LossModulus_Gdouble_dash(max),0.29,MPa
41853_Q3,LossModulus_Gdouble_dash(max),0.29,MPa
41853_Q4,LossModulus_Gdouble_dash(max),0.37,MPa
41853_Q5,LossModulus_Gdouble_dash(max),0.26,MPa
41853_Q6,LossModulus_Gdouble_dash(max),0.3,MPa
41853_Q7,LossModulus_Gdouble_dash(max),0.3,MPa
42278_Q1,ML 1+1,82.73,ME
42278_Q2,ML 1+1,84.03,ME
42278_Q3,ML 1+1,62.89,ME
42278_Q4,ML 1+1,83.0,ME
42278_Q5,ML 1+1,119.27,ME
42278_Q6,ML 1+1,62.24,ME
42278_Q1,ML 1+4,69.0,ME
42278_Q2,ML 1+4,70.76,ME
42278_Q3,ML 1+4,53.34,ME
42278_Q4,ML 1+4,75.37,ME
42278_Q5,ML 1+4,99.15,ME
42278_Q6,ML 1+4,53.03,ME
42278_Q1,MSR,0.36,log(ME)/log(s)
42278_Q2,MSR,0.34,log(ME)/log(s)
42278_Q3,MSR,0.472,log(ME)/log(s)
42278_Q4,MSR,0.368,log(ME)/log(s)
42278_Q5,MSR,0.252,log(ME)/log(s)
42278_Q6,MSR,0.473,log(ME)/log(s)
42278_Q1,Umsatzzeit 90percent,1015.8,[sec]
42278_Q2,Umsatzzeit 90percent,1045.38,[sec]
42278_Q3,Umsatzzeit 90percent,1042.2,[sec]
42278_Q4,Umsatzzeit 90percent,933.78,[sec]
42278_Q5,Umsatzzeit 90percent,953.64,[sec]
42278_Q6,Umsatzzeit 90percent,1063.32,[sec]
42278_Q1,S_dash bei 90percent Umsatz,17.52,dNm
42278_Q2,S_dash bei 90percent Umsatz,17.94,dNm
42278_Q3,S_dash bei 90percent Umsatz,17.43,dNm
42278_Q4,S_dash bei 90percent Umsatz,19.89,dNm
42278_Q5,S_dash bei 90percent Umsatz,18.87,dNm
42278_Q6,S_dash bei 90percent Umsatz,17.32,dNm
42278_Q1,Massedruck_1,48.25,bar
42278_Q2,Massedruck_1,36.8,bar
42278_Q3,Massedruck_1,30.35,bar
42278_Q4,Massedruck_1,39.25,bar
42278_Q5,Massedruck_1,45.25,bar
42278_Q6,Massedruck_1,31.25,bar
42278_Q1,Massedruck_2,39.4,bar
42278_Q2,Massedruck_2,39.7,bar
42278_Q3,Massedruck_2,33.5,bar
42278_Q4,Massedruck_2,43.45,bar
42278_Q5,Massedruck_2,47.6,bar
42278_Q6,Massedruck_2,33.4,bar
42278_Q1,Massedruck_3,40.7,bar
42278_Q2,Massedruck_3,42.2,bar
42278_Q3,Massedruck_3,35.65,bar
42278_Q4,Massedruck_3,45.35,bar
42278_Q5,Massedruck_3,49.65,bar
42278_Q6,Massedruck_3,33.3,bar
42278_Q1,Quellung Hausmethode K10_1,35.24,percent
42278_Q2,Quellung Hausmethode K10_1,36.6,percent
42278_Q3,Quellung Hausmethode K10_1,23.64,percent
42278_Q4,Quellung Hausmethode K10_1,32.0,percent
42278_Q5,Quellung Hausmethode K10_1,33.39,percent
42278_Q6,Quellung Hausmethode K10_1,23.85,percent
42278_Q1,Quellung Hausmethode K10_2,36.41,percent
42278_Q2,Quellung Hausmethode K10_2,38.52,percent
42278_Q3,Quellung Hausmethode K10_2,28.86,percent
42278_Q4,Quellung Hausmethode K10_2,34.77,percent
42278_Q5,Quellung Hausmethode K10_2,32.2,percent
42278_Q6,Quellung Hausmethode K10_2,28.03,percent
42278_Q1,Quellung Hausmethode K10_3,36.41,percent
42278_Q2,Quellung Hausmethode K10_3,38.71,percent
42278_Q3,Quellung Hausmethode K10_3,31.29,percent
42278_Q4,Quellung Hausmethode K10_3,34.18,percent
42278_Q5,Quellung Hausmethode K10_3,30.18,percent
42278_Q6,Quellung Hausmethode K10_3,30.28,percent
42278_Q1,Masse pro Messzeit_1,9.9,g
42278_Q2,Masse pro Messzeit_1,9.56,g
42278_Q3,Masse pro Messzeit_1,11.24,g
42278_Q4,Masse pro Messzeit_1,9.16,g
42278_Q5,Masse pro Messzeit_1,8.24,g
42278_Q6,Masse pro Messzeit_1,11.3,g
42278_Q1,Masse pro Messzeit_2,17.36,g
42278_Q2,Masse pro Messzeit_2,16.58,g
42278_Q3,Masse pro Messzeit_2,19.0,g
42278_Q4,Masse pro Messzeit_2,16.3,g
42278_Q5,Masse pro Messzeit_2,14.88,g
42278_Q6,Masse pro Messzeit_2,18.76,g
42278_Q1,Masse pro Messzeit_3,24.5,g
42278_Q2,Masse pro Messzeit_3,24.2,g
42278_Q3,Masse pro Messzeit_3,24.78,g
42278_Q4,Masse pro Messzeit_3,23.24,g
42278_Q5,Masse pro Messzeit_3,21.6,g
42278_Q6,Masse pro Messzeit_3,26.92,g
42278_Q1,Hardness_mean_value,64.3,Shore A
42278_Q2,Hardness_mean_value,65.67,Shore A
42278_Q3,Hardness_mean_value,65.0,Shore A
42278_Q4,Hardness_mean_value,67.83,Shore A
42278_Q5,Hardness_mean_value,66.3,Shore A
42278_Q6,Hardness_mean_value,64.93,Shore A
42278_Q1,Rebound_mean_value_1,38.6,percent
42278_Q2,Rebound_mean_value_1,36.93,percent
42278_Q3,Rebound_mean_value_1,40.13,percent
42278_Q4,Rebound_mean_value_1,36.0,percent
42278_Q5,Rebound_mean_value_1,35.67,percent
42278_Q6,Rebound_mean_value_1,39.6,percent
42278_Q1,Rebound_mean_value_2,58.5,percent
42278_Q2,Rebound_mean_value_2,58.0,percent
42278_Q3,Rebound_mean_value_2,59.5,percent
42278_Q4,Rebound_mean_value_2,57.5,percent
42278_Q5,Rebound_mean_value_2,58.5,percent
42278_Q6,Rebound_mean_value_2,58.5,percent
42278_Q1,S50,1.5,MPa
42278_Q2,S50,1.6,MPa
42278_Q3,S50,1.5,MPa
42278_Q4,S50,1.6,MPa
42278_Q5,S50,1.5,MPa
42278_Q6,S50,1.5,MPa
42278_Q1,S100,2.9,MPa
42278_Q2,S100,3.0,MPa
42278_Q3,S100,2.8,MPa
42278_Q4,S100,2.9,MPa
42278_Q5,S100,2.7,MPa
42278_Q6,S100,2.8,MPa
42278_Q1,S300,15.5,MPa
42278_Q2,S300,15.8,MPa
42278_Q3,S300,14.8,MPa
42278_Q4,S300,15.1,MPa
42278_Q5,S300,16.2,MPa
42278_Q6,S300,14.2,MPa
42278_Q1,D Median,362.0,percent
42278_Q2,D Median,376.0,percent
42278_Q3,D Median,387.0,percent
42278_Q4,D Median,385.0,percent
42278_Q5,D Median,368.0,percent
42278_Q6,D Median,371.0,percent
42278_Q1,F Median,20.0,MPa
42278_Q2,F Median,21.2,MPa
42278_Q3,F Median,20.9,MPa
42278_Q4,F Median,21.2,MPa
42278_Q5,F Median,21.6,MPa
42278_Q6,F Median,19.1,MPa
42278_Q1,E_dash_0_degree_celcius,28.08,MPa
42278_Q2,E_dash_0_degree_celcius,32.71,MPa
42278_Q3,E_dash_0_degree_celcius,23.77,MPa
42278_Q4,E_dash_0_degree_celcius,40.19,MPa
42278_Q5,E_dash_0_degree_celcius,32.38,MPa
42278_Q6,E_dash_0_degree_celcius,28.69,MPa
42278_Q1,E_double_dash_0_degree_celcius,8.54,MPa
42278_Q2,E_double_dash_0_degree_celcius,9.32,MPa
42278_Q3,E_double_dash_0_degree_celcius,7.19,MPa
42278_Q4,E_double_dash_0_degree_celcius,10.84,MPa
42278_Q5,E_double_dash_0_degree_celcius,10.23,MPa
42278_Q6,E_double_dash_0_degree_celcius,8.45,MPa
42278_Q1,E_dash_23_degree_celcius,15.15,MPa
42278_Q2,E_dash_23_degree_celcius,17.75,MPa
42278_Q3,E_dash_23_degree_celcius,13.03,MPa
42278_Q4,E_dash_23_degree_celcius,22.56,MPa
42278_Q5,E_dash_23_degree_celcius,16.74,MPa
42278_Q6,E_dash_23_degree_celcius,15.85,MPa
42278_Q1,E_double_dash_23_degree_celcius,2.55,MPa
42278_Q2,E_double_dash_23_degree_celcius,2.98,MPa
42278_Q3,E_double_dash_23_degree_celcius,2.07,MPa
42278_Q4,E_double_dash_23_degree_celcius,3.72,MPa
42278_Q5,E_double_dash_23_degree_celcius,2.81,MPa
42278_Q6,E_double_dash_23_degree_celcius,2.62,MPa
42278_Q1,E_dash_60_degree_celcius,9.61,MPa
42278_Q2,E_dash_60_degree_celcius,11.09,MPa
42278_Q3,E_dash_60_degree_celcius,8.46,MPa
42278_Q4,E_dash_60_degree_celcius,14.38,MPa
42278_Q5,E_dash_60_degree_celcius,10.58,MPa
42278_Q6,E_dash_60_degree_celcius,10.09,MPa
42278_Q1,E_double_dash_60_degree_celcius,0.88,MPa
42278_Q2,E_double_dash_60_degree_celcius,1.06,MPa
42278_Q3,E_double_dash_60_degree_celcius,0.72,MPa
42278_Q4,E_double_dash_60_degree_celcius,1.39,MPa
42278_Q5,E_double_dash_60_degree_celcius,0.88,MPa
42278_Q6,E_double_dash_60_degree_celcius,0.93,MPa
42278_Q1,tand d max,0.594,
42278_Q2,tand d max,0.564,
42278_Q3,tand d max,0.617,
42278_Q4,tand d max,0.553,
42278_Q5,tand d max,0.565,
42278_Q6,tand d max,0.592,
42278_Q1,Temperatur tan d max,-23.2,[°C]
42278_Q2,Temperatur tan d max,-24.2,[°C]
42278_Q3,Temperatur tan d max,-23.2,[°C]
42278_Q4,Temperatur tan d max,-24.3,[°C]
42278_Q5,Temperatur tan d max,-20.3,[°C]
42278_Q6,Temperatur tan d max,-23.3,[°C]
42278_Q1,ElasticModulus_G_dash_zero_point_five_percent_1_Messung,3.24,MPa
42278_Q2,ElasticModulus_G_dash_zero_point_five_percent_1_Messung,3.34,MPa
42278_Q3,ElasticModulus_G_dash_zero_point_five_percent_1_Messung,3.29,MPa
42278_Q4,ElasticModulus_G_dash_zero_point_five_percent_1_Messung,4.15,MPa
42278_Q5,ElasticModulus_G_dash_zero_point_five_percent_1_Messung,3.02,MPa
42278_Q6,ElasticModulus_G_dash_zero_point_five_percent_1_Messung,3.28,MPa
42278_Q1,ElasticModulus_G_dash_15_percent_1_Messung,1.44,MPa
42278_Q2,ElasticModulus_G_dash_15_percent_1_Messung,1.44,MPa
42278_Q3,ElasticModulus_G_dash_15_percent_1_Messung,1.45,MPa
42278_Q4,ElasticModulus_G_dash_15_percent_1_Messung,1.6,MPa
42278_Q5,ElasticModulus_G_dash_15_percent_1_Messung,1.38,MPa
42278_Q6,ElasticModulus_G_dash_15_percent_1_Messung,1.46,MPa
42278_Q1,tan_d_7_percent_1_Messung,0.165,MPa
42278_Q2,tan_d_7_percent_1_Messung,0.168,MPa
42278_Q3,tan_d_7_percent_1_Messung,0.167,MPa
42278_Q4,tan_d_7_percent_1_Messung,0.172,MPa
42278_Q5,tan_d_7_percent_1_Messung,0.151,MPa
42278_Q6,tan_d_7_percent_1_Messung,0.168,MPa
42278_Q1,LossModulus_Gdouble_dash(max),0.37,MPa
42278_Q2,LossModulus_Gdouble_dash(max),0.39,MPa
42278_Q3,LossModulus_Gdouble_dash(max),0.39,MPa
42278_Q4,LossModulus_Gdouble_dash(max),0.48,MPa
42278_Q5,LossModulus_Gdouble_dash(max),0.32,MPa
42278_Q6,LossModulus_Gdouble_dash(max),0.39,MPa
42777_Q1,ML 1+1,76.64,ME
42777_Q2,ML 1+1,118.15,ME
42777_Q3,ML 1+1,113.59,ME
42777_Q4,ML 1+1,109.41,ME
42777_Q5,ML 1+1,76.93,ME
42777_Q6,ML 1+1,106.97,ME
42777_Q7,ML 1+1,92.31,ME
42777_Q8,ML 1+1,107.16,ME
42777_Q1,ML 1+4,68.48,ME
42777_Q2,ML 1+4,93.69,ME
42777_Q3,ML 1+4,91.45,ME
42777_Q4,ML 1+4,88.23,ME
42777_Q5,ML 1+4,68.45,ME
42777_Q6,ML 1+4,88.74,ME
42777_Q7,ML 1+4,79.14,ME
42777_Q8,ML 1+4,88.51,ME
42777_Q1,MSR,0.441,log(ME)/log(s)
42777_Q2,MSR,0.302,log(ME)/log(s)
42777_Q3,MSR,0.312,log(ME)/log(s)
42777_Q4,MSR,0.321,log(ME)/log(s)
42777_Q5,MSR,0.438,log(ME)/log(s)
42777_Q6,MSR,0.341,log(ME)/log(s)
42777_Q7,MSR,0.369,log(ME)/log(s)
42777_Q8,MSR,0.316,log(ME)/log(s)
42777_Q1,Umsatzzeit 90percent,1142.34,[sec]
42777_Q2,Umsatzzeit 90percent,1119.06,[sec]
42777_Q3,Umsatzzeit 90percent,1153.68,[sec]
42777_Q4,Umsatzzeit 90percent,1150.62,[sec]
42777_Q5,Umsatzzeit 90percent,1115.36,[sec]
42777_Q6,Umsatzzeit 90percent,1133.13,[sec]
42777_Q7,Umsatzzeit 90percent,1151.39,[sec]
42777_Q8,Umsatzzeit 90percent,1107.06,[sec]
42777_Q1,S_dash bei 90percent Umsatz,18.95,dNm
42777_Q2,S_dash bei 90percent Umsatz,18.53,dNm
42777_Q3,S_dash bei 90percent Umsatz,18.59,dNm
42777_Q4,S_dash bei 90percent Umsatz,18.11,dNm
42777_Q5,S_dash bei 90percent Umsatz,18.99,dNm
42777_Q6,S_dash bei 90percent Umsatz,18.56,dNm
42777_Q7,S_dash bei 90percent Umsatz,17.63,dNm
42777_Q8,S_dash bei 90percent Umsatz,18.29,dNm
42777_Q1,Massedruck_1,36.5,bar
42777_Q2,Massedruck_1,44.2,bar
42777_Q3,Massedruck_1,44.05,bar
42777_Q4,Massedruck_1,43.1,bar
42777_Q5,Massedruck_1,36.45,bar
42777_Q6,Massedruck_1,43.2,bar
42777_Q7,Massedruck_1,39.6,bar
42777_Q8,Massedruck_1,44.6,bar
42777_Q1,Massedruck_2,46.15,bar
42777_Q2,Massedruck_2,52.2,bar
42777_Q3,Massedruck_2,52.65,bar
42777_Q4,Massedruck_2,50.45,bar
42777_Q5,Massedruck_2,45.9,bar
42777_Q6,Massedruck_2,51.55,bar
42777_Q7,Massedruck_2,47.25,bar
42777_Q8,Massedruck_2,52.55,bar
42777_Q1,Quellung Hausmethode K10_1,47.3,percent
42777_Q2,Quellung Hausmethode K10_1,36.59,percent
42777_Q3,Quellung Hausmethode K10_1,35.82,percent
42777_Q4,Quellung Hausmethode K10_1,36.97,percent
42777_Q5,Quellung Hausmethode K10_1,44.97,percent
42777_Q6,Quellung Hausmethode K10_1,31.11,percent
42777_Q7,Quellung Hausmethode K10_1,36.59,percent
42777_Q8,Quellung Hausmethode K10_1,35.43,percent
42777_Q1,Quellung Hausmethode K10_2,40.37,percent
42777_Q2,Quellung Hausmethode K10_2,30.71,percent
42777_Q3,Quellung Hausmethode K10_2,30.51,percent
42777_Q4,Quellung Hausmethode K10_2,29.9,percent
42777_Q5,Quellung Hausmethode K10_2,38.31,percent
42777_Q6,Quellung Hausmethode K10_2,27.46,percent
42777_Q7,Quellung Hausmethode K10_2,33.29,percent
42777_Q8,Quellung Hausmethode K10_2,31.31,percent
42777_Q1,Masse pro Messzeit_1,8.94,g
42777_Q2,Masse pro Messzeit_1,7.86,g
42777_Q3,Masse pro Messzeit_1,7.96,g
42777_Q4,Masse pro Messzeit_1,8.18,g
42777_Q5,Masse pro Messzeit_1,9.32,g
42777_Q6,Masse pro Messzeit_1,7.66,g
42777_Q7,Masse pro Messzeit_1,8.78,g
42777_Q8,Masse pro Messzeit_1,8.12,g
42777_Q1,Masse pro Messzeit_2,33.1,g
42777_Q2,Masse pro Messzeit_2,28.86,g
42777_Q3,Masse pro Messzeit_2,29.04,g
42777_Q4,Masse pro Messzeit_2,29.2,g
42777_Q5,Masse pro Messzeit_2,33.44,g
42777_Q6,Masse pro Messzeit_2,27.98,g
42777_Q7,Masse pro Messzeit_2,31.92,g
42777_Q8,Masse pro Messzeit_2,29.74,g
42777_Q1,Hardness_mean_value,65.9,Shore A
42777_Q2,Hardness_mean_value,64.2,Shore A
42777_Q3,Hardness_mean_value,64.9,Shore A
42777_Q4,Hardness_mean_value,63.63,Shore A
42777_Q5,Hardness_mean_value,66.13,Shore A
42777_Q6,Hardness_mean_value,64.53,Shore A
42777_Q7,Hardness_mean_value,64.07,Shore A
42777_Q8,Hardness_mean_value,64.5,Shore A
42777_Q1,Rebound_mean_value_1,37.87,percent
42777_Q2,Rebound_mean_value_1,40.53,percent
42777_Q3,Rebound_mean_value_1,41.13,percent
42777_Q4,Rebound_mean_value_1,40.8,percent
42777_Q5,Rebound_mean_value_1,37.4,percent
42777_Q6,Rebound_mean_value_1,42.0,percent
42777_Q7,Rebound_mean_value_1,41.67,percent
42777_Q8,Rebound_mean_value_1,41.87,percent
42777_Q1,Rebound_mean_value_2,53.5,percent
42777_Q2,Rebound_mean_value_2,58.5,percent
42777_Q3,Rebound_mean_value_2,59.5,percent
42777_Q4,Rebound_mean_value_2,59.5,percent
42777_Q5,Rebound_mean_value_2,55.0,percent
42777_Q6,Rebound_mean_value_2,60.0,percent
42777_Q7,Rebound_mean_value_2,60.0,percent
42777_Q8,Rebound_mean_value_2,58.5,percent
42777_Q1,Rebound_mean_value_3,58.0,percent
42777_Q2,Rebound_mean_value_3,60.5,percent
42777_Q3,Rebound_mean_value_3,60.5,percent
42777_Q4,Rebound_mean_value_3,62.0,percent
42777_Q5,Rebound_mean_value_3,57.5,percent
42777_Q6,Rebound_mean_value_3,62.5,percent
42777_Q7,Rebound_mean_value_3,61.5,percent
42777_Q8,Rebound_mean_value_3,61.5,percent
42777_Q1,S50,1.6,MPa
42777_Q2,S50,1.5,MPa
42777_Q3,S50,1.6,MPa
42777_Q4,S50,1.6,MPa
42777_Q5,S50,1.6,MPa
42777_Q6,S50,1.6,MPa
42777_Q7,S50,1.5,MPa
42777_Q8,S50,1.6,MPa
42777_Q1,S100,2.8,MPa
42777_Q2,S100,2.7,MPa
42777_Q3,S100,3.0,MPa
42777_Q4,S100,2.8,MPa
42777_Q5,S100,2.7,MPa
42777_Q6,S100,2.9,MPa
42777_Q7,S100,2.8,MPa
42777_Q8,S100,2.9,MPa
42777_Q1,S300,14.6,MPa
42777_Q2,S300,15.9,MPa
42777_Q3,S300,16.9,MPa
42777_Q4,S300,16.3,MPa
42777_Q5,S300,14.0,MPa
42777_Q6,S300,16.0,MPa
42777_Q7,S300,15.8,MPa
42777_Q8,S300,16.2,MPa
42777_Q1,D Median,412.0,percent
42777_Q2,D Median,411.0,percent
42777_Q3,D Median,405.0,percent
42777_Q4,D Median,395.0,percent
42777_Q5,D Median,432.0,percent
42777_Q6,D Median,419.0,percent
42777_Q7,D Median,415.0,percent
42777_Q8,D Median,417.0,percent
42777_Q1,F Median,22.5,MPa
42777_Q2,F Median,24.6,MPa
42777_Q3,F Median,25.5,MPa
42777_Q4,F Median,24.2,MPa
42777_Q5,F Median,22.6,MPa
42777_Q6,F Median,25.2,MPa
42777_Q7,F Median,24.5,MPa
42777_Q8,F Median,25.5,MPa
42777_Q1,E_dash_0_degree_celcius,46.93,MPa
42777_Q2,E_dash_0_degree_celcius,31.3,MPa
42777_Q3,E_dash_0_degree_celcius,35.15,MPa
42777_Q4,E_dash_0_degree_celcius,32.44,MPa
42777_Q5,E_dash_0_degree_celcius,49.88,MPa
42777_Q6,E_dash_0_degree_celcius,36.55,MPa
42777_Q7,E_dash_0_degree_celcius,34.8,MPa
42777_Q8,E_dash_0_degree_celcius,29.32,MPa
42777_Q1,E_double_dash_0_degree_celcius,10.98,MPa
42777_Q2,E_double_dash_0_degree_celcius,8.01,MPa
42777_Q3,E_double_dash_0_degree_celcius,9.02,MPa
42777_Q4,E_double_dash_0_degree_celcius,8.52,MPa
42777_Q5,E_double_dash_0_degree_celcius,11.61,MPa
42777_Q6,E_double_dash_0_degree_celcius,8.87,MPa
42777_Q7,E_double_dash_0_degree_celcius,9.27,MPa
42777_Q8,E_double_dash_0_degree_celcius,7.61,MPa
42777_Q1,E_dash_23_degree_celcius,26.43,MPa
42777_Q2,E_dash_23_degree_celcius,17.51,MPa
42777_Q3,E_dash_23_degree_celcius,20.05,MPa
42777_Q4,E_dash_23_degree_celcius,18.63,MPa
42777_Q5,E_dash_23_degree_celcius,29.24,MPa
42777_Q6,E_dash_23_degree_celcius,21.04,MPa
42777_Q7,E_dash_23_degree_celcius,19.87,MPa
42777_Q8,E_dash_23_degree_celcius,17.22,MPa
42777_Q1,E_double_dash_23_degree_celcius,4.3,MPa
42777_Q2,E_double_dash_23_degree_celcius,2.72,MPa
42777_Q3,E_double_dash_23_degree_celcius,3.31,MPa
42777_Q4,E_double_dash_23_degree_celcius,3.05,MPa
42777_Q5,E_double_dash_23_degree_celcius,4.88,MPa
42777_Q6,E_double_dash_23_degree_celcius,3.35,MPa
42777_Q7,E_double_dash_23_degree_celcius,3.34,MPa
42777_Q8,E_double_dash_23_degree_celcius,2.86,MPa
42777_Q1,E_dash_60_degree_celcius,15.56,MPa
42777_Q2,E_dash_60_degree_celcius,10.74,MPa
42777_Q3,E_dash_60_degree_celcius,12.2,MPa
42777_Q4,E_dash_60_degree_celcius,11.32,MPa
42777_Q5,E_dash_60_degree_celcius,17.5,MPa
42777_Q6,E_dash_60_degree_celcius,12.92,MPa
42777_Q7,E_dash_60_degree_celcius,12.08,MPa
42777_Q8,E_dash_60_degree_celcius,10.52,MPa
42777_Q1,E_double_dash_60_degree_celcius,1.78,MPa
42777_Q2,E_double_dash_60_degree_celcius,1.01,MPa
42777_Q3,E_double_dash_60_degree_celcius,1.28,MPa
42777_Q4,E_double_dash_60_degree_celcius,1.11,MPa
42777_Q5,E_double_dash_60_degree_celcius,2.09,MPa
42777_Q6,E_double_dash_60_degree_celcius,1.28,MPa
42777_Q7,E_double_dash_60_degree_celcius,1.21,MPa
42777_Q8,E_double_dash_60_degree_celcius,1.06,MPa
42777_Q1,tand d max,0.53,
42777_Q2,tand d max,0.63,
42777_Q3,tand d max,0.614,
42777_Q4,tand d max,0.638,
42777_Q5,tand d max,0.517,
42777_Q6,tand d max,0.581,
42777_Q7,tand d max,0.608,
42777_Q8,tand d max,0.629,
42777_Q1,Temperatur tan d max,-27.2,[°C]
42777_Q2,Temperatur tan d max,-29.2,[°C]
42777_Q3,Temperatur tan d max,-28.3,[°C]
42777_Q4,Temperatur tan d max,-29.4,[°C]
42777_Q5,Temperatur tan d max,-29.2,[°C]
42777_Q6,Temperatur tan d max,-29.3,[°C]
42777_Q7,Temperatur tan d max,-28.1,[°C]
42777_Q8,Temperatur tan d max,-29.3,[°C]
42777_Q1,ElasticModulus_G_dash_zero_point_five_percent_1_Messung,4.22,MPa
42777_Q2,ElasticModulus_G_dash_zero_point_five_percent_1_Messung,3.09,MPa
42777_Q3,ElasticModulus_G_dash_zero_point_five_percent_1_Messung,3.64,MPa
42777_Q4,ElasticModulus_G_dash_zero_point_five_percent_1_Messung,3.38,MPa
42777_Q5,ElasticModulus_G_dash_zero_point_five_percent_1_Messung,4.34,MPa
42777_Q6,ElasticModulus_G_dash_zero_point_five_percent_1_Messung,3.39,MPa
42777_Q7,ElasticModulus_G_dash_zero_point_five_percent_1_Messung,3.41,MPa
42777_Q8,ElasticModulus_G_dash_zero_point_five_percent_1_Messung,3.67,MPa
42777_Q1,ElasticModulus_G_dash_15_percent_1_Messung,1.57,MPa
42777_Q2,ElasticModulus_G_dash_15_percent_1_Messung,1.38,MPa
42777_Q3,ElasticModulus_G_dash_15_percent_1_Messung,1.51,MPa
42777_Q4,ElasticModulus_G_dash_15_percent_1_Messung,1.46,MPa
42777_Q5,ElasticModulus_G_dash_15_percent_1_Messung,1.56,MPa
42777_Q6,ElasticModulus_G_dash_15_percent_1_Messung,1.47,MPa
42777_Q7,ElasticModulus_G_dash_15_percent_1_Messung,1.48,MPa
42777_Q8,ElasticModulus_G_dash_15_percent_1_Messung,1.51,MPa
42777_Q1,tan_d_7_percent_1_Messung,0.189,MPa
42777_Q2,tan_d_7_percent_1_Messung,0.162,MPa
42777_Q3,tan_d_7_percent_1_Messung,0.171,MPa
42777_Q4,tan_d_7_percent_1_Messung,0.172,MPa
42777_Q5,tan_d_7_percent_1_Messung,0.189,MPa
42777_Q6,tan_d_7_percent_1_Messung,0.159,MPa
42777_Q7,tan_d_7_percent_1_Messung,0.174,MPa
42777_Q8,tan_d_7_percent_1_Messung,0.18,MPa
42777_Q1,LossModulus_Gdouble_dash(max),0.56,MPa
42777_Q2,LossModulus_Gdouble_dash(max),0.36,MPa
42777_Q3,LossModulus_Gdouble_dash(max),0.44,MPa
42777_Q4,LossModulus_Gdouble_dash(max),0.4,MPa
42777_Q5,LossModulus_Gdouble_dash(max),0.57,MPa
42777_Q6,LossModulus_Gdouble_dash(max),0.38,MPa
42777_Q7,LossModulus_Gdouble_dash(max),0.42,MPa
42777_Q8,LossModulus_Gdouble_dash(max),0.46,MPa
42866_Q1,ML 1+1,59.81,ME
42866_Q2,ML 1+1,77.89,ME
42866_Q3,ML 1+1,67.52,ME
42866_Q4,ML 1+1,70.61,ME
42866_Q5,ML 1+1,59.57,ME
42866_Q6,ML 1+1,69.59,ME
42866_Q7,ML 1+1,77.28,ME
42866_Q8,ML 1+1,69.09,ME
42866_Q1,ML 1+4,51.11,ME
42866_Q2,ML 1+4,65.01,ME
42866_Q3,ML 1+4,58.87,ME
42866_Q4,ML 1+4,62.53,ME
42866_Q5,ML 1+4,51.25,ME
42866_Q6,ML 1+4,60.96,ME
42866_Q7,ML 1+4,64.56,ME
42866_Q8,ML 1+4,60.91,ME
42866_Q1,MSR,0.552,log(ME)/log(s)
42866_Q2,MSR,0.436,log(ME)/log(s)
42866_Q3,MSR,0.481,log(ME)/log(s)
42866_Q4,MSR,0.434,log(ME)/log(s)
42866_Q5,MSR,0.533,log(ME)/log(s)
42866_Q6,MSR,0.478,log(ME)/log(s)
42866_Q7,MSR,0.436,log(ME)/log(s)
42866_Q8,MSR,0.442,log(ME)/log(s)
42866_Q1,Umsatzzeit 90percent,881.22,[sec]
42866_Q2,Umsatzzeit 90percent,793.08,[sec]
42866_Q3,Umsatzzeit 90percent,886.44,[sec]
42866_Q4,Umsatzzeit 90percent,881.1,[sec]
42866_Q5,Umsatzzeit 90percent,876.24,[sec]
42866_Q6,Umsatzzeit 90percent,916.74,[sec]
42866_Q7,Umsatzzeit 90percent,870.66,[sec]
42866_Q8,Umsatzzeit 90percent,880.8,[sec]
42866_Q1,S_dash bei 90percent Umsatz,19.41,dNm
42866_Q2,S_dash bei 90percent Umsatz,17.57,dNm
42866_Q3,S_dash bei 90percent Umsatz,17.58,dNm
42866_Q4,S_dash bei 90percent Umsatz,17.32,dNm
42866_Q5,S_dash bei 90percent Umsatz,18.86,dNm
42866_Q6,S_dash bei 90percent Umsatz,17.78,dNm
42866_Q7,S_dash bei 90percent Umsatz,17.41,dNm
42866_Q8,S_dash bei 90percent Umsatz,17.24,dNm
42866_Q1,Massedruck_1,27.9,bar
42866_Q2,Massedruck_1,31.2,bar
42866_Q3,Massedruck_1,30.25,bar
42866_Q4,Massedruck_1,32.5,bar
42866_Q5,Massedruck_1,28.05,bar
42866_Q6,Massedruck_1,31.5,bar
42866_Q7,Massedruck_1,31.5,bar
42866_Q8,Massedruck_1,31.4,bar
42866_Q1,Massedruck_2,37.15,bar
42866_Q2,Massedruck_2,40.15,bar
42866_Q3,Massedruck_2,39.55,bar
42866_Q4,Massedruck_2,40.4,bar
42866_Q5,Massedruck_2,37.05,bar
42866_Q6,Massedruck_2,40.1,bar
42866_Q7,Massedruck_2,39.9,bar
42866_Q8,Massedruck_2,40.55,bar
42866_Q1,Quellung Hausmethode K10_1,36.02,percent
42866_Q2,Quellung Hausmethode K10_1,33.48,percent
42866_Q3,Quellung Hausmethode K10_1,35.83,percent
42866_Q4,Quellung Hausmethode K10_1,33.48,percent
42866_Q5,Quellung Hausmethode K10_1,36.79,percent
42866_Q6,Quellung Hausmethode K10_1,37.18,percent
42866_Q7,Quellung Hausmethode K10_1,33.48,percent
42866_Q8,Quellung Hausmethode K10_1,35.83,percent
42866_Q1,Quellung Hausmethode K10_2,33.48,percent
42866_Q2,Quellung Hausmethode K10_2,32.68,percent
42866_Q3,Quellung Hausmethode K10_2,35.83,percent
42866_Q4,Quellung Hausmethode K10_2,32.88,percent
42866_Q5,Quellung Hausmethode K10_2,31.89,percent
42866_Q6,Quellung Hausmethode K10_2,36.6,percent
42866_Q7,Quellung Hausmethode K10_2,35.44,percent
42866_Q8,Quellung Hausmethode K10_2,34.85,percent
42866_Q1,Masse pro Messzeit_1,10.52,g
42866_Q2,Masse pro Messzeit_1,9.02,g
42866_Q3,Masse pro Messzeit_1,9.4,g
42866_Q4,Masse pro Messzeit_1,7.84,g
42866_Q5,Masse pro Messzeit_1,10.5,g
42866_Q6,Masse pro Messzeit_1,9.32,g
42866_Q7,Masse pro Messzeit_1,9.68,g
42866_Q8,Masse pro Messzeit_1,8.96,g
42866_Q1,Masse pro Messzeit_2,36.06,g
42866_Q2,Masse pro Messzeit_2,33.68,g
42866_Q3,Masse pro Messzeit_2,33.58,g
42866_Q4,Masse pro Messzeit_2,33.56,g
42866_Q5,Masse pro Messzeit_2,36.36,g
42866_Q6,Masse pro Messzeit_2,34.18,g
42866_Q7,Masse pro Messzeit_2,35.16,g
42866_Q8,Masse pro Messzeit_2,34.06,g
42866_Q1,Hardness_mean_value,66.0,Shore A
42866_Q2,Hardness_mean_value,63.37,Shore A
42866_Q3,Hardness_mean_value,63.57,Shore A
42866_Q4,Hardness_mean_value,63.23,Shore A
42866_Q5,Hardness_mean_value,66.77,Shore A
42866_Q6,Hardness_mean_value,63.17,Shore A
42866_Q7,Hardness_mean_value,63.5,Shore A
42866_Q8,Hardness_mean_value,62.87,Shore A
42866_Q1,Rebound_mean_value_1,37.4,percent
42866_Q2,Rebound_mean_value_1,39.67,percent
42866_Q3,Rebound_mean_value_1,39.47,percent
42866_Q4,Rebound_mean_value_1,41.27,percent
42866_Q5,Rebound_mean_value_1,38.07,percent
42866_Q6,Rebound_mean_value_1,39.33,percent
42866_Q7,Rebound_mean_value_1,39.4,percent
42866_Q8,Rebound_mean_value_1,39.6,percent
42866_Q1,Rebound_mean_value_2,54.5,percent
42866_Q2,Rebound_mean_value_2,58.5,percent
42866_Q3,Rebound_mean_value_2,59.0,percent
42866_Q4,Rebound_mean_value_2,61.5,percent
42866_Q5,Rebound_mean_value_2,58.5,percent
42866_Q6,Rebound_mean_value_2,57.5,percent
42866_Q7,Rebound_mean_value_2,58.5,percent
42866_Q8,Rebound_mean_value_2,56.5,percent
42866_Q1,Rebound_mean_value_3,56.5,percent
42866_Q2,Rebound_mean_value_3,63.5,percent
42866_Q3,Rebound_mean_value_3,61.5,percent
42866_Q4,Rebound_mean_value_3,63.5,percent
42866_Q5,Rebound_mean_value_3,57.5,percent
42866_Q6,Rebound_mean_value_3,61.5,percent
42866_Q7,Rebound_mean_value_3,62.5,percent
42866_Q8,Rebound_mean_value_3,63.5,percent
42866_Q1,S50,1.6,MPa
42866_Q2,S50,1.4,MPa
42866_Q3,S50,1.4,MPa
42866_Q4,S50,1.4,MPa
42866_Q5,S50,1.4,MPa
42866_Q6,S50,1.4,MPa
42866_Q7,S50,1.4,MPa
42866_Q8,S50,1.5,MPa
42866_Q1,S100,2.7,MPa
42866_Q2,S100,2.5,MPa
42866_Q3,S100,2.6,MPa
42866_Q4,S100,2.6,MPa
42866_Q5,S100,2.6,MPa
42866_Q6,S100,2.6,MPa
42866_Q7,S100,2.5,MPa
42866_Q8,S100,2.8,MPa
42866_Q1,S300,12.3,MPa
42866_Q2,S300,13.2,MPa
42866_Q3,S300,13.4,MPa
42866_Q4,S300,13.6,MPa
42866_Q5,S300,13.3,MPa
42866_Q6,S300,12.7,MPa
42866_Q7,S300,12.9,MPa
42866_Q8,S300,12.8,MPa
42866_Q1,D Median,411.0,percent
42866_Q2,D Median,426.0,percent
42866_Q3,D Median,381.0,percent
42866_Q4,D Median,401.0,percent
42866_Q5,D Median,429.0,percent
42866_Q6,D Median,410.0,percent
42866_Q7,D Median,390.0,percent
42866_Q8,D Median,396.0,percent
42866_Q1,F Median,18.8,MPa
42866_Q2,F Median,21.3,MPa
42866_Q3,F Median,18.5,MPa
42866_Q4,F Median,20.6,MPa
42866_Q5,F Median,21.4,MPa
42866_Q6,F Median,19.5,MPa
42866_Q7,F Median,18.7,MPa
42866_Q8,F Median,18.9,MPa
42866_Q1,E_dash_0_degree_celcius,46.1,MPa
42866_Q2,E_dash_0_degree_celcius,24.9,MPa
42866_Q3,E_dash_0_degree_celcius,32.07,MPa
42866_Q4,E_dash_0_degree_celcius,23.34,MPa
42866_Q5,E_dash_0_degree_celcius,46.96,MPa
42866_Q6,E_dash_0_degree_celcius,30.78,MPa
42866_Q7,E_dash_0_degree_celcius,27.69,MPa
42866_Q8,E_dash_0_degree_celcius,30.59,MPa
42866_Q1,E_double_dash_0_degree_celcius,10.24,MPa
42866_Q2,E_double_dash_0_degree_celcius,6.7,MPa
42866_Q3,E_double_dash_0_degree_celcius,8.27,MPa
42866_Q4,E_double_dash_0_degree_celcius,6.4,MPa
42866_Q5,E_double_dash_0_degree_celcius,10.17,MPa
42866_Q6,E_double_dash_0_degree_celcius,7.72,MPa
42866_Q7,E_double_dash_0_degree_celcius,7.46,MPa
42866_Q8,E_double_dash_0_degree_celcius,7.85,MPa
42866_Q1,E_dash_23_degree_celcius,28.66,MPa
42866_Q2,E_dash_23_degree_celcius,14.22,MPa
42866_Q3,E_dash_23_degree_celcius,18.68,MPa
42866_Q4,E_dash_23_degree_celcius,13.67,MPa
42866_Q5,E_dash_23_degree_celcius,29.13,MPa
42866_Q6,E_dash_23_degree_celcius,18.06,MPa
42866_Q7,E_dash_23_degree_celcius,16.13,MPa
42866_Q8,E_dash_23_degree_celcius,17.91,MPa
42866_Q1,E_double_dash_23_degree_celcius,4.71,MPa
42866_Q2,E_double_dash_23_degree_celcius,2.2,MPa
42866_Q3,E_double_dash_23_degree_celcius,3.0,MPa
42866_Q4,E_double_dash_23_degree_celcius,2.08,MPa
42866_Q5,E_double_dash_23_degree_celcius,4.64,MPa
42866_Q6,E_double_dash_23_degree_celcius,2.85,MPa
42866_Q7,E_double_dash_23_degree_celcius,2.53,MPa
42866_Q8,E_double_dash_23_degree_celcius,2.84,MPa
42866_Q1,E_dash_60_degree_celcius,17.76,MPa
42866_Q2,E_dash_60_degree_celcius,8.96,MPa
42866_Q3,E_dash_60_degree_celcius,11.67,MPa
42866_Q4,E_dash_60_degree_celcius,8.84,MPa
42866_Q5,E_dash_60_degree_celcius,17.42,MPa
42866_Q6,E_dash_60_degree_celcius,11.29,MPa
42866_Q7,E_dash_60_degree_celcius,10.14,MPa
42866_Q8,E_dash_60_degree_celcius,10.96,MPa
42866_Q1,E_double_dash_60_degree_celcius,2.12,MPa
42866_Q2,E_double_dash_60_degree_celcius,0.78,MPa
42866_Q3,E_double_dash_60_degree_celcius,1.16,MPa
42866_Q4,E_double_dash_60_degree_celcius,0.72,MPa
42866_Q5,E_double_dash_60_degree_celcius,1.98,MPa
42866_Q6,E_double_dash_60_degree_celcius,1.11,MPa
42866_Q7,E_double_dash_60_degree_celcius,0.93,MPa
42866_Q8,E_double_dash_60_degree_celcius,1.05,MPa
42866_Q1,tand d max,0.546,
42866_Q2,tand d max,0.605,
42866_Q3,tand d max,0.576,
42866_Q4,tand d max,0.625,
42866_Q5,tand d max,0.527,
42866_Q6,tand d max,0.577,
42866_Q7,tand d max,0.606,
42866_Q8,tand d max,0.584,
42866_Q1,Temperatur tan d max,-29.3,[°C]
42866_Q2,Temperatur tan d max,-25.2,[°C]
42866_Q3,Temperatur tan d max,-25.2,[°C]
42866_Q4,Temperatur tan d max,-25.3,[°C]
42866_Q5,Temperatur tan d max,-29.3,[°C]
42866_Q6,Temperatur tan d max,-26.2,[°C]
42866_Q7,Temperatur tan d max,-24.2,[°C]
42866_Q8,Temperatur tan d max,-25.2,[°C]
42866_Q1,ElasticModulus_G_dash_zero_point_five_percent_1_Messung,4.41,MPa
42866_Q2,ElasticModulus_G_dash_zero_point_five_percent_1_Messung,3.41,MPa
42866_Q3,ElasticModulus_G_dash_zero_point_five_percent_1_Messung,4.0,MPa
42866_Q4,ElasticModulus_G_dash_zero_point_five_percent_1_Messung,2.91,MPa
42866_Q5,ElasticModulus_G_dash_zero_point_five_percent_1_Messung,4.8,MPa
42866_Q6,ElasticModulus_G_dash_zero_point_five_percent_1_Messung,3.64,MPa
42866_Q7,ElasticModulus_G_dash_zero_point_five_percent_1_Messung,3.66,MPa
42866_Q8,ElasticModulus_G_dash_zero_point_five_percent_1_Messung,4.79,MPa
42866_Q1,ElasticModulus_G_dash_15_percent_1_Messung,1.54,MPa
42866_Q2,ElasticModulus_G_dash_15_percent_1_Messung,1.43,MPa
42866_Q3,ElasticModulus_G_dash_15_percent_1_Messung,1.48,MPa
42866_Q4,ElasticModulus_G_dash_15_percent_1_Messung,1.34,MPa
42866_Q5,ElasticModulus_G_dash_15_percent_1_Messung,1.6,MPa
42866_Q6,ElasticModulus_G_dash_15_percent_1_Messung,1.43,MPa
42866_Q7,ElasticModulus_G_dash_15_percent_1_Messung,1.47,MPa
42866_Q8,ElasticModulus_G_dash_15_percent_1_Messung,1.91,MPa
42866_Q1,tan_d_7_percent_1_Messung,0.197,MPa
42866_Q2,tan_d_7_percent_1_Messung,0.184,MPa
42866_Q3,tan_d_7_percent_1_Messung,0.183,MPa
42866_Q4,tan_d_7_percent_1_Messung,0.158,MPa
42866_Q5,tan_d_7_percent_1_Messung,0.201,MPa
42866_Q6,tan_d_7_percent_1_Messung,0.178,MPa
42866_Q7,tan_d_7_percent_1_Messung,0.175,MPa
42866_Q8,tan_d_7_percent_1_Messung,0.183,MPa
42866_Q1,LossModulus_Gdouble_dash(max),0.6,MPa
42866_Q2,LossModulus_Gdouble_dash(max),0.43,MPa
42866_Q3,LossModulus_Gdouble_dash(max),0.5,MPa
42866_Q4,LossModulus_Gdouble_dash(max),0.33,MPa
42866_Q5,LossModulus_Gdouble_dash(max),0.63,MPa
42866_Q6,LossModulus_Gdouble_dash(max),0.44,MPa
42866_Q7,LossModulus_Gdouble_dash(max),0.44,MPa
42866_Q8,LossModulus_Gdouble_dash(max),0.61,MPa
43127_Q1,ML 1+1,62.3,ME
43127_Q2,ML 1+1,79.86,ME
43127_Q3,ML 1+1,71.2,ME
43127_Q4,ML 1+1,72.72,ME
43127_Q5,ML 1+1,61.84,ME
43127_Q6,ML 1+1,70.65,ME
43127_Q7,ML 1+1,71.79,ME
43127_Q8,ML 1+1,77.8,ME
43127_Q1,ML 1+4,53.14,ME
43127_Q2,ML 1+4,66.88,ME
43127_Q3,ML 1+4,61.61,ME
43127_Q4,ML 1+4,64.13,ME
43127_Q5,ML 1+4,52.95,ME
43127_Q6,ML 1+4,62.09,ME
43127_Q7,ML 1+4,62.65,ME
43127_Q8,ML 1+4,65.52,ME
43127_Q1,MSR,0.555,log(ME)/log(s)
43127_Q2,MSR,0.433,log(ME)/log(s)
43127_Q3,MSR,0.482,log(ME)/log(s)
43127_Q4,MSR,0.438,log(ME)/log(s)
43127_Q5,MSR,0.553,log(ME)/log(s)
43127_Q6,MSR,0.45,log(ME)/log(s)
43127_Q7,MSR,0.481,log(ME)/log(s)
43127_Q8,MSR,0.43,log(ME)/log(s)
43127_Q1,Umsatzzeit 90percent,809.88,[sec]
43127_Q2,Umsatzzeit 90percent,799.05,[sec]
43127_Q3,Umsatzzeit 90percent,824.04,[sec]
43127_Q4,Umsatzzeit 90percent,801.3,[sec]
43127_Q5,Umsatzzeit 90percent,798.54,[sec]
43127_Q6,Umsatzzeit 90percent,833.28,[sec]
43127_Q7,Umsatzzeit 90percent,833.22,[sec]
43127_Q8,Umsatzzeit 90percent,807.42,[sec]
43127_Q1,S_dash bei 90percent Umsatz,18.97,dNm
43127_Q2,S_dash bei 90percent Umsatz,17.47,dNm
43127_Q3,S_dash bei 90percent Umsatz,17.88,dNm
43127_Q4,S_dash bei 90percent Umsatz,17.9,dNm
43127_Q5,S_dash bei 90percent Umsatz,19.14,dNm
43127_Q6,S_dash bei 90percent Umsatz,17.75,dNm
43127_Q7,S_dash bei 90percent Umsatz,18.02,dNm
43127_Q8,S_dash bei 90percent Umsatz,17.85,dNm
43127_Q1,Massedruck_1,23.65,bar
43127_Q2,Massedruck_1,30.9,bar
43127_Q3,Massedruck_1,27.25,bar
43127_Q4,Massedruck_1,29.0,bar
43127_Q5,Massedruck_1,23.2,bar
43127_Q6,Massedruck_1,28.7,bar
43127_Q7,Massedruck_1,28.3,bar
43127_Q8,Massedruck_1,30.7,bar
43127_Q1,Massedruck_2,35.2,bar
43127_Q2,Massedruck_2,39.65,bar
43127_Q3,Massedruck_2,38.65,bar
43127_Q4,Massedruck_2,39.9,bar
43127_Q5,Massedruck_2,35.2,bar
43127_Q6,Massedruck_2,38.5,bar
43127_Q7,Massedruck_2,39.0,bar
43127_Q8,Massedruck_2,39.5,bar
43127_Q1,Quellung Hausmethode K10_1,31.09,percent
43127_Q2,Quellung Hausmethode K10_1,30.28,percent
43127_Q3,Quellung Hausmethode K10_1,32.29,percent
43127_Q4,Quellung Hausmethode K10_1,28.86,percent
43127_Q5,Quellung Hausmethode K10_1,30.08,percent
43127_Q6,Quellung Hausmethode K10_1,34.66,percent
43127_Q7,Quellung Hausmethode K10_1,34.85,percent
43127_Q8,Quellung Hausmethode K10_1,34.07,percent
43127_Q1,Quellung Hausmethode K10_2,32.88,percent
43127_Q2,Quellung Hausmethode K10_2,30.68,percent
43127_Q3,Quellung Hausmethode K10_2,31.89,percent
43127_Q4,Quellung Hausmethode K10_2,30.28,percent
43127_Q5,Quellung Hausmethode K10_2,32.49,percent
43127_Q6,Quellung Hausmethode K10_2,32.29,percent
43127_Q7,Quellung Hausmethode K10_2,31.29,percent
43127_Q8,Quellung Hausmethode K10_2,29.26,percent
43127_Q1,Masse pro Messzeit_1,10.88,g
43127_Q2,Masse pro Messzeit_1,9.24,g
43127_Q3,Masse pro Messzeit_1,9.22,g
43127_Q4,Masse pro Messzeit_1,9.56,g
43127_Q5,Masse pro Messzeit_1,10.9,g
43127_Q6,Masse pro Messzeit_1,10.0,g
43127_Q7,Masse pro Messzeit_1,9.88,g
43127_Q8,Masse pro Messzeit_1,9.6,g
43127_Q1,Masse pro Messzeit_2,38.48,g
43127_Q2,Masse pro Messzeit_2,34.42,g
43127_Q3,Masse pro Messzeit_2,37.08,g
43127_Q4,Masse pro Messzeit_2,37.06,g
43127_Q5,Masse pro Messzeit_2,38.38,g
43127_Q6,Masse pro Messzeit_2,35.56,g
43127_Q7,Masse pro Messzeit_2,36.74,g
43127_Q8,Masse pro Messzeit_2,34.86,g
43127_Q1,Hardness_mean_value,67.13,Shore A
43127_Q2,Hardness_mean_value,62.3,Shore A
43127_Q3,Hardness_mean_value,64.2,Shore A
43127_Q4,Hardness_mean_value,63.2,Shore A
43127_Q5,Hardness_mean_value,65.63,Shore A
43127_Q6,Hardness_mean_value,63.7,Shore A
43127_Q7,Hardness_mean_value,64.13,Shore A
43127_Q8,Hardness_mean_value,63.23,Shore A
43127_Q1,Rebound_mean_value_1,37.73,percent
43127_Q2,Rebound_mean_value_1,42.6,percent
43127_Q3,Rebound_mean_value_1,38.73,percent
43127_Q4,Rebound_mean_value_1,40.13,percent
43127_Q5,Rebound_mean_value_1,38.4,percent
43127_Q6,Rebound_mean_value_1,39.8,percent
43127_Q7,Rebound_mean_value_1,40.33,percent
43127_Q8,Rebound_mean_value_1,39.4,percent
43127_Q1,Rebound_mean_value_2,55.5,percent
43127_Q2,Rebound_mean_value_2,60.5,percent
43127_Q3,Rebound_mean_value_2,58.5,percent
43127_Q4,Rebound_mean_value_2,60.5,percent
43127_Q5,Rebound_mean_value_2,54.5,percent
43127_Q6,Rebound_mean_value_2,58.5,percent
43127_Q7,Rebound_mean_value_2,57.5,percent
43127_Q8,Rebound_mean_value_2,57.5,percent
43127_Q1,Rebound_mean_value_3,57.0,percent
43127_Q2,Rebound_mean_value_3,63.0,percent
43127_Q3,Rebound_mean_value_3,60.5,percent
43127_Q4,Rebound_mean_value_3,62.5,percent
43127_Q5,Rebound_mean_value_3,55.5,percent
43127_Q6,Rebound_mean_value_3,61.5,percent
43127_Q7,Rebound_mean_value_3,60.5,percent
43127_Q8,Rebound_mean_value_3,60.5,percent
43127_Q1,S50,1.5,MPa
43127_Q2,S50,1.4,MPa
43127_Q3,S50,1.4,MPa
43127_Q4,S50,1.4,MPa
43127_Q5,S50,1.5,MPa
43127_Q6,S50,1.4,MPa
43127_Q7,S50,1.4,MPa
43127_Q8,S50,1.4,MPa
43127_Q1,S100,2.8,MPa
43127_Q2,S100,2.6,MPa
43127_Q3,S100,2.6,MPa
43127_Q4,S100,2.5,MPa
43127_Q5,S100,2.7,MPa
43127_Q6,S100,2.6,MPa
43127_Q7,S100,2.5,MPa
43127_Q8,S100,2.5,MPa
43127_Q1,S300,12.6,MPa
43127_Q2,S300,13.8,MPa
43127_Q3,S300,13.2,MPa
43127_Q4,S300,13.3,MPa
43127_Q5,S300,12.6,MPa
43127_Q6,S300,13.6,MPa
43127_Q7,S300,13.2,MPa
43127_Q8,S300,13.6,MPa
43127_Q1,D Median,406.0,percent
43127_Q2,D Median,397.0,percent
43127_Q3,D Median,427.0,percent
43127_Q4,D Median,410.0,percent
43127_Q5,D Median,434.0,percent
43127_Q6,D Median,413.0,percent
43127_Q7,D Median,426.0,percent
43127_Q8,D Median,402.0,percent
43127_Q1,F Median,18.8,MPa
43127_Q2,F Median,20.2,MPa
43127_Q3,F Median,20.8,MPa
43127_Q4,F Median,20.7,MPa
43127_Q5,F Median,20.1,MPa
43127_Q6,F Median,20.9,MPa
43127_Q7,F Median,21.1,MPa
43127_Q8,F Median,20.3,MPa
43127_Q1,E_dash_0_degree_celcius,46.8,MPa
43127_Q2,E_dash_0_degree_celcius,27.81,MPa
43127_Q3,E_dash_0_degree_celcius,33.95,MPa
43127_Q4,E_dash_0_degree_celcius,25.23,MPa
43127_Q5,E_dash_0_degree_celcius,44.26,MPa
43127_Q6,E_dash_0_degree_celcius,31.33,MPa
43127_Q7,E_dash_0_degree_celcius,32.64,MPa
43127_Q8,E_dash_0_degree_celcius,26.89,MPa
43127_Q1,E_double_dash_0_degree_celcius,9.95,MPa
43127_Q2,E_double_dash_0_degree_celcius,7.58,MPa
43127_Q3,E_double_dash_0_degree_celcius,8.77,MPa
43127_Q4,E_double_dash_0_degree_celcius,6.86,MPa
43127_Q5,E_double_dash_0_degree_celcius,10.01,MPa
43127_Q6,E_double_dash_0_degree_celcius,8.56,MPa
43127_Q7,E_double_dash_0_degree_celcius,8.22,MPa
43127_Q8,E_double_dash_0_degree_celcius,7.42,MPa
43127_Q1,E_dash_23_degree_celcius,28.99,MPa
43127_Q2,E_dash_23_degree_celcius,15.97,MPa
43127_Q3,E_dash_23_degree_celcius,19.83,MPa
43127_Q4,E_dash_23_degree_celcius,14.62,MPa
43127_Q5,E_dash_23_degree_celcius,27.32,MPa
43127_Q6,E_dash_23_degree_celcius,18.33,MPa
43127_Q7,E_dash_23_degree_celcius,19.3,MPa
43127_Q8,E_dash_23_degree_celcius,15.4,MPa
43127_Q1,E_double_dash_23_degree_celcius,4.54,MPa
43127_Q2,E_double_dash_23_degree_celcius,2.51,MPa
43127_Q3,E_double_dash_23_degree_celcius,3.19,MPa
43127_Q4,E_double_dash_23_degree_celcius,2.22,MPa
43127_Q5,E_double_dash_23_degree_celcius,4.48,MPa
43127_Q6,E_double_dash_23_degree_celcius,3.04,MPa
43127_Q7,E_double_dash_23_degree_celcius,3.06,MPa
43127_Q8,E_double_dash_23_degree_celcius,2.45,MPa
43127_Q1,E_dash_60_degree_celcius,17.98,MPa
43127_Q2,E_dash_60_degree_celcius,9.92,MPa
43127_Q3,E_dash_60_degree_celcius,12.29,MPa
43127_Q4,E_dash_60_degree_celcius,9.37,MPa
43127_Q5,E_dash_60_degree_celcius,16.85,MPa
43127_Q6,E_dash_60_degree_celcius,11.21,MPa
43127_Q7,E_dash_60_degree_celcius,11.97,MPa
43127_Q8,E_dash_60_degree_celcius,9.62,MPa
43127_Q1,E_double_dash_60_degree_celcius,2.07,MPa
43127_Q2,E_double_dash_60_degree_celcius,0.86,MPa
43127_Q3,E_double_dash_60_degree_celcius,1.24,MPa
43127_Q4,E_double_dash_60_degree_celcius,0.8,MPa
43127_Q5,E_double_dash_60_degree_celcius,2.0,MPa
43127_Q6,E_double_dash_60_degree_celcius,1.12,MPa
43127_Q7,E_double_dash_60_degree_celcius,1.18,MPa
43127_Q8,E_double_dash_60_degree_celcius,0.86,MPa
43127_Q1,tand d max,0.521,
43127_Q2,tand d max,0.59,
43127_Q3,tand d max,0.576,
43127_Q4,tand d max,0.615,
43127_Q5,tand d max,0.539,
43127_Q6,tand d max,0.592,
43127_Q7,tand d max,0.579,
43127_Q8,tand d max,0.614,
43127_Q1,Temperatur tan d max,-29.2,[°C]
43127_Q2,Temperatur tan d max,-25.3,[°C]
43127_Q3,Temperatur tan d max,-26.3,[°C]
43127_Q4,Temperatur tan d max,-24.3,[°C]
43127_Q5,Temperatur tan d max,-29.3,[°C]
43127_Q6,Temperatur tan d max,-25.3,[°C]
43127_Q7,Temperatur tan d max,-27.3,[°C]
43127_Q8,Temperatur tan d max,-25.2,[°C]
43127_Q1,ElasticModulus_G_dash_zero_point_five_percent_1_Messung,4.5,MPa
43127_Q2,ElasticModulus_G_dash_zero_point_five_percent_1_Messung,3.14,MPa
43127_Q3,ElasticModulus_G_dash_zero_point_five_percent_1_Messung,3.16,MPa
43127_Q4,ElasticModulus_G_dash_zero_point_five_percent_1_Messung,2.89,MPa
43127_Q5,ElasticModulus_G_dash_zero_point_five_percent_1_Messung,4.23,MPa
43127_Q6,ElasticModulus_G_dash_zero_point_five_percent_1_Messung,2.89,MPa
43127_Q7,ElasticModulus_G_dash_zero_point_five_percent_1_Messung,3.51,MPa
43127_Q8,ElasticModulus_G_dash_zero_point_five_percent_1_Messung,3.41,MPa
43127_Q1,ElasticModulus_G_dash_15_percent_1_Messung,1.56,MPa
43127_Q2,ElasticModulus_G_dash_15_percent_1_Messung,1.4,MPa
43127_Q3,ElasticModulus_G_dash_15_percent_1_Messung,1.36,MPa
43127_Q4,ElasticModulus_G_dash_15_percent_1_Messung,1.34,MPa
43127_Q5,ElasticModulus_G_dash_15_percent_1_Messung,1.55,MPa
43127_Q6,ElasticModulus_G_dash_15_percent_1_Messung,1.32,MPa
43127_Q7,ElasticModulus_G_dash_15_percent_1_Messung,1.4,MPa
43127_Q8,ElasticModulus_G_dash_15_percent_1_Messung,1.42,MPa
43127_Q1,tan_d_7_percent_1_Messung,0.191,MPa
43127_Q2,tan_d_7_percent_1_Messung,0.16,MPa
43127_Q3,tan_d_7_percent_1_Messung,0.168,MPa
43127_Q4,tan_d_7_percent_1_Messung,0.155,MPa
43127_Q5,tan_d_7_percent_1_Messung,0.186,MPa
43127_Q6,tan_d_7_percent_1_Messung,0.158,MPa
43127_Q7,tan_d_7_percent_1_Messung,0.171,MPa
43127_Q8,tan_d_7_percent_1_Messung,0.165,MPa
43127_Q1,LossModulus_Gdouble_dash(max),0.57,MPa
43127_Q2,LossModulus_Gdouble_dash(max),0.35,MPa
43127_Q3,LossModulus_Gdouble_dash(max),0.37,MPa
43127_Q4,LossModulus_Gdouble_dash(max),0.32,MPa
43127_Q5,LossModulus_Gdouble_dash(max),0.53,MPa
43127_Q6,LossModulus_Gdouble_dash(max),0.32,MPa
43127_Q7,LossModulus_Gdouble_dash(max),0.41,MPa
43127_Q8,LossModulus_Gdouble_dash(max),0.39,MPa
43225_Q1,ML 1+1,60.31,ME
43225_Q2,ML 1+1,71.69,ME
43225_Q3,ML 1+1,75.25,ME
43225_Q4,ML 1+1,73.59,ME
43225_Q5,ML 1+1,59.17,ME
43225_Q6,ML 1+1,74.22,ME
43225_Q7,ML 1+1,73.63,ME
43225_Q8,ML 1+1,71.87,ME
43225_Q1,ML 1+4,51.82,ME
43225_Q2,ML 1+4,59.88,ME
43225_Q3,ML 1+4,62.85,ME
43225_Q4,ML 1+4,61.37,ME
43225_Q5,ML 1+4,50.64,ME
43225_Q6,ML 1+4,61.94,ME
43225_Q7,ML 1+4,61.62,ME
43225_Q8,ML 1+4,60.28,ME
43225_Q1,MSR,0.545,log(ME)/log(s)
43225_Q2,MSR,0.468,log(ME)/log(s)
43225_Q3,MSR,0.452,log(ME)/log(s)
43225_Q4,MSR,0.464,log(ME)/log(s)
43225_Q5,MSR,0.56,log(ME)/log(s)
43225_Q6,MSR,0.446,log(ME)/log(s)
43225_Q7,MSR,0.46,log(ME)/log(s)
43225_Q8,MSR,0.475,log(ME)/log(s)
43225_Q1,Umsatzzeit 90percent,836.7,[sec]
43225_Q2,Umsatzzeit 90percent,824.58,[sec]
43225_Q3,Umsatzzeit 90percent,905.88,[sec]
43225_Q4,Umsatzzeit 90percent,811.53,[sec]
43225_Q5,Umsatzzeit 90percent,836.2,[sec]
43225_Q6,Umsatzzeit 90percent,825.93,[sec]
43225_Q7,Umsatzzeit 90percent,826.08,[sec]
43225_Q8,Umsatzzeit 90percent,841.02,[sec]
43225_Q1,S_dash bei 90percent Umsatz,18.44,dNm
43225_Q2,S_dash bei 90percent Umsatz,17.9,dNm
43225_Q3,S_dash bei 90percent Umsatz,16.42,dNm
43225_Q4,S_dash bei 90percent Umsatz,17.66,dNm
43225_Q5,S_dash bei 90percent Umsatz,18.57,dNm
43225_Q6,S_dash bei 90percent Umsatz,17.74,dNm
43225_Q7,S_dash bei 90percent Umsatz,17.85,dNm
43225_Q8,S_dash bei 90percent Umsatz,17.92,dNm
43225_Q1,Hardness_mean_value,66.53,Shore A
43225_Q2,Hardness_mean_value,64.97,Shore A
43225_Q3,Hardness_mean_value,62.7,Shore A
43225_Q4,Hardness_mean_value,64.1,Shore A
43225_Q5,Hardness_mean_value,67.47,Shore A
43225_Q6,Hardness_mean_value,64.33,Shore A
43225_Q7,Hardness_mean_value,64.03,Shore A
43225_Q8,Hardness_mean_value,64.73,Shore A
43225_Q1,Rebound_mean_value_1,36.4,percent
43225_Q2,Rebound_mean_value_1,39.4,percent
43225_Q3,Rebound_mean_value_1,39.4,percent
43225_Q4,Rebound_mean_value_1,40.0,percent
43225_Q5,Rebound_mean_value_1,37.2,percent
43225_Q6,Rebound_mean_value_1,40.13,percent
43225_Q7,Rebound_mean_value_1,39.13,percent
43225_Q8,Rebound_mean_value_1,40.0,percent
43225_Q1,Rebound_mean_value_2,56.0,percent
43225_Q2,Rebound_mean_value_2,59.5,percent
43225_Q3,Rebound_mean_value_2,60.5,percent
43225_Q4,Rebound_mean_value_2,61.0,percent
43225_Q5,Rebound_mean_value_2,56.0,percent
43225_Q6,Rebound_mean_value_2,60.5,percent
43225_Q7,Rebound_mean_value_2,60.5,percent
43225_Q8,Rebound_mean_value_2,61.5,percent
43225_Q1,Rebound_mean_value_3,57.5,percent
43225_Q2,Rebound_mean_value_3,62.5,percent
43225_Q3,Rebound_mean_value_3,61.5,percent
43225_Q4,Rebound_mean_value_3,61.5,percent
43225_Q5,Rebound_mean_value_3,58.0,percent
43225_Q6,Rebound_mean_value_3,62.0,percent
43225_Q7,Rebound_mean_value_3,61.5,percent
43225_Q8,Rebound_mean_value_3,61.5,percent
43225_Q1,S50,1.5,MPa
43225_Q2,S50,1.4,MPa
43225_Q3,S50,1.3,MPa
43225_Q4,S50,1.4,MPa
43225_Q5,S50,1.6,MPa
43225_Q6,S50,1.4,MPa
43225_Q7,S50,1.4,MPa
43225_Q8,S50,1.4,MPa
43225_Q1,S100,2.7,MPa
43225_Q2,S100,2.7,MPa
43225_Q3,S100,2.4,MPa
43225_Q4,S100,2.6,MPa
43225_Q5,S100,2.9,MPa
43225_Q6,S100,2.6,MPa
43225_Q7,S100,2.5,MPa
43225_Q8,S100,2.6,MPa
43225_Q1,S300,12.3,MPa
43225_Q2,S300,14.3,MPa
43225_Q3,S300,12.6,MPa
43225_Q4,S300,14.0,MPa
43225_Q5,S300,13.2,MPa
43225_Q6,S300,14.2,MPa
43225_Q7,S300,13.8,MPa
43225_Q8,S300,13.9,MPa
43225_Q1,D Median,397.0,percent
43225_Q2,D Median,378.0,percent
43225_Q3,D Median,420.0,percent
43225_Q4,D Median,370.0,percent
43225_Q5,D Median,431.0,percent
43225_Q6,D Median,404.0,percent
43225_Q7,D Median,402.0,percent
43225_Q8,D Median,392.0,percent
43225_Q1,F Median,17.6,MPa
43225_Q2,F Median,19.8,MPa
43225_Q3,F Median,20.0,MPa
43225_Q4,F Median,18.9,MPa
43225_Q5,F Median,20.5,MPa
43225_Q6,F Median,21.2,MPa
43225_Q7,F Median,20.9,MPa
43225_Q8,F Median,20.0,MPa
43225_Q1,E_dash_0_degree_celcius,43.64,MPa
43225_Q2,E_dash_0_degree_celcius,23.2,MPa
43225_Q3,E_dash_0_degree_celcius,19.42,MPa
43225_Q4,E_dash_0_degree_celcius,21.49,MPa
43225_Q5,E_dash_0_degree_celcius,42.33,MPa
43225_Q6,E_dash_0_degree_celcius,22.19,MPa
43225_Q7,E_dash_0_degree_celcius,26.65,MPa
43225_Q8,E_dash_0_degree_celcius,24.67,MPa
43225_Q1,E_double_dash_0_degree_celcius,10.78,MPa
43225_Q2,E_double_dash_0_degree_celcius,6.64,MPa
43225_Q3,E_double_dash_0_degree_celcius,5.73,MPa
43225_Q4,E_double_dash_0_degree_celcius,6.12,MPa
43225_Q5,E_double_dash_0_degree_celcius,10.5,MPa
43225_Q6,E_double_dash_0_degree_celcius,6.36,MPa
43225_Q7,E_double_dash_0_degree_celcius,7.35,MPa
43225_Q8,E_double_dash_0_degree_celcius,6.86,MPa
43225_Q1,E_dash_23_degree_celcius,25.53,MPa
43225_Q2,E_dash_23_degree_celcius,13.6,MPa
43225_Q3,E_dash_23_degree_celcius,11.26,MPa
43225_Q4,E_dash_23_degree_celcius,12.56,MPa
43225_Q5,E_dash_23_degree_celcius,25.77,MPa
43225_Q6,E_dash_23_degree_celcius,12.97,MPa
43225_Q7,E_dash_23_degree_celcius,15.47,MPa
43225_Q8,E_dash_23_degree_celcius,14.4,MPa
43225_Q1,E_double_dash_23_degree_celcius,4.44,MPa
43225_Q2,E_double_dash_23_degree_celcius,2.15,MPa
43225_Q3,E_double_dash_23_degree_celcius,1.76,MPa
43225_Q4,E_double_dash_23_degree_celcius,1.94,MPa
43225_Q5,E_double_dash_23_degree_celcius,4.46,MPa
43225_Q6,E_double_dash_23_degree_celcius,2.01,MPa
43225_Q7,E_double_dash_23_degree_celcius,2.43,MPa
43225_Q8,E_double_dash_23_degree_celcius,2.28,MPa
43225_Q1,E_dash_60_degree_celcius,15.94,MPa
43225_Q2,E_dash_60_degree_celcius,8.89,MPa
43225_Q3,E_dash_60_degree_celcius,7.34,MPa
43225_Q4,E_dash_60_degree_celcius,8.23,MPa
43225_Q5,E_dash_60_degree_celcius,15.25,MPa
43225_Q6,E_dash_60_degree_celcius,8.16,MPa
43225_Q7,E_dash_60_degree_celcius,9.73,MPa
43225_Q8,E_dash_60_degree_celcius,9.28,MPa
43225_Q1,E_double_dash_60_degree_celcius,1.95,MPa
43225_Q2,E_double_dash_60_degree_celcius,0.79,MPa
43225_Q3,E_double_dash_60_degree_celcius,0.63,MPa
43225_Q4,E_double_dash_60_degree_celcius,0.69,MPa
43225_Q5,E_double_dash_60_degree_celcius,1.8,MPa
43225_Q6,E_double_dash_60_degree_celcius,0.69,MPa
43225_Q7,E_double_dash_60_degree_celcius,0.86,MPa
43225_Q8,E_double_dash_60_degree_celcius,0.83,MPa
43225_Q1,tand d max,0.556,
43225_Q2,tand d max,0.642,
43225_Q3,tand d max,0.676,
43225_Q4,tand d max,0.648,
43225_Q5,tand d max,0.547,
43225_Q6,tand d max,0.655,
43225_Q7,tand d max,0.607,
43225_Q8,tand d max,0.625,
43225_Q1,Temperatur tan d max,-27.3,[°C]
43225_Q2,Temperatur tan d max,-25.2,[°C]
43225_Q3,Temperatur tan d max,-24.3,[°C]
43225_Q4,Temperatur tan d max,-24.3,[°C]
43225_Q5,Temperatur tan d max,-26.3,[°C]
43225_Q6,Temperatur tan d max,-25.3,[°C]
43225_Q7,Temperatur tan d max,-24.3,[°C]
43225_Q8,Temperatur tan d max,-25.3,[°C]
43225_Q1,ElasticModulus_G_dash_zero_point_five_percent_1_Messung,4.68,MPa
43225_Q2,ElasticModulus_G_dash_zero_point_five_percent_1_Messung,3.44,MPa
43225_Q3,ElasticModulus_G_dash_zero_point_five_percent_1_Messung,3.06,MPa
43225_Q4,ElasticModulus_G_dash_zero_point_five_percent_1_Messung,3.4,MPa
43225_Q5,ElasticModulus_G_dash_zero_point_five_percent_1_Messung,4.8,MPa
43225_Q6,ElasticModulus_G_dash_zero_point_five_percent_1_Messung,3.4,MPa
43225_Q7,ElasticModulus_G_dash_zero_point_five_percent_1_Messung,3.74,MPa
43225_Q8,ElasticModulus_G_dash_zero_point_five_percent_1_Messung,3.44,MPa
43225_Q1,ElasticModulus_G_dash_15_percent_1_Messung,1.58,MPa
43225_Q2,ElasticModulus_G_dash_15_percent_1_Messung,1.44,MPa
43225_Q3,ElasticModulus_G_dash_15_percent_1_Messung,1.33,MPa
43225_Q4,ElasticModulus_G_dash_15_percent_1_Messung,1.44,MPa
43225_Q5,ElasticModulus_G_dash_15_percent_1_Messung,1.57,MPa
43225_Q6,ElasticModulus_G_dash_15_percent_1_Messung,1.45,MPa
43225_Q7,ElasticModulus_G_dash_15_percent_1_Messung,1.51,MPa
43225_Q8,ElasticModulus_G_dash_15_percent_1_Messung,1.44,MPa
43225_Q1,tan_d_7_percent_1_Messung,0.19,MPa
43225_Q2,tan_d_7_percent_1_Messung,0.166,MPa
43225_Q3,tan_d_7_percent_1_Messung,0.166,MPa
43225_Q4,tan_d_7_percent_1_Messung,0.163,MPa
43225_Q5,tan_d_7_percent_1_Messung,0.191,MPa
43225_Q6,tan_d_7_percent_1_Messung,0.16,MPa
43225_Q7,tan_d_7_percent_1_Messung,0.166,MPa
43225_Q8,tan_d_7_percent_1_Messung,0.162,MPa
43225_Q1,LossModulus_Gdouble_dash(max),0.52,MPa
43225_Q2,LossModulus_Gdouble_dash(max),0.35,MPa
43225_Q3,LossModulus_Gdouble_dash(max),0.32,MPa
43225_Q4,LossModulus_Gdouble_dash(max),0.35,MPa
43225_Q5,LossModulus_Gdouble_dash(max),0.53,MPa
43225_Q6,LossModulus_Gdouble_dash(max),0.35,MPa
43225_Q7,LossModulus_Gdouble_dash(max),0.39,MPa
43225_Q8,LossModulus_Gdouble_dash(max),0.36,MPa
43258_Q1,ML 1+1,59.74,ME
43258_Q2,ML 1+1,66.7,ME
43258_Q3,ML 1+1,78.91,ME
43258_Q4,ML 1+1,75.88,ME
43258_Q5,ML 1+1,60.12,ME
43258_Q6,ML 1+1,75.22,ME
43258_Q7,ML 1+1,69.54,ME
43258_Q8,ML 1+1,70.8,ME
43258_Q1,ML 1+4,50.81,ME
43258_Q2,ML 1+4,55.03,ME
43258_Q3,ML 1+4,66.54,ME
43258_Q4,ML 1+4,63.4,ME
43258_Q5,ML 1+4,51.02,ME
43258_Q6,ML 1+4,63.07,ME
43258_Q7,ML 1+4,58.13,ME
43258_Q8,ML 1+4,59.24,ME
43258_Q1,MSR,0.497,log(ME)/log(s)
43258_Q2,MSR,0.483,log(ME)/log(s)
43258_Q3,MSR,0.436,log(ME)/log(s)
43258_Q4,MSR,0.447,log(ME)/log(s)
43258_Q5,MSR,0.504,log(ME)/log(s)
43258_Q6,MSR,0.428,log(ME)/log(s)
43258_Q7,MSR,0.466,log(ME)/log(s)
43258_Q8,MSR,0.453,log(ME)/log(s)
43258_Q1,Umsatzzeit 90percent,997.14,[sec]
43258_Q2,Umsatzzeit 90percent,970.62,[sec]
43258_Q3,Umsatzzeit 90percent,924.0,[sec]
43258_Q4,Umsatzzeit 90percent,950.97,[sec]
43258_Q5,Umsatzzeit 90percent,981.06,[sec]
43258_Q6,Umsatzzeit 90percent,987.6,[sec]
43258_Q7,Umsatzzeit 90percent,957.78,[sec]
43258_Q8,Umsatzzeit 90percent,941.46,[sec]
43258_Q1,S_dash bei 90percent Umsatz,17.73,dNm
43258_Q2,S_dash bei 90percent Umsatz,17.94,dNm
43258_Q3,S_dash bei 90percent Umsatz,18.07,dNm
43258_Q4,S_dash bei 90percent Umsatz,17.54,dNm
43258_Q5,S_dash bei 90percent Umsatz,18.14,dNm
43258_Q6,S_dash bei 90percent Umsatz,17.36,dNm
43258_Q7,S_dash bei 90percent Umsatz,17.94,dNm
43258_Q8,S_dash bei 90percent Umsatz,17.51,dNm
43258_Q1,Hardness_mean_value,65.3,Shore A
43258_Q2,Hardness_mean_value,64.46,Shore A
43258_Q3,Hardness_mean_value,65.27,Shore A
43258_Q4,Hardness_mean_value,64.27,Shore A
43258_Q5,Hardness_mean_value,66.13,Shore A
43258_Q6,Hardness_mean_value,64.93,Shore A
43258_Q7,Hardness_mean_value,65.5,Shore A
43258_Q8,Hardness_mean_value,64.27,Shore A
43258_Q1,Rebound_mean_value_1,38.0,percent
43258_Q2,Rebound_mean_value_1,38.27,percent
43258_Q3,Rebound_mean_value_1,39.0,percent
43258_Q4,Rebound_mean_value_1,40.0,percent
43258_Q5,Rebound_mean_value_1,37.33,percent
43258_Q6,Rebound_mean_value_1,39.8,percent
43258_Q7,Rebound_mean_value_1,40.73,percent
43258_Q8,Rebound_mean_value_1,41.2,percent
43258_Q1,Rebound_mean_value_2,54.5,percent
43258_Q2,Rebound_mean_value_2,56.0,percent
43258_Q3,Rebound_mean_value_2,57.5,percent
43258_Q4,Rebound_mean_value_2,57.5,percent
43258_Q5,Rebound_mean_value_2,56.5,percent
43258_Q6,Rebound_mean_value_2,59.0,percent
43258_Q7,Rebound_mean_value_2,57.5,percent
43258_Q8,Rebound_mean_value_2,60.0,percent
43258_Q1,Rebound_mean_value_3,57.5,percent
43258_Q2,Rebound_mean_value_3,59.5,percent
43258_Q3,Rebound_mean_value_3,60.5,percent
43258_Q4,Rebound_mean_value_3,60.0,percent
43258_Q5,Rebound_mean_value_3,57.5,percent
43258_Q6,Rebound_mean_value_3,61.0,percent
43258_Q7,Rebound_mean_value_3,60.5,percent
43258_Q8,Rebound_mean_value_3,61.5,percent
43258_Q1,S50,1.6,MPa
43258_Q2,S50,1.6,MPa
43258_Q3,S50,1.5,MPa
43258_Q4,S50,1.4,MPa
43258_Q5,S50,1.6,MPa
43258_Q6,S50,1.5,MPa
43258_Q7,S50,1.5,MPa
43258_Q8,S50,1.4,MPa
43258_Q1,S100,3.1,MPa
43258_Q2,S100,2.9,MPa
43258_Q3,S100,2.9,MPa
43258_Q4,S100,2.8,MPa
43258_Q5,S100,2.8,MPa
43258_Q6,S100,2.8,MPa
43258_Q7,S100,2.9,MPa
43258_Q8,S100,2.7,MPa
43258_Q1,S300,14.2,MPa
43258_Q2,S300,13.6,MPa
43258_Q3,S300,14.2,MPa
43258_Q4,S300,14.4,MPa
43258_Q5,S300,13.5,MPa
43258_Q6,S300,14.6,MPa
43258_Q7,S300,14.5,MPa
43258_Q8,S300,14.1,MPa
43258_Q1,D Median,376.0,percent
43258_Q2,D Median,407.0,percent
43258_Q3,D Median,381.0,percent
43258_Q4,D Median,399.0,percent
43258_Q5,D Median,355.0,percent
43258_Q6,D Median,371.0,percent
43258_Q7,D Median,377.0,percent
43258_Q8,D Median,386.0,percent
43258_Q1,F Median,19.0,MPa
43258_Q2,F Median,20.0,MPa
43258_Q3,F Median,19.3,MPa
43258_Q4,F Median,21.1,MPa
43258_Q5,F Median,16.9,MPa
43258_Q6,F Median,19.5,MPa
43258_Q7,F Median,19.7,MPa
43258_Q8,F Median,19.9,MPa
43258_Q1,E_dash_0_degree_celcius,41.18,MPa
43258_Q2,E_dash_0_degree_celcius,34.72,MPa
43258_Q3,E_dash_0_degree_celcius,26.97,MPa
43258_Q4,E_dash_0_degree_celcius,25.26,MPa
43258_Q5,E_dash_0_degree_celcius,33.38,MPa
43258_Q6,E_dash_0_degree_celcius,30.84,MPa
43258_Q7,E_dash_0_degree_celcius,30.95,MPa
43258_Q8,E_dash_0_degree_celcius,25.97,MPa
43258_Q1,E_double_dash_0_degree_celcius,10.1,MPa
43258_Q2,E_double_dash_0_degree_celcius,8.84,MPa
43258_Q3,E_double_dash_0_degree_celcius,7.56,MPa
43258_Q4,E_double_dash_0_degree_celcius,6.83,MPa
43258_Q5,E_double_dash_0_degree_celcius,8.66,MPa
43258_Q6,E_double_dash_0_degree_celcius,8.36,MPa
43258_Q7,E_double_dash_0_degree_celcius,8.29,MPa
43258_Q8,E_double_dash_0_degree_celcius,6.96,MPa
43258_Q1,E_dash_23_degree_celcius,24.87,MPa
43258_Q2,E_dash_23_degree_celcius,20.41,MPa
43258_Q3,E_dash_23_degree_celcius,15.7,MPa
43258_Q4,E_dash_23_degree_celcius,14.92,MPa
43258_Q5,E_dash_23_degree_celcius,19.68,MPa
43258_Q6,E_dash_23_degree_celcius,17.94,MPa
43258_Q7,E_dash_23_degree_celcius,18.12,MPa
43258_Q8,E_dash_23_degree_celcius,15.34,MPa
43258_Q1,E_double_dash_23_degree_celcius,4.11,MPa
43258_Q2,E_double_dash_23_degree_celcius,3.38,MPa
43258_Q3,E_double_dash_23_degree_celcius,2.46,MPa
43258_Q4,E_double_dash_23_degree_celcius,2.32,MPa
43258_Q5,E_double_dash_23_degree_celcius,3.25,MPa
43258_Q6,E_double_dash_23_degree_celcius,2.87,MPa
43258_Q7,E_double_dash_23_degree_celcius,2.99,MPa
43258_Q8,E_double_dash_23_degree_celcius,2.38,MPa
43258_Q1,E_dash_60_degree_celcius,15.12,MPa
43258_Q2,E_dash_60_degree_celcius,12.48,MPa
43258_Q3,E_dash_60_degree_celcius,9.72,MPa
43258_Q4,E_dash_60_degree_celcius,9.31,MPa
43258_Q5,E_dash_60_degree_celcius,11.81,MPa
43258_Q6,E_dash_60_degree_celcius,10.87,MPa
43258_Q7,E_dash_60_degree_celcius,11.28,MPa
43258_Q8,E_dash_60_degree_celcius,9.55,MPa
43258_Q1,E_double_dash_60_degree_celcius,1.69,MPa
43258_Q2,E_double_dash_60_degree_celcius,1.32,MPa
43258_Q3,E_double_dash_60_degree_celcius,0.86,MPa
43258_Q4,E_double_dash_60_degree_celcius,0.8,MPa
43258_Q5,E_double_dash_60_degree_celcius,1.18,MPa
43258_Q6,E_double_dash_60_degree_celcius,1.03,MPa
43258_Q7,E_double_dash_60_degree_celcius,1.1,MPa
43258_Q8,E_double_dash_60_degree_celcius,0.84,MPa
43258_Q1,tand d max,0.555,
43258_Q2,tand d max,0.585,
43258_Q3,tand d max,0.623,
43258_Q4,tand d max,0.619,
43258_Q5,tand d max,0.587,
43258_Q6,tand d max,0.596,
43258_Q7,tand d max,0.599,
43258_Q8,tand d max,0.612,
43258_Q1,Temperatur tan d max,-27.3,[°C]
43258_Q2,Temperatur tan d max,-26.3,[°C]
43258_Q3,Temperatur tan d max,-24.3,[°C]
43258_Q4,Temperatur tan d max,-25.3,[°C]
43258_Q5,Temperatur tan d max,-26.3,[°C]
43258_Q6,Temperatur tan d max,-25.3,[°C]
43258_Q7,Temperatur tan d max,-26.2,[°C]
43258_Q8,Temperatur tan d max,-25.3,[°C]
43258_Q1,ElasticModulus_G_dash_zero_point_five_percent_1_Messung,3.38,MPa
43258_Q2,ElasticModulus_G_dash_zero_point_five_percent_1_Messung,3.91,MPa
43258_Q3,ElasticModulus_G_dash_zero_point_five_percent_1_Messung,2.84,MPa
43258_Q4,ElasticModulus_G_dash_zero_point_five_percent_1_Messung,3.06,MPa
43258_Q5,ElasticModulus_G_dash_zero_point_five_percent_1_Messung,4.27,MPa
43258_Q6,ElasticModulus_G_dash_zero_point_five_percent_1_Messung,3.29,MPa
43258_Q7,ElasticModulus_G_dash_zero_point_five_percent_1_Messung,3.33,MPa
43258_Q8,ElasticModulus_G_dash_zero_point_five_percent_1_Messung,3.11,MPa
43258_Q1,ElasticModulus_G_dash_15_percent_1_Messung,1.42,MPa
43258_Q2,ElasticModulus_G_dash_15_percent_1_Messung,1.51,MPa
43258_Q3,ElasticModulus_G_dash_15_percent_1_Messung,1.33,MPa
43258_Q4,ElasticModulus_G_dash_15_percent_1_Messung,1.38,MPa
43258_Q5,ElasticModulus_G_dash_15_percent_1_Messung,1.59,MPa
43258_Q6,ElasticModulus_G_dash_15_percent_1_Messung,1.42,MPa
43258_Q7,ElasticModulus_G_dash_15_percent_1_Messung,1.43,MPa
43258_Q8,ElasticModulus_G_dash_15_percent_1_Messung,1.38,MPa
43258_Q1,tan_d_7_percent_1_Messung,0.172,MPa
43258_Q2,tan_d_7_percent_1_Messung,0.177,MPa
43258_Q3,tan_d_7_percent_1_Messung,0.155,MPa
43258_Q4,tan_d_7_percent_1_Messung,0.159,MPa
43258_Q5,tan_d_7_percent_1_Messung,0.181,MPa
43258_Q6,tan_d_7_percent_1_Messung,0.167,MPa
43258_Q7,tan_d_7_percent_1_Messung,0.167,MPa
43258_Q8,tan_d_7_percent_1_Messung,0.165,MPa
43258_Q1,LossModulus_Gdouble_dash(max),0.37,MPa
43258_Q2,LossModulus_Gdouble_dash(max),0.43,MPa
43258_Q3,LossModulus_Gdouble_dash(max),0.29,MPa
43258_Q4,LossModulus_Gdouble_dash(max),0.32,MPa
43258_Q5,LossModulus_Gdouble_dash(max),0.47,MPa
43258_Q6,LossModulus_Gdouble_dash(max),0.35,MPa
43258_Q7,LossModulus_Gdouble_dash(max),0.36,MPa
43258_Q8,LossModulus_Gdouble_dash(max),0.33,MPa
43311_Q1,ML 1+1,80.93,ME
43311_Q2,ML 1+1,73.22,ME
43311_Q3,ML 1+1,81.72,ME
43311_Q4,ML 1+1,77.91,ME
43311_Q5,ML 1+1,80.39,ME
43311_Q6,ML 1+1,73.95,ME
43311_Q7,ML 1+1,76.38,ME
43311_Q8,ML 1+1,80.13,ME
43311_Q1,ML 1+4,66.94,ME
43311_Q2,ML 1+4,61.62,ME
43311_Q3,ML 1+4,68.66,ME
43311_Q4,ML 1+4,64.55,ME
43311_Q5,ML 1+4,66.42,ME
43311_Q6,ML 1+4,62.75,ME
43311_Q7,ML 1+4,64.3,ME
43311_Q8,ML 1+4,65.95,ME
43311_Q1,MSR,0.358,log(ME)/log(s)
43311_Q2,MSR,0.415,log(ME)/log(s)
43311_Q3,MSR,0.381,log(ME)/log(s)
43311_Q4,MSR,0.368,log(ME)/log(s)
43311_Q5,MSR,0.357,log(ME)/log(s)
43311_Q6,MSR,0.407,log(ME)/log(s)
43311_Q7,MSR,0.402,log(ME)/log(s)
43311_Q8,MSR,0.361,log(ME)/log(s)
43311_Q1,Umsatzzeit 90percent,788.76,[sec]
43311_Q2,Umsatzzeit 90percent,871.17,[sec]
43311_Q3,Umsatzzeit 90percent,873.36,[sec]
43311_Q4,Umsatzzeit 90percent,874.44,[sec]
43311_Q5,Umsatzzeit 90percent,857.94,[sec]
43311_Q6,Umsatzzeit 90percent,923.76,[sec]
43311_Q7,Umsatzzeit 90percent,845.04,[sec]
43311_Q8,Umsatzzeit 90percent,841.11,[sec]
43311_Q1,S_dash bei 90percent Umsatz,17.65,dNm
43311_Q2,S_dash bei 90percent Umsatz,17.03,dNm
43311_Q3,S_dash bei 90percent Umsatz,17.35,dNm
43311_Q4,S_dash bei 90percent Umsatz,16.96,dNm
43311_Q5,S_dash bei 90percent Umsatz,17.18,dNm
43311_Q6,S_dash bei 90percent Umsatz,17.14,dNm
43311_Q7,S_dash bei 90percent Umsatz,17.67,dNm
43311_Q8,S_dash bei 90percent Umsatz,17.37,dNm
43311_Q1,Massedruck_1,30.9,bar
43311_Q2,Massedruck_1,30.0,bar
43311_Q3,Massedruck_1,33.35,bar
43311_Q4,Massedruck_1,31.6,bar
43311_Q5,Massedruck_1,32.05,bar
43311_Q6,Massedruck_1,28.0,bar
43311_Q7,Massedruck_1,30.75,bar
43311_Q8,Massedruck_1,32.25,bar
43311_Q1,Massedruck_2,37.5,bar
43311_Q2,Massedruck_2,36.95,bar
43311_Q3,Massedruck_2,39.8,bar
43311_Q4,Massedruck_2,38.15,bar
43311_Q5,Massedruck_2,38.8,bar
43311_Q6,Massedruck_2,38.25,bar
43311_Q7,Massedruck_2,38.35,bar
43311_Q8,Massedruck_2,38.9,bar
43311_Q1,Quellung Hausmethode K10_1,32.29,percent
43311_Q2,Quellung Hausmethode K10_1,30.28,percent
43311_Q3,Quellung Hausmethode K10_1,32.09,percent
43311_Q4,Quellung Hausmethode K10_1,29.67,percent
43311_Q5,Quellung Hausmethode K10_1,32.49,percent
43311_Q6,Quellung Hausmethode K10_1,30.08,percent
43311_Q7,Quellung Hausmethode K10_1,30.68,percent
43311_Q8,Quellung Hausmethode K10_1,33.87,percent
43311_Q1,Quellung Hausmethode K10_2,37.18,percent
43311_Q2,Quellung Hausmethode K10_2,33.48,percent
43311_Q3,Quellung Hausmethode K10_2,36.21,percent
43311_Q4,Quellung Hausmethode K10_2,35.83,percent
43311_Q5,Quellung Hausmethode K10_2,35.44,percent
43311_Q6,Quellung Hausmethode K10_2,34.46,percent
43311_Q7,Quellung Hausmethode K10_2,35.24,percent
43311_Q8,Quellung Hausmethode K10_2,35.24,percent
43311_Q1,Masse pro Messzeit_1,10.08,g
43311_Q2,Masse pro Messzeit_1,11.1,g
43311_Q3,Masse pro Messzeit_1,10.5,g
43311_Q4,Masse pro Messzeit_1,10.58,g
43311_Q5,Masse pro Messzeit_1,10.58,g
43311_Q6,Masse pro Messzeit_1,10.84,g
43311_Q7,Masse pro Messzeit_1,11.1,g
43311_Q8,Masse pro Messzeit_1,10.56,g
43311_Q1,Masse pro Messzeit_2,35.18,g
43311_Q2,Masse pro Messzeit_2,36.4,g
43311_Q3,Masse pro Messzeit_2,35.14,g
43311_Q4,Masse pro Messzeit_2,35.7,g
43311_Q5,Masse pro Messzeit_2,36.48,g
43311_Q6,Masse pro Messzeit_2,36.66,g
43311_Q7,Masse pro Messzeit_2,36.5,g
43311_Q8,Masse pro Messzeit_2,35.78,g
43311_Q1,Hardness_mean_value,64.37,Shore A
43311_Q2,Hardness_mean_value,64.47,Shore A
43311_Q3,Hardness_mean_value,64.4,Shore A
43311_Q4,Hardness_mean_value,63.37,Shore A
43311_Q5,Hardness_mean_value,64.33,Shore A
43311_Q6,Hardness_mean_value,64.73,Shore A
43311_Q7,Hardness_mean_value,65.03,Shore A
43311_Q8,Hardness_mean_value,63.5,Shore A
43311_Q1,Rebound_mean_value_1,36.87,percent
43311_Q2,Rebound_mean_value_1,38.6,percent
43311_Q3,Rebound_mean_value_1,37.8,percent
43311_Q4,Rebound_mean_value_1,36.6,percent
43311_Q5,Rebound_mean_value_1,37.4,percent
43311_Q6,Rebound_mean_value_1,38.53,percent
43311_Q7,Rebound_mean_value_1,37.8,percent
43311_Q8,Rebound_mean_value_1,37.53,percent
43311_Q1,Rebound_mean_value_2,58.5,percent
43311_Q2,Rebound_mean_value_2,58.5,percent
43311_Q3,Rebound_mean_value_2,57.5,percent
43311_Q4,Rebound_mean_value_2,59.5,percent
43311_Q5,Rebound_mean_value_2,58.5,percent
43311_Q6,Rebound_mean_value_2,58.5,percent
43311_Q7,Rebound_mean_value_2,57.0,percent
43311_Q8,Rebound_mean_value_2,58.5,percent
43311_Q1,Rebound_mean_value_3,60.5,percent
43311_Q2,Rebound_mean_value_3,60.5,percent
43311_Q3,Rebound_mean_value_3,61.5,percent
43311_Q4,Rebound_mean_value_3,63.5,percent
43311_Q5,Rebound_mean_value_3,60.5,percent
43311_Q6,Rebound_mean_value_3,60.5,percent
43311_Q7,Rebound_mean_value_3,60.0,percent
43311_Q8,Rebound_mean_value_3,62.5,percent
43311_Q1,S50,1.4,MPa
43311_Q2,S50,1.4,MPa
43311_Q3,S50,1.3,MPa
43311_Q4,S50,1.3,MPa
43311_Q5,S50,1.3,MPa
43311_Q6,S50,1.3,MPa
43311_Q7,S50,1.3,MPa
43311_Q8,S50,1.3,MPa
43311_Q1,S100,2.5,MPa
43311_Q2,S100,2.5,MPa
43311_Q3,S100,2.4,MPa
43311_Q4,S100,2.4,MPa
43311_Q5,S100,2.5,MPa
43311_Q6,S100,2.3,MPa
43311_Q7,S100,2.4,MPa
43311_Q8,S100,2.3,MPa
43311_Q1,S300,14.2,MPa
43311_Q2,S300,13.4,MPa
43311_Q3,S300,13.8,MPa
43311_Q4,S300,14.0,MPa
43311_Q5,S300,14.6,MPa
43311_Q6,S300,12.7,MPa
43311_Q7,S300,13.4,MPa
43311_Q8,S300,13.9,MPa
43311_Q1,D Median,371.0,percent
43311_Q2,D Median,418.0,percent
43311_Q3,D Median,418.0,percent
43311_Q4,D Median,406.0,percent
43311_Q5,D Median,358.0,percent
43311_Q6,D Median,431.0,percent
43311_Q7,D Median,407.0,percent
43311_Q8,D Median,406.0,percent
43311_Q1,F Median,19.1,MPa
43311_Q2,F Median,20.9,MPa
43311_Q3,F Median,21.4,MPa
43311_Q4,F Median,21.4,MPa
43311_Q5,F Median,18.6,MPa
43311_Q6,F Median,20.7,MPa
43311_Q7,F Median,20.0,MPa
43311_Q8,F Median,21.4,MPa
43311_Q1,E_dash_0_degree_celcius,27.29,MPa
43311_Q2,E_dash_0_degree_celcius,26.99,MPa
43311_Q3,E_dash_0_degree_celcius,25.86,MPa
43311_Q4,E_dash_0_degree_celcius,23.19,MPa
43311_Q5,E_dash_0_degree_celcius,24.68,MPa
43311_Q6,E_dash_0_degree_celcius,24.57,MPa
43311_Q7,E_dash_0_degree_celcius,27.36,MPa
43311_Q8,E_dash_0_degree_celcius,27.12,MPa
43311_Q1,E_double_dash_0_degree_celcius,8.3,MPa
43311_Q2,E_double_dash_0_degree_celcius,7.09,MPa
43311_Q3,E_double_dash_0_degree_celcius,7.36,MPa
43311_Q4,E_double_dash_0_degree_celcius,7.33,MPa
43311_Q5,E_double_dash_0_degree_celcius,7.49,MPa
43311_Q6,E_double_dash_0_degree_celcius,6.86,MPa
43311_Q7,E_double_dash_0_degree_celcius,7.96,MPa
43311_Q8,E_double_dash_0_degree_celcius,8.19,MPa
43311_Q1,E_dash_23_degree_celcius,15.16,MPa
43311_Q2,E_dash_23_degree_celcius,15.69,MPa
43311_Q3,E_dash_23_degree_celcius,14.73,MPa
43311_Q4,E_dash_23_degree_celcius,12.78,MPa
43311_Q5,E_dash_23_degree_celcius,13.79,MPa
43311_Q6,E_dash_23_degree_celcius,14.36,MPa
43311_Q7,E_dash_23_degree_celcius,15.52,MPa
43311_Q8,E_dash_23_degree_celcius,15.04,MPa
43311_Q1,E_double_dash_23_degree_celcius,2.55,MPa
43311_Q2,E_double_dash_23_degree_celcius,2.47,MPa
43311_Q3,E_double_dash_23_degree_celcius,2.39,MPa
43311_Q4,E_double_dash_23_degree_celcius,2.13,MPa
43311_Q5,E_double_dash_23_degree_celcius,2.26,MPa
43311_Q6,E_double_dash_23_degree_celcius,2.3,MPa
43311_Q7,E_double_dash_23_degree_celcius,2.61,MPa
43311_Q8,E_double_dash_23_degree_celcius,2.54,MPa
43311_Q1,E_dash_60_degree_celcius,9.44,MPa
43311_Q2,E_dash_60_degree_celcius,9.81,MPa
43311_Q3,E_dash_60_degree_celcius,9.23,MPa
43311_Q4,E_dash_60_degree_celcius,8.11,MPa
43311_Q5,E_dash_60_degree_celcius,8.51,MPa
43311_Q6,E_dash_60_degree_celcius,8.96,MPa
43311_Q7,E_dash_60_degree_celcius,9.88,MPa
43311_Q8,E_dash_60_degree_celcius,9.49,MPa
43311_Q1,E_double_dash_60_degree_celcius,0.87,MPa
43311_Q2,E_double_dash_60_degree_celcius,0.9,MPa
43311_Q3,E_double_dash_60_degree_celcius,0.8,MPa
43311_Q4,E_double_dash_60_degree_celcius,0.69,MPa
43311_Q5,E_double_dash_60_degree_celcius,0.76,MPa
43311_Q6,E_double_dash_60_degree_celcius,0.82,MPa
43311_Q7,E_double_dash_60_degree_celcius,0.96,MPa
43311_Q8,E_double_dash_60_degree_celcius,0.86,MPa
43311_Q1,tand d max,0.622,
43311_Q2,tand d max,0.59,
43311_Q3,tand d max,0.599,
43311_Q4,tand d max,0.64,
43311_Q5,tand d max,0.625,
43311_Q6,tand d max,0.621,
43311_Q7,tand d max,0.594,
43311_Q8,tand d max,0.602,
43311_Q1,Temperatur tan d max,-23.2,[°C]
43311_Q2,Temperatur tan d max,-26.2,[°C]
43311_Q3,Temperatur tan d max,-24.3,[°C]
43311_Q4,Temperatur tan d max,-22.2,[°C]
43311_Q5,Temperatur tan d max,-23.3,[°C]
43311_Q6,Temperatur tan d max,-25.2,[°C]
43311_Q7,Temperatur tan d max,-24.3,[°C]
43311_Q8,Temperatur tan d max,-22.3,[°C]
43311_Q1,ElasticModulus_G_dash_zero_point_five_percent_1_Messung,2.69,MPa
43311_Q2,ElasticModulus_G_dash_zero_point_five_percent_1_Messung,2.94,MPa
43311_Q3,ElasticModulus_G_dash_zero_point_five_percent_1_Messung,3.32,MPa
43311_Q4,ElasticModulus_G_dash_zero_point_five_percent_1_Messung,2.63,MPa
43311_Q5,ElasticModulus_G_dash_zero_point_five_percent_1_Messung,2.62,MPa
43311_Q6,ElasticModulus_G_dash_zero_point_five_percent_1_Messung,3.0,MPa
43311_Q7,ElasticModulus_G_dash_zero_point_five_percent_1_Messung,3.36,MPa
43311_Q8,ElasticModulus_G_dash_zero_point_five_percent_1_Messung,3.01,MPa
43311_Q1,ElasticModulus_G_dash_15_percent_1_Messung,1.3,MPa
43311_Q2,ElasticModulus_G_dash_15_percent_1_Messung,1.29,MPa
43311_Q3,ElasticModulus_G_dash_15_percent_1_Messung,1.36,MPa
43311_Q4,ElasticModulus_G_dash_15_percent_1_Messung,1.24,MPa
43311_Q5,ElasticModulus_G_dash_15_percent_1_Messung,1.26,MPa
43311_Q6,ElasticModulus_G_dash_15_percent_1_Messung,1.29,MPa
43311_Q7,ElasticModulus_G_dash_15_percent_1_Messung,1.38,MPa
43311_Q8,ElasticModulus_G_dash_15_percent_1_Messung,1.34,MPa
43311_Q1,tan_d_7_percent_1_Messung,0.147,MPa
43311_Q2,tan_d_7_percent_1_Messung,0.158,MPa
43311_Q3,tan_d_7_percent_1_Messung,0.163,MPa
43311_Q4,tan_d_7_percent_1_Messung,0.151,MPa
43311_Q5,tan_d_7_percent_1_Messung,0.152,MPa
43311_Q6,tan_d_7_percent_1_Messung,0.168,MPa
43311_Q7,tan_d_7_percent_1_Messung,0.164,MPa
43311_Q8,tan_d_7_percent_1_Messung,0.16,MPa
43311_Q1,LossModulus_Gdouble_dash(max),0.27,MPa
43311_Q2,LossModulus_Gdouble_dash(max),0.31,MPa
43311_Q3,LossModulus_Gdouble_dash(max),0.36,MPa
43311_Q4,LossModulus_Gdouble_dash(max),0.28,MPa
43311_Q5,LossModulus_Gdouble_dash(max),0.28,MPa
43311_Q6,LossModulus_Gdouble_dash(max),0.34,MPa
43311_Q7,LossModulus_Gdouble_dash(max),0.37,MPa
43311_Q8,LossModulus_Gdouble_dash(max),0.33,MPa
43434_Q1,ML 1+1,80.09,ME
43434_Q2,ML 1+1,76.48,ME
43434_Q3,ML 1+1,78.02,ME
43434_Q4,ML 1+1,77.8,ME
43434_Q5,ML 1+1,78.72,ME
43434_Q6,ML 1+1,79.17,ME
43434_Q7,ML 1+1,79.66,ME
43434_Q8,ML 1+1,81.49,ME
43434_Q1,ML 1+4,67.66,ME
43434_Q2,ML 1+4,64.98,ME
43434_Q3,ML 1+4,65.7,ME
43434_Q4,ML 1+4,65.13,ME
43434_Q5,ML 1+4,65.84,ME
43434_Q6,ML 1+4,65.63,ME
43434_Q7,ML 1+4,66.63,ME
43434_Q8,ML 1+4,67.75,ME
43434_Q1,MSR,0.362,log(ME)/log(s)
43434_Q2,MSR,0.374,log(ME)/log(s)
43434_Q3,MSR,0.371,log(ME)/log(s)
43434_Q4,MSR,0.372,log(ME)/log(s)
43434_Q5,MSR,0.367,log(ME)/log(s)
43434_Q6,MSR,0.367,log(ME)/log(s)
43434_Q7,MSR,0.364,log(ME)/log(s)
43434_Q8,MSR,0.359,log(ME)/log(s)
43434_Q1,Umsatzzeit 90percent,1051.59,[sec]
43434_Q2,Umsatzzeit 90percent,1009.86,[sec]
43434_Q3,Umsatzzeit 90percent,990.36,[sec]
43434_Q4,Umsatzzeit 90percent,984.84,[sec]
43434_Q5,Umsatzzeit 90percent,1030.2,[sec]
43434_Q6,Umsatzzeit 90percent,1030.68,[sec]
43434_Q7,Umsatzzeit 90percent,1197.72,[sec]
43434_Q8,Umsatzzeit 90percent,963.54,[sec]
43434_Q1,S_dash bei 90percent Umsatz,16.54,dNm
43434_Q2,S_dash bei 90percent Umsatz,16.74,dNm
43434_Q3,S_dash bei 90percent Umsatz,16.93,dNm
43434_Q4,S_dash bei 90percent Umsatz,16.76,dNm
43434_Q5,S_dash bei 90percent Umsatz,17.14,dNm
43434_Q6,S_dash bei 90percent Umsatz,16.59,dNm
43434_Q7,S_dash bei 90percent Umsatz,16.24,dNm
43434_Q8,S_dash bei 90percent Umsatz,17.06,dNm
43434_Q1,Hardness_mean_value,64.47,Shore A
43434_Q2,Hardness_mean_value,63.77,Shore A
43434_Q3,Hardness_mean_value,63.5,Shore A
43434_Q4,Hardness_mean_value,64.67,Shore A
43434_Q5,Hardness_mean_value,64.3,Shore A
43434_Q6,Hardness_mean_value,63.6,Shore A
43434_Q7,Hardness_mean_value,63.37,Shore A
43434_Q8,Hardness_mean_value,63.43,Shore A
43434_Q1,Rebound_mean_value_1,36.6,percent
43434_Q2,Rebound_mean_value_1,35.8,percent
43434_Q3,Rebound_mean_value_1,34.93,percent
43434_Q4,Rebound_mean_value_1,35.67,percent
43434_Q5,Rebound_mean_value_1,35.4,percent
43434_Q6,Rebound_mean_value_1,35.8,percent
43434_Q7,Rebound_mean_value_1,36.2,percent
43434_Q8,Rebound_mean_value_1,36.53,percent
43434_Q1,Rebound_mean_value_2,58.5,percent
43434_Q2,Rebound_mean_value_2,60.0,percent
43434_Q3,Rebound_mean_value_2,60.5,percent
43434_Q4,Rebound_mean_value_2,60.0,percent
43434_Q5,Rebound_mean_value_2,60.0,percent
43434_Q6,Rebound_mean_value_2,60.5,percent
43434_Q7,Rebound_mean_value_2,59.5,percent
43434_Q8,Rebound_mean_value_2,59.5,percent
43434_Q1,Rebound_mean_value_3,62.5,percent
43434_Q2,Rebound_mean_value_3,63.0,percent
43434_Q3,Rebound_mean_value_3,62.5,percent
43434_Q4,Rebound_mean_value_3,61.5,percent
43434_Q5,Rebound_mean_value_3,63.0,percent
43434_Q6,Rebound_mean_value_3,63.5,percent
43434_Q7,Rebound_mean_value_3,61.5,percent
43434_Q8,Rebound_mean_value_3,62.0,percent
43434_Q1,S50,1.4,MPa
43434_Q2,S50,1.4,MPa
43434_Q3,S50,1.4,MPa
43434_Q4,S50,1.4,MPa
43434_Q5,S50,1.4,MPa
43434_Q6,S50,1.4,MPa
43434_Q7,S50,1.5,MPa
43434_Q8,S50,1.4,MPa
43434_Q1,S100,2.6,MPa
43434_Q2,S100,2.7,MPa
43434_Q3,S100,2.7,MPa
43434_Q4,S100,2.7,MPa
43434_Q5,S100,2.6,MPa
43434_Q6,S100,2.6,MPa
43434_Q7,S100,2.7,MPa
43434_Q8,S100,2.7,MPa
43434_Q1,S300,15.6,MPa
43434_Q2,S300,15.7,MPa
43434_Q3,S300,15.4,MPa
43434_Q4,S300,15.4,MPa
43434_Q5,S300,15.1,MPa
43434_Q6,S300,15.3,MPa
43434_Q7,S300,14.9,MPa
43434_Q8,S300,15.3,MPa
43434_Q1,D Median,334.0,percent
43434_Q2,D Median,363.0,percent
43434_Q3,D Median,359.0,percent
43434_Q4,D Median,345.0,percent
43434_Q5,D Median,357.0,percent
43434_Q6,D Median,329.0,percent
43434_Q7,D Median,348.0,percent
43434_Q8,D Median,348.0,percent
43434_Q1,F Median,18.6,MPa
43434_Q2,F Median,20.8,MPa
43434_Q3,F Median,19.9,MPa
43434_Q4,F Median,18.5,MPa
43434_Q5,F Median,19.6,MPa
43434_Q6,F Median,17.7,MPa
43434_Q7,F Median,18.2,MPa
43434_Q8,F Median,18.9,MPa
43434_Q1,E_dash_0_degree_celcius,25.47,MPa
43434_Q2,E_dash_0_degree_celcius,27.55,MPa
43434_Q3,E_dash_0_degree_celcius,32.42,MPa
43434_Q4,E_dash_0_degree_celcius,27.81,MPa
43434_Q5,E_dash_0_degree_celcius,25.96,MPa
43434_Q6,E_dash_0_degree_celcius,25.59,MPa
43434_Q7,E_dash_0_degree_celcius,31.21,MPa
43434_Q8,E_dash_0_degree_celcius,26.84,MPa
43434_Q1,E_double_dash_0_degree_celcius,7.55,MPa
43434_Q2,E_double_dash_0_degree_celcius,8.67,MPa
43434_Q3,E_double_dash_0_degree_celcius,9.45,MPa
43434_Q4,E_double_dash_0_degree_celcius,8.64,MPa
43434_Q5,E_double_dash_0_degree_celcius,8.03,MPa
43434_Q6,E_double_dash_0_degree_celcius,8.06,MPa
43434_Q7,E_double_dash_0_degree_celcius,9.0,MPa
43434_Q8,E_double_dash_0_degree_celcius,8.12,MPa
43434_Q1,E_dash_23_degree_celcius,14.04,MPa
43434_Q2,E_dash_23_degree_celcius,14.91,MPa
43434_Q3,E_dash_23_degree_celcius,17.84,MPa
43434_Q4,E_dash_23_degree_celcius,14.85,MPa
43434_Q5,E_dash_23_degree_celcius,14.13,MPa
43434_Q6,E_dash_23_degree_celcius,13.84,MPa
43434_Q7,E_dash_23_degree_celcius,17.11,MPa
43434_Q8,E_dash_23_degree_celcius,14.74,MPa
43434_Q1,E_double_dash_23_degree_celcius,2.33,MPa
43434_Q2,E_double_dash_23_degree_celcius,2.62,MPa
43434_Q3,E_double_dash_23_degree_celcius,3.01,MPa
43434_Q4,E_double_dash_23_degree_celcius,2.61,MPa
43434_Q5,E_double_dash_23_degree_celcius,2.41,MPa
43434_Q6,E_double_dash_23_degree_celcius,2.4,MPa
43434_Q7,E_double_dash_23_degree_celcius,2.86,MPa
43434_Q8,E_double_dash_23_degree_celcius,2.52,MPa
43434_Q1,E_dash_60_degree_celcius,8.7,MPa
43434_Q2,E_dash_60_degree_celcius,9.14,MPa
43434_Q3,E_dash_60_degree_celcius,10.72,MPa
43434_Q4,E_dash_60_degree_celcius,9.04,MPa
43434_Q5,E_dash_60_degree_celcius,8.68,MPa
43434_Q6,E_dash_60_degree_celcius,8.43,MPa
43434_Q7,E_dash_60_degree_celcius,10.36,MPa
43434_Q8,E_dash_60_degree_celcius,9.08,MPa
43434_Q1,E_double_dash_60_degree_celcius,0.74,MPa
43434_Q2,E_double_dash_60_degree_celcius,0.85,MPa
43434_Q3,E_double_dash_60_degree_celcius,0.98,MPa
43434_Q4,E_double_dash_60_degree_celcius,0.86,MPa
43434_Q5,E_double_dash_60_degree_celcius,0.77,MPa
43434_Q6,E_double_dash_60_degree_celcius,0.74,MPa
43434_Q7,E_double_dash_60_degree_celcius,0.94,MPa
43434_Q8,E_double_dash_60_degree_celcius,0.8,MPa
43434_Q1,tand d max,0.595,
43434_Q2,tand d max,0.595,
43434_Q3,tand d max,0.566,
43434_Q4,tand d max,0.596,
43434_Q5,tand d max,0.598,
43434_Q6,tand d max,0.601,
43434_Q7,tand d max,0.565,
43434_Q8,tand d max,0.591,
43434_Q1,Temperatur tan d max,-23.3,[°C]
43434_Q2,Temperatur tan d max,-22.2,[°C]
43434_Q3,Temperatur tan d max,-22.3,[°C]
43434_Q4,Temperatur tan d max,-22.3,[°C]
43434_Q5,Temperatur tan d max,-22.3,[°C]
43434_Q6,Temperatur tan d max,-22.3,[°C]
43434_Q7,Temperatur tan d max,-22.3,[°C]
43434_Q8,Temperatur tan d max,-22.2,[°C]
43434_Q1,ElasticModulus_G_dash_zero_point_five_percent_1_Messung,2.75,MPa
43434_Q2,ElasticModulus_G_dash_zero_point_five_percent_1_Messung,2.72,MPa
43434_Q3,ElasticModulus_G_dash_zero_point_five_percent_1_Messung,2.89,MPa
43434_Q4,ElasticModulus_G_dash_zero_point_five_percent_1_Messung,2.73,MPa
43434_Q5,ElasticModulus_G_dash_zero_point_five_percent_1_Messung,2.55,MPa
43434_Q6,ElasticModulus_G_dash_zero_point_five_percent_1_Messung,2.6,MPa
43434_Q7,ElasticModulus_G_dash_zero_point_five_percent_1_Messung,2.91,MPa
43434_Q8,ElasticModulus_G_dash_zero_point_five_percent_1_Messung,2.81,MPa
43434_Q1,ElasticModulus_G_dash_15_percent_1_Messung,1.3,MPa
43434_Q2,ElasticModulus_G_dash_15_percent_1_Messung,1.3,MPa
43434_Q3,ElasticModulus_G_dash_15_percent_1_Messung,1.32,MPa
43434_Q4,ElasticModulus_G_dash_15_percent_1_Messung,1.29,MPa
43434_Q5,ElasticModulus_G_dash_15_percent_1_Messung,1.28,MPa
43434_Q6,ElasticModulus_G_dash_15_percent_1_Messung,1.27,MPa
43434_Q7,ElasticModulus_G_dash_15_percent_1_Messung,1.33,MPa
43434_Q8,ElasticModulus_G_dash_15_percent_1_Messung,1.3,MPa
43434_Q1,tan_d_7_percent_1_Messung,0.152,MPa
43434_Q2,tan_d_7_percent_1_Messung,0.15,MPa
43434_Q3,tan_d_7_percent_1_Messung,0.159,MPa
43434_Q4,tan_d_7_percent_1_Messung,0.156,MPa
43434_Q5,tan_d_7_percent_1_Messung,0.145,MPa
43434_Q6,tan_d_7_percent_1_Messung,0.151,MPa
43434_Q7,tan_d_7_percent_1_Messung,0.155,MPa
43434_Q8,tan_d_7_percent_1_Messung,0.154,MPa
43434_Q1,LossModulus_Gdouble_dash(max),0.3,MPa
43434_Q2,LossModulus_Gdouble_dash(max),0.3,MPa
43434_Q3,LossModulus_Gdouble_dash(max),0.33,MPa
43434_Q4,LossModulus_Gdouble_dash(max),0.31,MPa
43434_Q5,LossModulus_Gdouble_dash(max),0.27,MPa
43434_Q6,LossModulus_Gdouble_dash(max),0.29,MPa
43434_Q7,LossModulus_Gdouble_dash(max),0.32,MPa
43434_Q8,LossModulus_Gdouble_dash(max),0.31,MPa
43855_Q1,ML 1+1,70.81,ME
43855_Q2,ML 1+1,70.74,ME
43855_Q3,ML 1+1,78.85,ME
43855_Q4,ML 1+1,73.17,ME
43855_Q5,ML 1+1,74.4,ME
43855_Q6,ML 1+1,79.04,ME
43855_Q7,ML 1+1,73.78,ME
43855_Q8,ML 1+1,73.03,ME
43855_Q1,ML 1+4,62.52,ME
43855_Q2,ML 1+4,62.17,ME
43855_Q3,ML 1+4,64.0,ME
43855_Q4,ML 1+4,63.92,ME
43855_Q5,ML 1+4,65.11,ME
43855_Q6,ML 1+4,64.72,ME
43855_Q7,ML 1+4,64.08,ME
43855_Q8,ML 1+4,63.56,ME
43855_Q1,MSR,0.462,log(ME)/log(s)
43855_Q2,MSR,0.465,log(ME)/log(s)
43855_Q3,MSR,0.427,log(ME)/log(s)
43855_Q4,MSR,0.452,log(ME)/log(s)
43855_Q5,MSR,0.459,log(ME)/log(s)
43855_Q6,MSR,0.4,log(ME)/log(s)
43855_Q7,MSR,0.45,log(ME)/log(s)
43855_Q8,MSR,0.453,log(ME)/log(s)
43855_Q1,Umsatzzeit 90percent,773.22,[sec]
43855_Q2,Umsatzzeit 90percent,784.2,[sec]
43855_Q3,Umsatzzeit 90percent,763.71,[sec]
43855_Q4,Umsatzzeit 90percent,786.66,[sec]
43855_Q5,Umsatzzeit 90percent,843.9,[sec]
43855_Q6,Umsatzzeit 90percent,834.99,[sec]
43855_Q7,Umsatzzeit 90percent,768.09,[sec]
43855_Q8,Umsatzzeit 90percent,763.35,[sec]
43855_Q1,S_dash bei 90percent Umsatz,17.59,dNm
43855_Q2,S_dash bei 90percent Umsatz,17.79,dNm
43855_Q3,S_dash bei 90percent Umsatz,17.23,dNm
43855_Q4,S_dash bei 90percent Umsatz,17.29,dNm
43855_Q5,S_dash bei 90percent Umsatz,17.36,dNm
43855_Q6,S_dash bei 90percent Umsatz,17.26,dNm
43855_Q7,S_dash bei 90percent Umsatz,17.44,dNm
43855_Q8,S_dash bei 90percent Umsatz,17.52,dNm
43855_Q1,Hardness_mean_value,63.53,Shore A
43855_Q2,Hardness_mean_value,62.1,Shore A
43855_Q3,Hardness_mean_value,61.57,Shore A
43855_Q4,Hardness_mean_value,62.63,Shore A
43855_Q5,Hardness_mean_value,62.53,Shore A
43855_Q6,Hardness_mean_value,62.43,Shore A
43855_Q7,Hardness_mean_value,62.37,Shore A
43855_Q8,Hardness_mean_value,62.37,Shore A
43855_Q1,Rebound_mean_value_1,39.2,percent
43855_Q2,Rebound_mean_value_1,39.53,percent
43855_Q3,Rebound_mean_value_1,41.2,percent
43855_Q4,Rebound_mean_value_1,40.2,percent
43855_Q5,Rebound_mean_value_1,38.8,percent
43855_Q6,Rebound_mean_value_1,38.87,percent
43855_Q7,Rebound_mean_value_1,39.2,percent
43855_Q8,Rebound_mean_value_1,38.33,percent
43855_Q1,Rebound_mean_value_2,60.5,percent
43855_Q2,Rebound_mean_value_2,58.5,percent
43855_Q3,Rebound_mean_value_2,59.5,percent
43855_Q4,Rebound_mean_value_2,59.5,percent
43855_Q5,Rebound_mean_value_2,61.0,percent
43855_Q6,Rebound_mean_value_2,60.0,percent
43855_Q7,Rebound_mean_value_2,60.5,percent
43855_Q8,Rebound_mean_value_2,59.5,percent
43855_Q1,Rebound_mean_value_3,61.0,percent
43855_Q2,Rebound_mean_value_3,62.5,percent
43855_Q3,Rebound_mean_value_3,62.5,percent
43855_Q4,Rebound_mean_value_3,61.5,percent
43855_Q5,Rebound_mean_value_3,61.5,percent
43855_Q6,Rebound_mean_value_3,62.5,percent
43855_Q7,Rebound_mean_value_3,62.0,percent
43855_Q8,Rebound_mean_value_3,62.5,percent
43855_Q1,S50,1.4,MPa
43855_Q2,S50,1.4,MPa
43855_Q3,S50,1.3,MPa
43855_Q4,S50,1.4,MPa
43855_Q5,S50,1.4,MPa
43855_Q6,S50,1.3,MPa
43855_Q7,S50,1.5,MPa
43855_Q8,S50,1.4,MPa
43855_Q1,S100,2.4,MPa
43855_Q2,S100,2.4,MPa
43855_Q3,S100,2.3,MPa
43855_Q4,S100,2.4,MPa
43855_Q5,S100,2.4,MPa
43855_Q6,S100,2.3,MPa
43855_Q7,S100,2.5,MPa
43855_Q8,S100,2.5,MPa
43855_Q1,S300,12.8,MPa
43855_Q2,S300,13.1,MPa
43855_Q3,S300,12.8,MPa
43855_Q4,S300,12.4,MPa
43855_Q5,S300,12.9,MPa
43855_Q6,S300,13.2,MPa
43855_Q7,S300,12.8,MPa
43855_Q8,S300,12.6,MPa
43855_Q1,D Median,422.0,percent
43855_Q2,D Median,435.0,percent
43855_Q3,D Median,442.0,percent
43855_Q4,D Median,423.0,percent
43855_Q5,D Median,411.0,percent
43855_Q6,D Median,398.0,percent
43855_Q7,D Median,446.0,percent
43855_Q8,D Median,391.0,percent
43855_Q1,F Median,20.8,MPa
43855_Q2,F Median,21.9,MPa
43855_Q3,F Median,21.2,MPa
43855_Q4,F Median,20.0,MPa
43855_Q5,F Median,19.4,MPa
43855_Q6,F Median,19.9,MPa
43855_Q7,F Median,21.8,MPa
43855_Q8,F Median,18.3,MPa
43855_Q1,E_dash_0_degree_celcius,26.04,MPa
43855_Q2,E_dash_0_degree_celcius,31.34,MPa
43855_Q3,E_dash_0_degree_celcius,30.14,MPa
43855_Q4,E_dash_0_degree_celcius,30.72,MPa
43855_Q5,E_dash_0_degree_celcius,30.28,MPa
43855_Q6,E_dash_0_degree_celcius,25.09,MPa
43855_Q7,E_dash_0_degree_celcius,32.28,MPa
43855_Q8,E_dash_0_degree_celcius,35.45,MPa
43855_Q1,E_double_dash_0_degree_celcius,7.3,MPa
43855_Q2,E_double_dash_0_degree_celcius,7.89,MPa
43855_Q3,E_double_dash_0_degree_celcius,7.67,MPa
43855_Q4,E_double_dash_0_degree_celcius,8.2,MPa
43855_Q5,E_double_dash_0_degree_celcius,7.81,MPa
43855_Q6,E_double_dash_0_degree_celcius,7.38,MPa
43855_Q7,E_double_dash_0_degree_celcius,8.47,MPa
43855_Q8,E_double_dash_0_degree_celcius,8.66,MPa
43855_Q1,E_dash_23_degree_celcius,15.3,MPa
43855_Q2,E_dash_23_degree_celcius,18.52,MPa
43855_Q3,E_dash_23_degree_celcius,17.68,MPa
43855_Q4,E_dash_23_degree_celcius,17.96,MPa
43855_Q5,E_dash_23_degree_celcius,17.72,MPa
43855_Q6,E_dash_23_degree_celcius,14.28,MPa
43855_Q7,E_dash_23_degree_celcius,18.85,MPa
43855_Q8,E_dash_23_degree_celcius,20.95,MPa
43855_Q1,E_double_dash_23_degree_celcius,2.43,MPa
43855_Q2,E_double_dash_23_degree_celcius,2.9,MPa
43855_Q3,E_double_dash_23_degree_celcius,2.76,MPa
43855_Q4,E_double_dash_23_degree_celcius,2.9,MPa
43855_Q5,E_double_dash_23_degree_celcius,2.84,MPa
43855_Q6,E_double_dash_23_degree_celcius,2.39,MPa
43855_Q7,E_double_dash_23_degree_celcius,3.07,MPa
43855_Q8,E_double_dash_23_degree_celcius,3.31,MPa
43855_Q1,E_dash_60_degree_celcius,9.64,MPa
43855_Q2,E_dash_60_degree_celcius,11.58,MPa
43855_Q3,E_dash_60_degree_celcius,11.03,MPa
43855_Q4,E_dash_60_degree_celcius,10.99,MPa
43855_Q5,E_dash_60_degree_celcius,11.12,MPa
43855_Q6,E_dash_60_degree_celcius,9.08,MPa
43855_Q7,E_dash_60_degree_celcius,11.67,MPa
43855_Q8,E_dash_60_degree_celcius,12.99,MPa
43855_Q1,E_double_dash_60_degree_celcius,0.85,MPa
43855_Q2,E_double_dash_60_degree_celcius,1.07,MPa
43855_Q3,E_double_dash_60_degree_celcius,1.01,MPa
43855_Q4,E_double_dash_60_degree_celcius,1.06,MPa
43855_Q5,E_double_dash_60_degree_celcius,1.07,MPa
43855_Q6,E_double_dash_60_degree_celcius,0.84,MPa
43855_Q7,E_double_dash_60_degree_celcius,1.13,MPa
43855_Q8,E_double_dash_60_degree_celcius,1.24,MPa
43855_Q1,tand d max,0.621,
43855_Q2,tand d max,0.572,
43855_Q3,tand d max,0.574,
43855_Q4,tand d max,0.584,
43855_Q5,tand d max,0.581,
43855_Q6,tand d max,0.613,
43855_Q7,tand d max,0.579,
43855_Q8,tand d max,0.545,
43855_Q1,Temperatur tan d max,-24.3,[°C]
43855_Q2,Temperatur tan d max,-26.3,[°C]
43855_Q3,Temperatur tan d max,-26.3,[°C]
43855_Q4,Temperatur tan d max,-25.3,[°C]
43855_Q5,Temperatur tan d max,-26.2,[°C]
43855_Q6,Temperatur tan d max,-24.3,[°C]
43855_Q7,Temperatur tan d max,-25.3,[°C]
43855_Q8,Temperatur tan d max,-26.2,[°C]
43855_Q1,ElasticModulus_G_dash_zero_point_five_percent_1_Messung,3.03,MPa
43855_Q2,ElasticModulus_G_dash_zero_point_five_percent_1_Messung,2.85,MPa
43855_Q3,ElasticModulus_G_dash_zero_point_five_percent_1_Messung,2.68,MPa
43855_Q4,ElasticModulus_G_dash_zero_point_five_percent_1_Messung,3.53,MPa
43855_Q5,ElasticModulus_G_dash_zero_point_five_percent_1_Messung,2.96,MPa
43855_Q6,ElasticModulus_G_dash_zero_point_five_percent_1_Messung,2.67,MPa
43855_Q7,ElasticModulus_G_dash_zero_point_five_percent_1_Messung,3.26,MPa
43855_Q8,ElasticModulus_G_dash_zero_point_five_percent_1_Messung,3.31,MPa
43855_Q1,ElasticModulus_G_dash_zero_point_five_percent_1_Messung,3.03,MPa
43855_Q2,ElasticModulus_G_dash_zero_point_five_percent_1_Messung,3.49,MPa
43855_Q3,ElasticModulus_G_dash_zero_point_five_percent_1_Messung,2.78,MPa
43855_Q4,ElasticModulus_G_dash_zero_point_five_percent_1_Messung,3.15,MPa
43855_Q5,ElasticModulus_G_dash_zero_point_five_percent_1_Messung,3.07,MPa
43855_Q6,ElasticModulus_G_dash_zero_point_five_percent_1_Messung,2.66,MPa
43855_Q7,ElasticModulus_G_dash_zero_point_five_percent_1_Messung,3.45,MPa
43855_Q8,ElasticModulus_G_dash_zero_point_five_percent_1_Messung,3.24,MPa
43855_Q1,ElasticModulus_G_dash_15_percent_1_Messung,1.33,MPa
43855_Q2,ElasticModulus_G_dash_15_percent_1_Messung,1.31,MPa
43855_Q3,ElasticModulus_G_dash_15_percent_1_Messung,1.29,MPa
43855_Q4,ElasticModulus_G_dash_15_percent_1_Messung,1.43,MPa
43855_Q5,ElasticModulus_G_dash_15_percent_1_Messung,1.31,MPa
43855_Q6,ElasticModulus_G_dash_15_percent_1_Messung,1.26,MPa
43855_Q7,ElasticModulus_G_dash_15_percent_1_Messung,1.37,MPa
43855_Q8,ElasticModulus_G_dash_15_percent_1_Messung,1.39,MPa
43855_Q1,ElasticModulus_G_dash_15_percent_1_Messung,1.34,MPa
43855_Q2,ElasticModulus_G_dash_15_percent_1_Messung,1.44,MPa
43855_Q3,ElasticModulus_G_dash_15_percent_1_Messung,1.31,MPa
43855_Q4,ElasticModulus_G_dash_15_percent_1_Messung,1.33,MPa
43855_Q5,ElasticModulus_G_dash_15_percent_1_Messung,1.34,MPa
43855_Q6,ElasticModulus_G_dash_15_percent_1_Messung,1.25,MPa
43855_Q7,ElasticModulus_G_dash_15_percent_1_Messung,1.42,MPa
43855_Q8,ElasticModulus_G_dash_15_percent_1_Messung,1.35,MPa
43855_Q1,tan_d_7_percent_1_Messung_1,0.161,MPa
43855_Q2,tan_d_7_percent_1_Messung_1,0.172,MPa
43855_Q3,tan_d_7_percent_1_Messung_1,0.167,MPa
43855_Q4,tan_d_7_percent_1_Messung_1,0.171,MPa
43855_Q5,tan_d_7_percent_1_Messung_1,0.155,MPa
43855_Q6,tan_d_7_percent_1_Messung_1,0.154,MPa
43855_Q7,tan_d_7_percent_1_Messung_1,0.173,MPa
43855_Q8,tan_d_7_percent_1_Messung_1,0.169,MPa
43855_Q1,tan_d_7_percent_1_Messung_2,0.161,MPa
43855_Q2,tan_d_7_percent_1_Messung_2,0.169,MPa
43855_Q3,tan_d_7_percent_1_Messung_2,0.165,MPa
43855_Q4,tan_d_7_percent_1_Messung_2,0.164,MPa
43855_Q5,tan_d_7_percent_1_Messung_2,0.156,MPa
43855_Q6,tan_d_7_percent_1_Messung_2,0.154,MPa
43855_Q7,tan_d_7_percent_1_Messung_2,0.172,MPa
43855_Q8,tan_d_7_percent_1_Messung_2,0.165,MPa
43855_Q1,LossModulus_Gdouble_dash(max)_1,0.34,MPa
43855_Q2,LossModulus_Gdouble_dash(max)_1,0.34,MPa
43855_Q3,LossModulus_Gdouble_dash(max)_1,0.31,MPa
43855_Q4,LossModulus_Gdouble_dash(max)_1,0.41,MPa
43855_Q5,LossModulus_Gdouble_dash(max)_1,0.32,MPa
43855_Q6,LossModulus_Gdouble_dash(max)_1,0.3,MPa
43855_Q7,LossModulus_Gdouble_dash(max)_1,0.38,MPa
43855_Q8,LossModulus_Gdouble_dash(max)_1,0.38,MPa
43855_Q1,LossModulus_Gdouble_dash(max)_2,0.34,MPa
43855_Q2,LossModulus_Gdouble_dash(max)_2,0.41,MPa
43855_Q3,LossModulus_Gdouble_dash(max)_2,0.32,MPa
43855_Q4,LossModulus_Gdouble_dash(max)_2,0.36,MPa
43855_Q5,LossModulus_Gdouble_dash(max)_2,0.34,MPa
43855_Q6,LossModulus_Gdouble_dash(max)_2,0.29,MPa
43855_Q7,LossModulus_Gdouble_dash(max)_2,0.4,MPa
43855_Q8,LossModulus_Gdouble_dash(max)_2,0.37,MPa
44313_Q1,ML 1+1,78.76,ME
44313_Q2,ML 1+1,64.23,ME
44313_Q3,ML 1+1,63.95,ME
44313_Q4,ML 1+1,74.72,ME
44313_Q5,ML 1+1,77.37,ME
44313_Q6,ML 1+1,65.73,ME
44313_Q7,ML 1+1,70.33,ME
44313_Q8,ML 1+1,68.97,ME
44313_Q1,ML 1+4,64.79,ME
44313_Q2,ML 1+4,56.54,ME
44313_Q3,ML 1+4,56.31,ME
44313_Q4,ML 1+4,62.4,ME
44313_Q5,ML 1+4,64.14,ME
44313_Q6,ML 1+4,58.35,ME
44313_Q7,ML 1+4,63.36,ME
44313_Q8,ML 1+4,61.29,ME
44313_Q1,MSR,0.358,log(ME)/log(s)
44313_Q2,MSR,0.456,log(ME)/log(s)
44313_Q3,MSR,0.458,log(ME)/log(s)
44313_Q4,MSR,0.43,log(ME)/log(s)
44313_Q5,MSR,0.359,log(ME)/log(s)
44313_Q6,MSR,0.47,log(ME)/log(s)
44313_Q7,MSR,0.489,log(ME)/log(s)
44313_Q8,MSR,0.474,log(ME)/log(s)
44313_Q1,Umsatzzeit 90percent,857.82,[sec]
44313_Q2,Umsatzzeit 90percent,808.02,[sec]
44313_Q3,Umsatzzeit 90percent,834.78,[sec]
44313_Q4,Umsatzzeit 90percent,767.52,[sec]
44313_Q5,Umsatzzeit 90percent,851.25,[sec]
44313_Q6,Umsatzzeit 90percent,808.92,[sec]
44313_Q7,Umsatzzeit 90percent,857.55,[sec]
44313_Q8,Umsatzzeit 90percent,832.8,[sec]
44313_Q1,S_dash bei 90percent Umsatz,15.69,dNm
44313_Q2,S_dash bei 90percent Umsatz,16.85,dNm
44313_Q3,S_dash bei 90percent Umsatz,16.6,dNm
44313_Q4,S_dash bei 90percent Umsatz,16.61,dNm
44313_Q5,S_dash bei 90percent Umsatz,15.52,dNm
44313_Q6,S_dash bei 90percent Umsatz,16.35,dNm
44313_Q7,S_dash bei 90percent Umsatz,16.05,dNm
44313_Q8,S_dash bei 90percent Umsatz,16.61,dNm
44313_Q1,Hardness_mean_value,61.27,Shore A
44313_Q2,Hardness_mean_value,63.17,Shore A
44313_Q3,Hardness_mean_value,64.23,Shore A
44313_Q4,Hardness_mean_value,62.43,Shore A
44313_Q5,Hardness_mean_value,61.77,Shore A
44313_Q6,Hardness_mean_value,61.0,Shore A
44313_Q7,Hardness_mean_value,62.5,Shore A
44313_Q8,Hardness_mean_value,62.77,Shore A
44313_Q1,Rebound_mean_value_1,60.5,percent
44313_Q2,Rebound_mean_value_1,57.5,percent
44313_Q3,Rebound_mean_value_1,60.0,percent
44313_Q4,Rebound_mean_value_1,61.0,percent
44313_Q5,Rebound_mean_value_1,60.5,percent
44313_Q6,Rebound_mean_value_1,61.0,percent
44313_Q7,Rebound_mean_value_1,62.0,percent
44313_Q8,Rebound_mean_value_1,61.5,percent
44313_Q1,Rebound_mean_value_2,36.87,percent
44313_Q2,Rebound_mean_value_2,37.47,percent
44313_Q3,Rebound_mean_value_2,37.4,percent
44313_Q4,Rebound_mean_value_2,37.93,percent
44313_Q5,Rebound_mean_value_2,37.2,percent
44313_Q6,Rebound_mean_value_2,40.53,percent
44313_Q7,Rebound_mean_value_2,40.07,percent
44313_Q8,Rebound_mean_value_2,39.33,percent
44313_Q1,Rebound_mean_value_3,58.5,percent
44313_Q2,Rebound_mean_value_3,56.5,percent
44313_Q3,Rebound_mean_value_3,56.5,percent
44313_Q4,Rebound_mean_value_3,59.5,percent
44313_Q5,Rebound_mean_value_3,58.5,percent
44313_Q6,Rebound_mean_value_3,58.5,percent
44313_Q7,Rebound_mean_value_3,,percent
44313_Q8,Rebound_mean_value_3,57.5,percent
44313_Q1,S50,1.4,MPa
44313_Q2,S50,1.5,MPa
44313_Q3,S50,1.5,MPa
44313_Q4,S50,1.6,MPa
44313_Q5,S50,1.4,MPa
44313_Q6,S50,1.5,MPa
44313_Q7,S50,1.5,MPa
44313_Q8,S50,1.6,MPa
44313_Q1,S100,2.5,MPa
44313_Q2,S100,2.7,MPa
44313_Q3,S100,2.7,MPa
44313_Q4,S100,2.9,MPa
44313_Q5,S100,2.5,MPa
44313_Q6,S100,2.7,MPa
44313_Q7,S100,2.7,MPa
44313_Q8,S100,2.8,MPa
44313_Q1,S300,13.6,MPa
44313_Q2,S300,13.6,MPa
44313_Q3,S300,13.4,MPa
44313_Q4,S300,14.5,MPa
44313_Q5,S300,14.3,MPa
44313_Q6,S300,13.6,MPa
44313_Q7,S300,13.3,MPa
44313_Q8,S300,13.8,MPa
44313_Q1,D Median,420.0,percent
44313_Q2,D Median,421.0,percent
44313_Q3,D Median,421.0,percent
44313_Q4,D Median,402.0,percent
44313_Q5,D Median,398.0,percent
44313_Q6,D Median,422.0,percent
44313_Q7,D Median,408.0,percent
44313_Q8,D Median,418.0,percent
44313_Q1,F Median,21.7,MPa
44313_Q2,F Median,21.5,MPa
44313_Q3,F Median,21.1,MPa
44313_Q4,F Median,21.4,MPa
44313_Q5,F Median,21.2,MPa
44313_Q6,F Median,21.7,MPa
44313_Q7,F Median,20.2,MPa
44313_Q8,F Median,21.5,MPa
44313_Q1,E_dash_0_degree_celcius,27.42,MPa
44313_Q2,E_dash_0_degree_celcius,34.53,MPa
44313_Q3,E_dash_0_degree_celcius,35.45,MPa
44313_Q4,E_dash_0_degree_celcius,30.0,MPa
44313_Q5,E_dash_0_degree_celcius,24.34,MPa
44313_Q6,E_dash_0_degree_celcius,33.35,MPa
44313_Q7,E_dash_0_degree_celcius,34.53,MPa
44313_Q8,E_dash_0_degree_celcius,33.43,MPa
44313_Q1,E_double_dash_0_degree_celcius,7.93,MPa
44313_Q2,E_double_dash_0_degree_celcius,8.94,MPa
44313_Q3,E_double_dash_0_degree_celcius,8.91,MPa
44313_Q4,E_double_dash_0_degree_celcius,8.11,MPa
44313_Q5,E_double_dash_0_degree_celcius,7.3,MPa
44313_Q6,E_double_dash_0_degree_celcius,8.69,MPa
44313_Q7,E_double_dash_0_degree_celcius,8.79,MPa
44313_Q8,E_double_dash_0_degree_celcius,8.47,MPa
44313_Q1,E_dash_23_degree_celcius,14.89,MPa
44313_Q2,E_dash_23_degree_celcius,19.95,MPa
44313_Q3,E_dash_23_degree_celcius,20.48,MPa
44313_Q4,E_dash_23_degree_celcius,16.91,MPa
44313_Q5,E_dash_23_degree_celcius,13.31,MPa
44313_Q6,E_dash_23_degree_celcius,19.21,MPa
44313_Q7,E_dash_23_degree_celcius,20.05,MPa
44313_Q8,E_dash_23_degree_celcius,19.39,MPa
44313_Q1,E_double_dash_23_degree_celcius,2.46,MPa
44313_Q2,E_double_dash_23_degree_celcius,3.39,MPa
44313_Q3,E_double_dash_23_degree_celcius,3.34,MPa
44313_Q4,E_double_dash_23_degree_celcius,2.72,MPa
44313_Q5,E_double_dash_23_degree_celcius,2.17,MPa
44313_Q6,E_double_dash_23_degree_celcius,3.17,MPa
44313_Q7,E_double_dash_23_degree_celcius,3.21,MPa
44313_Q8,E_double_dash_23_degree_celcius,3.06,MPa
44313_Q1,E_dash_60_degree_celcius,8.99,MPa
44313_Q2,E_dash_60_degree_celcius,12.14,MPa
44313_Q3,E_dash_60_degree_celcius,12.37,MPa
44313_Q4,E_dash_60_degree_celcius,10.31,MPa
44313_Q5,E_dash_60_degree_celcius,8.18,MPa
44313_Q6,E_dash_60_degree_celcius,11.54,MPa
44313_Q7,E_dash_60_degree_celcius,12.09,MPa
44313_Q8,E_dash_60_degree_celcius,11.75,MPa
44313_Q1,E_double_dash_60_degree_celcius,0.87,MPa
44313_Q2,E_double_dash_60_degree_celcius,1.38,MPa
44313_Q3,E_double_dash_60_degree_celcius,1.32,MPa
44313_Q4,E_double_dash_60_degree_celcius,0.96,MPa
44313_Q5,E_double_dash_60_degree_celcius,0.75,MPa
44313_Q6,E_double_dash_60_degree_celcius,1.22,MPa
44313_Q7,E_double_dash_60_degree_celcius,1.24,MPa
44313_Q8,E_double_dash_60_degree_celcius,1.17,MPa
44313_Q1,tand d max,0.589,
44313_Q2,tand d max,0.572,
44313_Q3,tand d max,0.558,
44313_Q4,tand d max,0.58,
44313_Q5,tand d max,0.619,
44313_Q6,tand d max,0.573,
44313_Q7,tand d max,0.568,
44313_Q8,tand d max,0.568,
44313_Q1,Temperatur tan d max,-19.3,[°C]
44313_Q2,Temperatur tan d max,-25.3,[°C]
44313_Q3,Temperatur tan d max,-25.3,[°C]
44313_Q4,Temperatur tan d max,-23.3,[°C]
44313_Q5,Temperatur tan d max,-22.3,[°C]
44313_Q6,Temperatur tan d max,-24.2,[°C]
44313_Q7,Temperatur tan d max,-24.2,[°C]
44313_Q8,Temperatur tan d max,-24.3,[°C]
44313_Q1,ElasticModulus_G_dash_zero_point_five_percent_1_Messung,2.59,MPa
44313_Q2,ElasticModulus_G_dash_zero_point_five_percent_1_Messung,3.12,MPa
44313_Q3,ElasticModulus_G_dash_zero_point_five_percent_1_Messung,3.05,MPa
44313_Q4,ElasticModulus_G_dash_zero_point_five_percent_1_Messung,2.96,MPa
44313_Q5,ElasticModulus_G_dash_zero_point_five_percent_1_Messung,2.45,MPa
44313_Q6,ElasticModulus_G_dash_zero_point_five_percent_1_Messung,2.96,MPa
44313_Q7,ElasticModulus_G_dash_zero_point_five_percent_1_Messung,3.1,MPa
44313_Q8,ElasticModulus_G_dash_zero_point_five_percent_1_Messung,2.96,MPa
44313_Q1,ElasticModulus_G_dash_15_percent_1_Messung,1.22,MPa
44313_Q2,ElasticModulus_G_dash_15_percent_1_Messung,1.31,MPa
44313_Q3,ElasticModulus_G_dash_15_percent_1_Messung,1.31,MPa
44313_Q4,ElasticModulus_G_dash_15_percent_1_Messung,1.34,MPa
44313_Q5,ElasticModulus_G_dash_15_percent_1_Messung,1.2,MPa
44313_Q6,ElasticModulus_G_dash_15_percent_1_Messung,1.31,MPa
44313_Q7,ElasticModulus_G_dash_15_percent_1_Messung,1.34,MPa
44313_Q8,ElasticModulus_G_dash_15_percent_1_Messung,1.32,MPa
44313_Q1,tan_d_7_percent_1_Messung,0.17,
44313_Q2,tan_d_7_percent_1_Messung,0.178,
44313_Q3,tan_d_7_percent_1_Messung,0.177,
44313_Q4,tan_d_7_percent_1_Messung,0.169,
44313_Q5,tan_d_7_percent_1_Messung,0.167,
44313_Q6,tan_d_7_percent_1_Messung,0.167,
44313_Q7,tan_d_7_percent_1_Messung,0.169,
44313_Q8,tan_d_7_percent_1_Messung,0.168,
44313_Q1,LossModulus_Gdouble_dash(max),0.31,MPa
44313_Q2,LossModulus_Gdouble_dash(max),0.38,MPa
44313_Q3,LossModulus_Gdouble_dash(max),0.37,MPa
44313_Q4,LossModulus_Gdouble_dash(max),0.35,MPa
44313_Q5,LossModulus_Gdouble_dash(max),0.29,MPa
44313_Q6,LossModulus_Gdouble_dash(max),0.34,MPa
44313_Q7,LossModulus_Gdouble_dash(max),0.36,MPa
44313_Q8,LossModulus_Gdouble_dash(max),0.34,MPa
44450_Q1,ML 1+1,94.06,ME
44450_Q2,ML 1+1,93.31,ME
44450_Q3,ML 1+1,95.57,ME
44450_Q4,ML 1+1,107.12,ME
44450_Q5,ML 1+1,91.94,ME
44450_Q6,ML 1+1,95.82,ME
44450_Q7,ML 1+1,107.48,ME
44450_Q8,ML 1+1,92.02,ME
44450_Q1,ML 1+4,83.53,ME
44450_Q2,ML 1+4,82.63,ME
44450_Q3,ML 1+4,85.11,ME
44450_Q4,ML 1+4,85.22,ME
44450_Q5,ML 1+4,81.0,ME
44450_Q6,ML 1+4,85.19,ME
44450_Q7,ML 1+4,84.81,ME
44450_Q8,ML 1+4,80.98,ME
44450_Q1,MSR,0.402,log(ME)/log(s)
44450_Q2,MSR,0.443,log(ME)/log(s)
44450_Q3,MSR,0.443,log(ME)/log(s)
44450_Q4,MSR,0.372,log(ME)/log(s)
44450_Q5,MSR,0.424,log(ME)/log(s)
44450_Q6,MSR,0.445,log(ME)/log(s)
44450_Q7,MSR,0.378,log(ME)/log(s)
44450_Q8,MSR,0.451,log(ME)/log(s)
44450_Q1,Umsatzzeit 90percent,1211.28,[sec]
44450_Q2,Umsatzzeit 90percent,752.46,[sec]
44450_Q3,Umsatzzeit 90percent,839.16,[sec]
44450_Q4,Umsatzzeit 90percent,769.41,[sec]
44450_Q5,Umsatzzeit 90percent,897.3,[sec]
44450_Q6,Umsatzzeit 90percent,791.25,[sec]
44450_Q7,Umsatzzeit 90percent,757.56,[sec]
44450_Q8,Umsatzzeit 90percent,733.71,[sec]
44450_Q1,S_dash bei 90percent Umsatz,16.71,dNm
44450_Q2,S_dash bei 90percent Umsatz,17.48,dNm
44450_Q3,S_dash bei 90percent Umsatz,17.65,dNm
44450_Q4,S_dash bei 90percent Umsatz,18.03,dNm
44450_Q5,S_dash bei 90percent Umsatz,17.55,dNm
44450_Q6,S_dash bei 90percent Umsatz,18.25,dNm
44450_Q7,S_dash bei 90percent Umsatz,18.3,dNm
44450_Q8,S_dash bei 90percent Umsatz,18.28,dNm
44450_Q1,Hardness_mean_value,63.7,Shore A
44450_Q2,Hardness_mean_value,62.8,Shore A
44450_Q3,Hardness_mean_value,63.33,Shore A
44450_Q4,Hardness_mean_value,63.63,Shore A
44450_Q5,Hardness_mean_value,62.8,Shore A
44450_Q6,Hardness_mean_value,63.3,Shore A
44450_Q7,Hardness_mean_value,62.33,Shore A
44450_Q8,Hardness_mean_value,61.8,Shore A
44450_Q1,Rebound_mean_value_1,39.6,percent
44450_Q2,Rebound_mean_value_1,40.2,percent
44450_Q3,Rebound_mean_value_1,40.07,percent
44450_Q4,Rebound_mean_value_1,39.53,percent
44450_Q5,Rebound_mean_value_1,40.0,percent
44450_Q6,Rebound_mean_value_1,40.6,percent
44450_Q7,Rebound_mean_value_1,39.8,percent
44450_Q8,Rebound_mean_value_1,39.53,percent
44450_Q1,Rebound_mean_value_2,63.5,percent
44450_Q2,Rebound_mean_value_2,63.5,percent
44450_Q3,Rebound_mean_value_2,62.5,percent
44450_Q4,Rebound_mean_value_2,62.5,percent
44450_Q5,Rebound_mean_value_2,62.5,percent
44450_Q6,Rebound_mean_value_2,63.0,percent
44450_Q7,Rebound_mean_value_2,62.0,percent
44450_Q8,Rebound_mean_value_2,61.5,percent
44450_Q1,Rebound_mean_value_3,67.0,percent
44450_Q2,Rebound_mean_value_3,65.0,percent
44450_Q3,Rebound_mean_value_3,65.5,percent
44450_Q4,Rebound_mean_value_3,65.5,percent
44450_Q5,Rebound_mean_value_3,65.5,percent
44450_Q6,Rebound_mean_value_3,64.5,percent
44450_Q7,Rebound_mean_value_3,66.5,percent
44450_Q8,Rebound_mean_value_3,64.5,percent
44450_Q1,S50,1.4,MPa
44450_Q2,S50,1.4,MPa
44450_Q3,S50,1.5,MPa
44450_Q4,S50,1.4,MPa
44450_Q5,S50,1.4,MPa
44450_Q6,S50,1.5,MPa
44450_Q7,S50,1.4,MPa
44450_Q8,S50,1.4,MPa
44450_Q1,S100,2.5,MPa
44450_Q2,S100,2.5,MPa
44450_Q3,S100,2.5,MPa
44450_Q4,S100,2.5,MPa
44450_Q5,S100,2.4,MPa
44450_Q6,S100,2.5,MPa
44450_Q7,S100,2.4,MPa
44450_Q8,S100,2.5,MPa
44450_Q1,S300,14.0,MPa
44450_Q2,S300,13.7,MPa
44450_Q3,S300,12.7,MPa
44450_Q4,S300,13.6,MPa
44450_Q5,S300,13.0,MPa
44450_Q6,S300,13.6,MPa
44450_Q7,S300,14.0,MPa
44450_Q8,S300,13.2,MPa
44450_Q1,D Median,421.0,percent
44450_Q2,D Median,406.0,percent
44450_Q3,D Median,429.0,percent
44450_Q4,D Median,410.0,percent
44450_Q5,D Median,442.0,percent
44450_Q6,D Median,408.0,percent
44450_Q7,D Median,423.0,percent
44450_Q8,D Median,401.0,percent
44450_Q1,F Median,22.2,MPa
44450_Q2,F Median,21.0,MPa
44450_Q3,F Median,21.0,MPa
44450_Q4,F Median,21.2,MPa
44450_Q5,F Median,22.1,MPa
44450_Q6,F Median,20.8,MPa
44450_Q7,F Median,22.7,MPa
44450_Q8,F Median,19.7,MPa
44450_Q1,E_dash_0_degree_celcius,30.28,MPa
44450_Q2,E_dash_0_degree_celcius,25.14,MPa
44450_Q3,E_dash_0_degree_celcius,25.25,MPa
44450_Q4,E_dash_0_degree_celcius,18.98,MPa
44450_Q5,E_dash_0_degree_celcius,25.32,MPa
44450_Q6,E_dash_0_degree_celcius,29.64,MPa
44450_Q7,E_dash_0_degree_celcius,17.9,MPa
44450_Q8,E_dash_0_degree_celcius,27.69,MPa
44450_Q1,E_double_dash_0_degree_celcius,8.2,MPa
44450_Q2,E_double_dash_0_degree_celcius,7.05,MPa
44450_Q3,E_double_dash_0_degree_celcius,7.16,MPa
44450_Q4,E_double_dash_0_degree_celcius,5.71,MPa
44450_Q5,E_double_dash_0_degree_celcius,6.8,MPa
44450_Q6,E_double_dash_0_degree_celcius,7.81,MPa
44450_Q7,E_double_dash_0_degree_celcius,5.36,MPa
44450_Q8,E_double_dash_0_degree_celcius,7.7,MPa
44450_Q1,E_dash_23_degree_celcius,17.54,MPa
44450_Q2,E_dash_23_degree_celcius,14.64,MPa
44450_Q3,E_dash_23_degree_celcius,14.76,MPa
44450_Q4,E_dash_23_degree_celcius,11.1,MPa
44450_Q5,E_dash_23_degree_celcius,14.62,MPa
44450_Q6,E_dash_23_degree_celcius,17.32,MPa
44450_Q7,E_dash_23_degree_celcius,10.54,MPa
44450_Q8,E_dash_23_degree_celcius,16.01,MPa
44450_Q1,E_double_dash_23_degree_celcius,2.82,MPa
44450_Q2,E_double_dash_23_degree_celcius,2.23,MPa
44450_Q3,E_double_dash_23_degree_celcius,2.26,MPa
44450_Q4,E_double_dash_23_degree_celcius,1.66,MPa
44450_Q5,E_double_dash_23_degree_celcius,2.25,MPa
44450_Q6,E_double_dash_23_degree_celcius,2.68,MPa
44450_Q7,E_double_dash_23_degree_celcius,1.52,MPa
44450_Q8,E_double_dash_23_degree_celcius,2.53,MPa
44450_Q1,E_dash_60_degree_celcius,10.85,MPa
44450_Q2,E_dash_60_degree_celcius,9.41,MPa
44450_Q3,E_dash_60_degree_celcius,9.34,MPa
44450_Q4,E_dash_60_degree_celcius,7.26,MPa
44450_Q5,E_dash_60_degree_celcius,9.25,MPa
44450_Q6,E_dash_60_degree_celcius,10.84,MPa
44450_Q7,E_dash_60_degree_celcius,7.03,MPa
44450_Q8,E_dash_60_degree_celcius,9.93,MPa
44450_Q1,E_double_dash_60_degree_celcius,0.97,MPa
44450_Q2,E_double_dash_60_degree_celcius,0.76,MPa
44450_Q3,E_double_dash_60_degree_celcius,0.75,MPa
44450_Q4,E_double_dash_60_degree_celcius,0.5,MPa
44450_Q5,E_double_dash_60_degree_celcius,0.73,MPa
44450_Q6,E_double_dash_60_degree_celcius,0.9,MPa
44450_Q7,E_double_dash_60_degree_celcius,0.47,MPa
44450_Q8,E_double_dash_60_degree_celcius,0.85,MPa
44450_Q1,tand d max,0.577,
44450_Q2,tand d max,0.612,
44450_Q3,tand d max,0.621,
44450_Q4,tand d max,0.658,
44450_Q5,tand d max,0.582,
44450_Q6,tand d max,0.578,
44450_Q7,tand d max,0.669,
44450_Q8,tand d max,0.597,
44450_Q1,Temperatur tan d max,-25.3,[°C]
44450_Q2,Temperatur tan d max,-24.3,[°C]
44450_Q3,Temperatur tan d max,-24.2,[°C]
44450_Q4,Temperatur tan d max,-23.2,[°C]
44450_Q5,Temperatur tan d max,-25.2,[°C]
44450_Q6,Temperatur tan d max,-24.3,[°C]
44450_Q7,Temperatur tan d max,-23.2,[°C]
44450_Q8,Temperatur tan d max,-24.3,[°C]
44450_Q1,ElasticModulus_G_dash_zero_point_five_percent_1_Messung,3.14,MPa
44450_Q2,ElasticModulus_G_dash_zero_point_five_percent_1_Messung,3.21,MPa
44450_Q3,ElasticModulus_G_dash_zero_point_five_percent_1_Messung,3.28,MPa
44450_Q4,ElasticModulus_G_dash_zero_point_five_percent_1_Messung,2.96,MPa
44450_Q5,ElasticModulus_G_dash_zero_point_five_percent_1_Messung,3.41,MPa
44450_Q6,ElasticModulus_G_dash_zero_point_five_percent_1_Messung,3.25,MPa
44450_Q7,ElasticModulus_G_dash_zero_point_five_percent_1_Messung,2.78,MPa
44450_Q8,ElasticModulus_G_dash_zero_point_five_percent_1_Messung,3.47,MPa
44450_Q1,ElasticModulus_G_dash_15_percent_1_Messung,1.48,MPa
44450_Q2,ElasticModulus_G_dash_15_percent_1_Messung,1.44,MPa
44450_Q3,ElasticModulus_G_dash_15_percent_1_Messung,1.46,MPa
44450_Q4,ElasticModulus_G_dash_15_percent_1_Messung,1.38,MPa
44450_Q5,ElasticModulus_G_dash_15_percent_1_Messung,1.45,MPa
44450_Q6,ElasticModulus_G_dash_15_percent_1_Messung,1.45,MPa
44450_Q7,ElasticModulus_G_dash_15_percent_1_Messung,1.36,MPa
44450_Q8,ElasticModulus_G_dash_15_percent_1_Messung,1.47,MPa
44450_Q1,tan_d_7_percent_1_Messung,0.152,
44450_Q2,tan_d_7_percent_1_Messung,0.152,
44450_Q3,tan_d_7_percent_1_Messung,0.148,
44450_Q4,tan_d_7_percent_1_Messung,0.152,
44450_Q5,tan_d_7_percent_1_Messung,0.16,
44450_Q6,tan_d_7_percent_1_Messung,0.153,
44450_Q7,tan_d_7_percent_1_Messung,0.147,
44450_Q8,tan_d_7_percent_1_Messung,0.157,
44450_Q1,LossModulus_Gdouble_dash(max),0.33,MPa
44450_Q2,LossModulus_Gdouble_dash(max),0.34,MPa
44450_Q3,LossModulus_Gdouble_dash(max),0.34,MPa
44450_Q4,LossModulus_Gdouble_dash(max),0.32,MPa
44450_Q5,LossModulus_Gdouble_dash(max),0.37,MPa
44450_Q6,LossModulus_Gdouble_dash(max),0.35,MPa
44450_Q7,LossModulus_Gdouble_dash(max),0.29,MPa
44450_Q8,LossModulus_Gdouble_dash(max),0.37,MPa
44530_Q1,ML 1+1,87.1,ME
44530_Q2,ML 1+1,81.46,ME
44530_Q3,ML 1+1,86.74,ME
44530_Q4,ML 1+1,88.72,ME
44530_Q5,ML 1+1,89.87,ME
44530_Q6,ML 1+1,84.41,ME
44530_Q7,ML 1+1,84.38,ME
44530_Q8,ML 1+1,88.56,ME
44530_Q1,ML 1+4,71.51,ME
44530_Q2,ML 1+4,70.28,ME
44530_Q3,ML 1+4,77.03,ME
44530_Q4,ML 1+4,76.02,ME
44530_Q5,ML 1+4,75.05,ME
44530_Q6,ML 1+4,70.95,ME
44530_Q7,ML 1+4,73.27,ME
44530_Q8,ML 1+4,76.09,ME
44530_Q1,MSR,0.325,log(ME)/log(s)
44530_Q2,MSR,0.346,log(ME)/log(s)
44530_Q3,MSR,0.397,log(ME)/log(s)
44530_Q4,MSR,0.345,log(ME)/log(s)
44530_Q5,MSR,0.316,log(ME)/log(s)
44530_Q6,MSR,0.379,log(ME)/log(s)
44530_Q7,MSR,0.357,log(ME)/log(s)
44530_Q8,MSR,0.347,log(ME)/log(s)
44530_Q1,Umsatzzeit 90percent,801.09,[sec]
44530_Q2,Umsatzzeit 90percent,716.32,[sec]
44530_Q3,Umsatzzeit 90percent,778.08,[sec]
44530_Q4,Umsatzzeit 90percent,710.28,[sec]
44530_Q5,Umsatzzeit 90percent,787.17,[sec]
44530_Q6,Umsatzzeit 90percent,724.59,[sec]
44530_Q7,Umsatzzeit 90percent,825.18,[sec]
44530_Q8,Umsatzzeit 90percent,581.19,[sec]
44530_Q1,S_dash bei 90percent Umsatz,16.97,dNm
44530_Q2,S_dash bei 90percent Umsatz,17.7,dNm
44530_Q3,S_dash bei 90percent Umsatz,17.38,dNm
44530_Q4,S_dash bei 90percent Umsatz,18.03,dNm
44530_Q5,S_dash bei 90percent Umsatz,17.39,dNm
44530_Q6,S_dash bei 90percent Umsatz,17.36,dNm
44530_Q7,S_dash bei 90percent Umsatz,17.76,dNm
44530_Q8,S_dash bei 90percent Umsatz,17.91,dNm
44530_Q1,Hardness_mean_value,68.8,Shore A
44530_Q2,Hardness_mean_value,67.43,Shore A
44530_Q3,Hardness_mean_value,66.87,Shore A
44530_Q4,Hardness_mean_value,68.1,Shore A
44530_Q5,Hardness_mean_value,66.93,Shore A
44530_Q6,Hardness_mean_value,67.53,Shore A
44530_Q7,Hardness_mean_value,67.2,Shore A
44530_Q8,Hardness_mean_value,67.0,Shore A
44530_Q1,Rebound_mean_value_1,33.53,percent
44530_Q2,Rebound_mean_value_1,35.67,percent
44530_Q3,Rebound_mean_value_1,35.87,percent
44530_Q4,Rebound_mean_value_1,34.8,percent
44530_Q5,Rebound_mean_value_1,32.67,percent
44530_Q6,Rebound_mean_value_1,35.6,percent
44530_Q7,Rebound_mean_value_1,36.27,percent
44530_Q8,Rebound_mean_value_1,35.6,percent
44530_Q1,Rebound_mean_value_2,56.5,percent
44530_Q2,Rebound_mean_value_2,56.0,percent
44530_Q3,Rebound_mean_value_2,57.5,percent
44530_Q4,Rebound_mean_value_2,56.5,percent
44530_Q5,Rebound_mean_value_2,56.5,percent
44530_Q6,Rebound_mean_value_2,57.5,percent
44530_Q7,Rebound_mean_value_2,57.5,percent
44530_Q8,Rebound_mean_value_2,58.5,percent
44530_Q1,Rebound_mean_value_3,60.0,percent
44530_Q2,Rebound_mean_value_3,61.5,percent
44530_Q3,Rebound_mean_value_3,61.5,percent
44530_Q4,Rebound_mean_value_3,59.5,percent
44530_Q5,Rebound_mean_value_3,59.5,percent
44530_Q6,Rebound_mean_value_3,60.0,percent
44530_Q7,Rebound_mean_value_3,60.5,percent
44530_Q8,Rebound_mean_value_3,60.5,percent
44530_Q1,S50,1.6,MPa
44530_Q2,S50,1.7,MPa
44530_Q3,S50,1.6,MPa
44530_Q4,S50,1.8,MPa
44530_Q5,S50,1.6,MPa
44530_Q6,S50,1.7,MPa
44530_Q7,S50,1.6,MPa
44530_Q8,S50,1.7,MPa
44530_Q1,S100,2.9,MPa
44530_Q2,S100,3.2,MPa
44530_Q3,S100,3.0,MPa
44530_Q4,S100,3.3,MPa
44530_Q5,S100,2.9,MPa
44530_Q6,S100,3.0,MPa
44530_Q7,S100,3.0,MPa
44530_Q8,S100,3.2,MPa
44530_Q1,S300,16.4,MPa
44530_Q2,S300,16.7,MPa
44530_Q3,S300,16.4,MPa
44530_Q4,S300,18.2,MPa
44530_Q5,S300,16.6,MPa
44530_Q6,S300,16.1,MPa
44530_Q7,S300,16.4,MPa
44530_Q8,S300,17.8,MPa
44530_Q1,D Median,353.0,percent
44530_Q2,D Median,330.0,percent
44530_Q3,D Median,375.0,percent
44530_Q4,D Median,340.0,percent
44530_Q5,D Median,357.0,percent
44530_Q6,D Median,381.0,percent
44530_Q7,D Median,368.0,percent
44530_Q8,D Median,361.0,percent
44530_Q1,F Median,20.6,MPa
44530_Q2,F Median,18.9,MPa
44530_Q3,F Median,22.4,MPa
44530_Q4,F Median,21.8,MPa
44530_Q5,F Median,21.4,MPa
44530_Q6,F Median,22.4,MPa
44530_Q7,F Median,21.8,MPa
44530_Q8,F Median,22.6,MPa
44530_Q1,E_dash_0_degree_celcius,27.14,MPa
44530_Q2,E_dash_0_degree_celcius,28.25,MPa
44530_Q3,E_dash_0_degree_celcius,31.34,MPa
44530_Q4,E_dash_0_degree_celcius,32.07,MPa
44530_Q5,E_dash_0_degree_celcius,28.83,MPa
44530_Q6,E_dash_0_degree_celcius,24.71,MPa
44530_Q7,E_dash_0_degree_celcius,28.53,MPa
44530_Q8,E_dash_0_degree_celcius,29.23,MPa
44530_Q1,E_double_dash_0_degree_celcius,8.95,MPa
44530_Q2,E_double_dash_0_degree_celcius,8.4,MPa
44530_Q3,E_double_dash_0_degree_celcius,8.71,MPa
44530_Q4,E_double_dash_0_degree_celcius,8.8,MPa
44530_Q5,E_double_dash_0_degree_celcius,9.32,MPa
44530_Q6,E_double_dash_0_degree_celcius,7.44,MPa
44530_Q7,E_double_dash_0_degree_celcius,8.03,MPa
44530_Q8,E_double_dash_0_degree_celcius,8.29,MPa
44530_Q1,E_dash_23_degree_celcius,13.69,MPa
44530_Q2,E_dash_23_degree_celcius,15.06,MPa
44530_Q3,E_dash_23_degree_celcius,16.76,MPa
44530_Q4,E_dash_23_degree_celcius,17.16,MPa
44530_Q5,E_dash_23_degree_celcius,14.46,MPa
44530_Q6,E_dash_23_degree_celcius,13.4,MPa
44530_Q7,E_dash_23_degree_celcius,15.48,MPa
44530_Q8,E_dash_23_degree_celcius,15.53,MPa
44530_Q1,E_double_dash_23_degree_celcius,2.4,MPa
44530_Q2,E_double_dash_23_degree_celcius,2.56,MPa
44530_Q3,E_double_dash_23_degree_celcius,2.75,MPa
44530_Q4,E_double_dash_23_degree_celcius,2.87,MPa
44530_Q5,E_double_dash_23_degree_celcius,2.58,MPa
44530_Q6,E_double_dash_23_degree_celcius,2.21,MPa
44530_Q7,E_double_dash_23_degree_celcius,2.53,MPa
44530_Q8,E_double_dash_23_degree_celcius,2.57,MPa
44530_Q1,E_dash_60_degree_celcius,8.28,MPa
44530_Q2,E_dash_60_degree_celcius,9.17,MPa
44530_Q3,E_dash_60_degree_celcius,10.03,MPa
44530_Q4,E_dash_60_degree_celcius,10.22,MPa
44530_Q5,E_dash_60_degree_celcius,8.53,MPa
44530_Q6,E_dash_60_degree_celcius,8.31,MPa
44530_Q7,E_dash_60_degree_celcius,9.43,MPa
44530_Q8,E_dash_60_degree_celcius,9.24,MPa
44530_Q1,E_double_dash_60_degree_celcius,0.71,MPa
44530_Q2,E_double_dash_60_degree_celcius,0.82,MPa
44530_Q3,E_double_dash_60_degree_celcius,0.87,MPa
44530_Q4,E_double_dash_60_degree_celcius,0.91,MPa
44530_Q5,E_double_dash_60_degree_celcius,0.75,MPa
44530_Q6,E_double_dash_60_degree_celcius,0.71,MPa
44530_Q7,E_double_dash_60_degree_celcius,0.82,MPa
44530_Q8,E_double_dash_60_degree_celcius,0.79,MPa
44530_Q1,tand d max,0.599,
44530_Q2,tand d max,0.586,
44530_Q3,tand d max,0.556,
44530_Q4,tand d max,0.553,
44530_Q5,tand d max,0.581,
44530_Q6,tand d max,0.619,
44530_Q7,tand d max,0.581,
44530_Q8,tand d max,0.565,
44530_Q1,Temperatur tan d max,-22.3,[°C]
44530_Q2,Temperatur tan d max,-24.2,[°C]
44530_Q3,Temperatur tan d max,-24.2,[°C]
44530_Q4,Temperatur tan d max,-25.2,[°C]
44530_Q5,Temperatur tan d max,-22.3,[°C]
44530_Q6,Temperatur tan d max,-24.2,[°C]
44530_Q7,Temperatur tan d max,-25.2,[°C]
44530_Q8,Temperatur tan d max,-25.3,[°C]
44530_Q1,ElasticModulus_G_dash_zero_point_five_percent_1_Messung,3.08,MPa
44530_Q2,ElasticModulus_G_dash_zero_point_five_percent_1_Messung,3.15,MPa
44530_Q3,ElasticModulus_G_dash_zero_point_five_percent_1_Messung,3.18,MPa
44530_Q4,ElasticModulus_G_dash_zero_point_five_percent_1_Messung,3.21,MPa
44530_Q5,ElasticModulus_G_dash_zero_point_five_percent_1_Messung,3.35,MPa
44530_Q6,ElasticModulus_G_dash_zero_point_five_percent_1_Messung,2.91,MPa
44530_Q7,ElasticModulus_G_dash_zero_point_five_percent_1_Messung,3.14,MPa
44530_Q8,ElasticModulus_G_dash_zero_point_five_percent_1_Messung,3.05,MPa
44530_Q1,ElasticModulus_G_dash_15_percent_1_Messung,1.42,MPa
44530_Q2,ElasticModulus_G_dash_15_percent_1_Messung,1.45,MPa
44530_Q3,ElasticModulus_G_dash_15_percent_1_Messung,1.46,MPa
44530_Q4,ElasticModulus_G_dash_15_percent_1_Messung,1.48,MPa
44530_Q5,ElasticModulus_G_dash_15_percent_1_Messung,1.45,MPa
44530_Q6,ElasticModulus_G_dash_15_percent_1_Messung,1.39,MPa
44530_Q7,ElasticModulus_G_dash_15_percent_1_Messung,1.43,MPa
44530_Q8,ElasticModulus_G_dash_15_percent_1_Messung,1.43,MPa
44530_Q1,tan_d_7_percent_1_Messung,0.175,
44530_Q2,tan_d_7_percent_1_Messung,0.173,
44530_Q3,tan_d_7_percent_1_Messung,0.164,
44530_Q4,tan_d_7_percent_1_Messung,0.172,
44530_Q5,tan_d_7_percent_1_Messung,0.176,
44530_Q6,tan_d_7_percent_1_Messung,0.166,
44530_Q7,tan_d_7_percent_1_Messung,0.173,
44530_Q8,tan_d_7_percent_1_Messung,0.166,
44530_Q1,LossModulus_Gdouble_dash(max),0.38,MPa
44530_Q2,LossModulus_Gdouble_dash(max),0.39,MPa
44530_Q3,LossModulus_Gdouble_dash(max),0.36,MPa
44530_Q4,LossModulus_Gdouble_dash(max),0.39,MPa
44530_Q5,LossModulus_Gdouble_dash(max),0.41,MPa
44530_Q6,LossModulus_Gdouble_dash(max),0.34,MPa
44530_Q7,LossModulus_Gdouble_dash(max),0.37,MPa
44530_Q8,LossModulus_Gdouble_dash(max),0.35,MPa
44560_Q1,ML 1+1,84.68,ME
44560_Q2,ML 1+1,80.71,ME
44560_Q3,ML 1+1,83.62,ME
44560_Q4,ML 1+1,81.31,ME
44560_Q5,ML 1+1,87.38,ME
44560_Q6,ML 1+1,83.35,ME
44560_Q7,ML 1+1,82.73,ME
44560_Q8,ML 1+1,77.18,ME
44560_Q1,ML 1+4,69.9,ME
44560_Q2,ML 1+4,69.65,ME
44560_Q3,ML 1+4,69.62,ME
44560_Q4,ML 1+4,70.45,ME
44560_Q5,ML 1+4,72.35,ME
44560_Q6,ML 1+4,74.38,ME
44560_Q7,ML 1+4,71.05,ME
44560_Q8,ML 1+4,66.89,ME
44560_Q1,MSR,0.328,log(ME)/log(s)
44560_Q2,MSR,0.365,log(ME)/log(s)
44560_Q3,MSR,0.379,log(ME)/log(s)
44560_Q4,MSR,0.363,log(ME)/log(s)
44560_Q5,MSR,0.32,log(ME)/log(s)
44560_Q6,MSR,0.409,log(ME)/log(s)
44560_Q7,MSR,0.356,log(ME)/log(s)
44560_Q8,MSR,0.356,log(ME)/log(s)
44560_Q1,Umsatzzeit 90percent,807.36,[sec]
44560_Q2,Umsatzzeit 90percent,844.59,[sec]
44560_Q3,Umsatzzeit 90percent,754.56,[sec]
44560_Q4,Umsatzzeit 90percent,856.62,[sec]
44560_Q5,Umsatzzeit 90percent,806.31,[sec]
44560_Q6,Umsatzzeit 90percent,824.22,[sec]
44560_Q7,Umsatzzeit 90percent,742.77,[sec]
44560_Q8,Umsatzzeit 90percent,743.28,[sec]
44560_Q1,S_dash bei 90percent Umsatz,16.69,dNm
44560_Q2,S_dash bei 90percent Umsatz,17.16,dNm
44560_Q3,S_dash bei 90percent Umsatz,16.87,dNm
44560_Q4,S_dash bei 90percent Umsatz,17.55,dNm
44560_Q5,S_dash bei 90percent Umsatz,16.77,dNm
44560_Q6,S_dash bei 90percent Umsatz,16.91,dNm
44560_Q7,S_dash bei 90percent Umsatz,17.17,dNm
44560_Q8,S_dash bei 90percent Umsatz,17.49,dNm
44560_Q1,Hardness_mean_value,65.13,Shore A
44560_Q2,Hardness_mean_value,64.5,Shore A
44560_Q3,Hardness_mean_value,65.47,Shore A
44560_Q4,Hardness_mean_value,65.1,Shore A
44560_Q5,Hardness_mean_value,65.17,Shore A
44560_Q6,Hardness_mean_value,64.1,Shore A
44560_Q7,Hardness_mean_value,64.97,Shore A
44560_Q8,Hardness_mean_value,65.57,Shore A
44560_Q1,Rebound_mean_value_1,35.6,percent
44560_Q2,Rebound_mean_value_1,37.73,percent
44560_Q3,Rebound_mean_value_1,37.6,percent
44560_Q4,Rebound_mean_value_1,37.8,percent
44560_Q5,Rebound_mean_value_1,35.8,percent
44560_Q6,Rebound_mean_value_1,38.6,percent
44560_Q7,Rebound_mean_value_1,37.2,percent
44560_Q8,Rebound_mean_value_1,36.6,percent
44560_Q1,Rebound_mean_value_2,56.5,percent
44560_Q2,Rebound_mean_value_2,58.0,percent
44560_Q3,Rebound_mean_value_2,59.5,percent
44560_Q4,Rebound_mean_value_2,57.5,percent
44560_Q5,Rebound_mean_value_2,58.0,percent
44560_Q6,Rebound_mean_value_2,59.0,percent
44560_Q7,Rebound_mean_value_2,57.5,percent
44560_Q8,Rebound_mean_value_2,57.5,percent
44560_Q1,Rebound_mean_value_3,61.5,percent
44560_Q2,Rebound_mean_value_3,60.5,percent
44560_Q3,Rebound_mean_value_3,61.5,percent
44560_Q4,Rebound_mean_value_3,61.5,percent
44560_Q5,Rebound_mean_value_3,60.5,percent
44560_Q6,Rebound_mean_value_3,61.5,percent
44560_Q7,Rebound_mean_value_3,61.0,percent
44560_Q8,Rebound_mean_value_3,61.5,percent
44560_Q1,S50,1.5,MPa
44560_Q2,S50,1.6,MPa
44560_Q3,S50,1.6,MPa
44560_Q4,S50,1.7,MPa
44560_Q5,S50,1.6,MPa
44560_Q6,S50,1.7,MPa
44560_Q7,S50,1.7,MPa
44560_Q8,S50,1.8,MPa
44560_Q1,S100,2.8,MPa
44560_Q2,S100,2.9,MPa
44560_Q3,S100,3.0,MPa
44560_Q4,S100,3.1,MPa
44560_Q5,S100,2.9,MPa
44560_Q6,S100,3.1,MPa
44560_Q7,S100,3.1,MPa
44560_Q8,S100,3.4,MPa
44560_Q1,S300,16.5,MPa
44560_Q2,S300,16.3,MPa
44560_Q3,S300,17.4,MPa
44560_Q4,S300,16.8,MPa
44560_Q5,S300,17.1,MPa
44560_Q6,S300,16.4,MPa
44560_Q7,S300,17.9,MPa
44560_Q8,S300,17.9,MPa
44560_Q1,D Median,335.0,percent
44560_Q2,D Median,369.0,percent
44560_Q3,D Median,369.0,percent
44560_Q4,D Median,362.0,percent
44560_Q5,D Median,362.0,percent
44560_Q6,D Median,373.0,percent
44560_Q7,D Median,371.0,percent
44560_Q8,D Median,351.0,percent
44560_Q1,F Median,19.7,MPa
44560_Q2,F Median,21.5,MPa
44560_Q3,F Median,23.2,MPa
44560_Q4,F Median,21.9,MPa
44560_Q5,F Median,22.1,MPa
44560_Q6,F Median,22.3,MPa
44560_Q7,F Median,23.8,MPa
44560_Q8,F Median,22.4,MPa
44560_Q1,E_dash_0_degree_celcius,30.71,MPa
44560_Q2,E_dash_0_degree_celcius,28.84,MPa
44560_Q3,E_dash_0_degree_celcius,27.24,MPa
44560_Q4,E_dash_0_degree_celcius,30.38,MPa
44560_Q5,E_dash_0_degree_celcius,32.47,MPa
44560_Q6,E_dash_0_degree_celcius,31.02,MPa
44560_Q7,E_dash_0_degree_celcius,31.34,MPa
44560_Q8,E_dash_0_degree_celcius,33.32,MPa
44560_Q1,E_double_dash_0_degree_celcius,9.53,MPa
44560_Q2,E_double_dash_0_degree_celcius,8.14,MPa
44560_Q3,E_double_dash_0_degree_celcius,7.86,MPa
44560_Q4,E_double_dash_0_degree_celcius,8.58,MPa
44560_Q5,E_double_dash_0_degree_celcius,10.01,MPa
44560_Q6,E_double_dash_0_degree_celcius,9.08,MPa
44560_Q7,E_double_dash_0_degree_celcius,8.8,MPa
44560_Q8,E_double_dash_0_degree_celcius,9.45,MPa
44560_Q1,E_dash_23_degree_celcius,15.93,MPa
44560_Q2,E_dash_23_degree_celcius,15.96,MPa
44560_Q3,E_dash_23_degree_celcius,15.09,MPa
44560_Q4,E_dash_23_degree_celcius,17.04,MPa
44560_Q5,E_dash_23_degree_celcius,16.43,MPa
44560_Q6,E_dash_23_degree_celcius,16.56,MPa
44560_Q7,E_dash_23_degree_celcius,16.98,MPa
44560_Q8,E_dash_23_degree_celcius,17.92,MPa
44560_Q1,E_double_dash_23_degree_celcius,2.79,MPa
44560_Q2,E_double_dash_23_degree_celcius,2.64,MPa
44560_Q3,E_double_dash_23_degree_celcius,2.52,MPa
44560_Q4,E_double_dash_23_degree_celcius,2.83,MPa
44560_Q5,E_double_dash_23_degree_celcius,2.94,MPa
44560_Q6,E_double_dash_23_degree_celcius,2.82,MPa
44560_Q7,E_double_dash_23_degree_celcius,2.87,MPa
44560_Q8,E_double_dash_23_degree_celcius,3.07,MPa
44560_Q1,E_dash_60_degree_celcius,9.45,MPa
44560_Q2,E_dash_60_degree_celcius,9.83,MPa
44560_Q3,E_dash_60_degree_celcius,9.12,MPa
44560_Q4,E_dash_60_degree_celcius,10.23,MPa
44560_Q5,E_dash_60_degree_celcius,9.4,MPa
44560_Q6,E_dash_60_degree_celcius,9.94,MPa
44560_Q7,E_dash_60_degree_celcius,10.0,MPa
44560_Q8,E_dash_60_degree_celcius,10.42,MPa
44560_Q1,E_double_dash_60_degree_celcius,0.9,MPa
44560_Q2,E_double_dash_60_degree_celcius,0.92,MPa
44560_Q3,E_double_dash_60_degree_celcius,0.85,MPa
44560_Q4,E_double_dash_60_degree_celcius,1.0,MPa
44560_Q5,E_double_dash_60_degree_celcius,0.89,MPa
44560_Q6,E_double_dash_60_degree_celcius,0.91,MPa
44560_Q7,E_double_dash_60_degree_celcius,0.93,MPa
44560_Q8,E_double_dash_60_degree_celcius,1.02,MPa
44560_Q1,tand d max,0.578,
44560_Q2,tand d max,0.597,
44560_Q3,tand d max,0.606,
44560_Q4,tand d max,0.596,
44560_Q5,tand d max,0.563,
44560_Q6,tand d max,0.584,
44560_Q7,tand d max,0.536,
44560_Q8,tand d max,0.57,
44560_Q1,Temperatur tan d max,-22.2,[°C]
44560_Q2,Temperatur tan d max,-25.3,[°C]
44560_Q3,Temperatur tan d max,-25.2,[°C]
44560_Q4,Temperatur tan d max,-25.2,[°C]
44560_Q5,Temperatur tan d max,-22.2,[°C]
44560_Q6,Temperatur tan d max,-23.2,[°C]
44560_Q7,Temperatur tan d max,-23.2,[°C]
44560_Q8,Temperatur tan d max,-25.3,[°C]
44560_Q1,ElasticModulus_G_dash_zero_point_five_percent_1_Messung,2.94,MPa
44560_Q2,ElasticModulus_G_dash_zero_point_five_percent_1_Messung,3.36,MPa
44560_Q3,ElasticModulus_G_dash_zero_point_five_percent_1_Messung,3.15,MPa
44560_Q4,ElasticModulus_G_dash_zero_point_five_percent_1_Messung,3.34,MPa
44560_Q5,ElasticModulus_G_dash_zero_point_five_percent_1_Messung,2.81,MPa
44560_Q6,ElasticModulus_G_dash_zero_point_five_percent_1_Messung,2.97,MPa
44560_Q7,ElasticModulus_G_dash_zero_point_five_percent_1_Messung,3.01,MPa
44560_Q8,ElasticModulus_G_dash_zero_point_five_percent_1_Messung,2.7,MPa
44560_Q1,ElasticModulus_G_dash_15_percent_1_Messung,1.38,MPa
44560_Q2,ElasticModulus_G_dash_15_percent_1_Messung,1.48,MPa
44560_Q3,ElasticModulus_G_dash_15_percent_1_Messung,1.46,MPa
44560_Q4,ElasticModulus_G_dash_15_percent_1_Messung,1.47,MPa
44560_Q5,ElasticModulus_G_dash_15_percent_1_Messung,1.33,MPa
44560_Q6,ElasticModulus_G_dash_15_percent_1_Messung,1.39,MPa
44560_Q7,ElasticModulus_G_dash_15_percent_1_Messung,1.4,MPa
44560_Q8,ElasticModulus_G_dash_15_percent_1_Messung,1.35,MPa
44560_Q1,tan_d_7_percent_1_Messung,0.17,
44560_Q2,tan_d_7_percent_1_Messung,0.175,
44560_Q3,tan_d_7_percent_1_Messung,0.174,
44560_Q4,tan_d_7_percent_1_Messung,0.178,
44560_Q5,tan_d_7_percent_1_Messung,0.167,
44560_Q6,tan_d_7_percent_1_Messung,0.168,
44560_Q7,tan_d_7_percent_1_Messung,0.169,
44560_Q8,tan_d_7_percent_1_Messung,0.165,
44560_Q1,LossModulus_Gdouble_dash(max),0.36,MPa
44560_Q2,LossModulus_Gdouble_dash(max),0.4,MPa
44560_Q3,LossModulus_Gdouble_dash(max),0.38,MPa
44560_Q4,LossModulus_Gdouble_dash(max),0.41,MPa
44560_Q5,LossModulus_Gdouble_dash(max),0.33,MPa
44560_Q6,LossModulus_Gdouble_dash(max),0.35,MPa
44560_Q7,LossModulus_Gdouble_dash(max),0.35,MPa
44560_Q8,LossModulus_Gdouble_dash(max),0.32,MPa
44756_Q1,ML 1+1,88.49,ME
44756_Q2,ML 1+1,114.63,ME
44756_Q3,ML 1+1,122.03,ME
44756_Q4,ML 1+1,103.88,ME
44756_Q5,ML 1+1,106.12,ME
44756_Q6,ML 1+1,114.64,ME
44756_Q7,ML 1+1,114.71,ME
44756_Q8,ML 1+1,90.25,ME
44756_Q1,ML 1+4,70.51,ME
44756_Q2,ML 1+4,85.81,ME
44756_Q3,ML 1+4,89.45,ME
44756_Q4,ML 1+4,80.81,ME
44756_Q5,ML 1+4,82.62,ME
44756_Q6,ML 1+4,86.3,ME
44756_Q7,ML 1+4,86.38,ME
44756_Q8,ML 1+4,71.59,ME
44756_Q1,MSR,0.373,log(ME)/log(s)
44756_Q2,MSR,0.338,log(ME)/log(s)
44756_Q3,MSR,0.331,log(ME)/log(s)
44756_Q4,MSR,0.351,log(ME)/log(s)
44756_Q5,MSR,0.345,log(ME)/log(s)
44756_Q6,MSR,0.346,log(ME)/log(s)
44756_Q7,MSR,0.337,log(ME)/log(s)
44756_Q8,MSR,0.374,log(ME)/log(s)
44756_Q1,Umsatzzeit 90percent,864.84,[sec]
44756_Q2,Umsatzzeit 90percent,840.36,[sec]
44756_Q3,Umsatzzeit 90percent,824.76,[sec]
44756_Q4,Umsatzzeit 90percent,870.06,[sec]
44756_Q5,Umsatzzeit 90percent,875.94,[sec]
44756_Q6,Umsatzzeit 90percent,849.18,[sec]
44756_Q7,Umsatzzeit 90percent,831.54,[sec]
44756_Q8,Umsatzzeit 90percent,894.96,[sec]
44756_Q1,S_dash bei 90percent Umsatz,16.12,dNm
44756_Q2,S_dash bei 90percent Umsatz,16.47,dNm
44756_Q3,S_dash bei 90percent Umsatz,16.88,dNm
44756_Q4,S_dash bei 90percent Umsatz,16.52,dNm
44756_Q5,S_dash bei 90percent Umsatz,16.43,dNm
44756_Q6,S_dash bei 90percent Umsatz,16.96,dNm
44756_Q7,S_dash bei 90percent Umsatz,16.74,dNm
44756_Q8,S_dash bei 90percent Umsatz,16.43,dNm
44756_Q1,Hardness_mean_value,62.5,Shore A
44756_Q2,Hardness_mean_value,62.27,Shore A
44756_Q3,Hardness_mean_value,63.63,Shore A
44756_Q4,Hardness_mean_value,61.6,Shore A
44756_Q5,Hardness_mean_value,62.37,Shore A
44756_Q6,Hardness_mean_value,64.13,Shore A
44756_Q7,Hardness_mean_value,62.4,Shore A
44756_Q8,Hardness_mean_value,61.9,Shore A
44756_Q1,Rebound_mean_value_1,40.2,percent
44756_Q2,Rebound_mean_value_1,39.07,percent
44756_Q3,Rebound_mean_value_1,38.47,percent
44756_Q4,Rebound_mean_value_1,39.07,percent
44756_Q5,Rebound_mean_value_1,38.8,percent
44756_Q6,Rebound_mean_value_1,37.53,percent
44756_Q7,Rebound_mean_value_1,37.8,percent
44756_Q8,Rebound_mean_value_1,39.6,percent
44756_Q1,Rebound_mean_value_2,62.5,percent
44756_Q2,Rebound_mean_value_2,62.5,percent
44756_Q3,Rebound_mean_value_2,64.5,percent
44756_Q4,Rebound_mean_value_2,61.5,percent
44756_Q5,Rebound_mean_value_2,61.5,percent
44756_Q6,Rebound_mean_value_2,61.0,percent
44756_Q7,Rebound_mean_value_2,62.5,percent
44756_Q8,Rebound_mean_value_2,62.0,percent
44756_Q1,Rebound_mean_value_3,62.5,percent
44756_Q2,Rebound_mean_value_3,67.0,percent
44756_Q3,Rebound_mean_value_3,66.0,percent
44756_Q4,Rebound_mean_value_3,63.5,percent
44756_Q5,Rebound_mean_value_3,65.5,percent
44756_Q6,Rebound_mean_value_3,63.0,percent
44756_Q7,Rebound_mean_value_3,65.5,percent
44756_Q8,Rebound_mean_value_3,62.5,percent
44756_Q1,S50,1.4,MPa
44756_Q2,S50,1.4,MPa
44756_Q3,S50,1.4,MPa
44756_Q4,S50,1.4,MPa
44756_Q5,S50,1.3,MPa
44756_Q6,S50,1.4,MPa
44756_Q7,S50,1.4,MPa
44756_Q8,S50,1.3,MPa
44756_Q1,S100,2.5,MPa
44756_Q2,S100,2.5,MPa
44756_Q3,S100,2.6,MPa
44756_Q4,S100,2.6,MPa
44756_Q5,S100,2.5,MPa
44756_Q6,S100,2.5,MPa
44756_Q7,S100,2.5,MPa
44756_Q8,S100,2.5,MPa
44756_Q1,S300,15.2,MPa
44756_Q2,S300,15.4,MPa
44756_Q3,S300,15.6,MPa
44756_Q4,S300,15.0,MPa
44756_Q5,S300,15.0,MPa
44756_Q6,S300,15.2,MPa
44756_Q7,S300,14.7,MPa
44756_Q8,S300,14.1,MPa
44756_Q1,D Median,373.0,percent
44756_Q2,D Median,366.0,percent
44756_Q3,D Median,382.0,percent
44756_Q4,D Median,372.0,percent
44756_Q5,D Median,382.0,percent
44756_Q6,D Median,364.0,percent
44756_Q7,D Median,368.0,percent
44756_Q8,D Median,380.0,percent
44756_Q1,F Median,20.3,MPa
44756_Q2,F Median,21.7,MPa
44756_Q3,F Median,21.8,MPa
44756_Q4,F Median,20.0,MPa
44756_Q5,F Median,21.0,MPa
44756_Q6,F Median,20.2,MPa
44756_Q7,F Median,20.2,MPa
44756_Q8,F Median,19.6,MPa
44756_Q1,E_dash_0_degree_celcius,15.98,MPa
44756_Q2,E_dash_0_degree_celcius,20.04,MPa
44756_Q3,E_dash_0_degree_celcius,24.08,MPa
44756_Q4,E_dash_0_degree_celcius,21.4,MPa
44756_Q5,E_dash_0_degree_celcius,20.45,MPa
44756_Q6,E_dash_0_degree_celcius,19.33,MPa
44756_Q7,E_dash_0_degree_celcius,23.38,MPa
44756_Q8,E_dash_0_degree_celcius,22.3,MPa
44756_Q1,E_double_dash_0_degree_celcius,5.35,MPa
44756_Q2,E_double_dash_0_degree_celcius,6.98,MPa
44756_Q3,E_double_dash_0_degree_celcius,8.65,MPa
44756_Q4,E_double_dash_0_degree_celcius,7.07,MPa
44756_Q5,E_double_dash_0_degree_celcius,7.02,MPa
44756_Q6,E_double_dash_0_degree_celcius,6.75,MPa
44756_Q7,E_double_dash_0_degree_celcius,8.41,MPa
44756_Q8,E_double_dash_0_degree_celcius,7.13,MPa
44756_Q1,E_dash_23_degree_celcius,8.99,MPa
44756_Q2,E_dash_23_degree_celcius,10.59,MPa
44756_Q3,E_dash_23_degree_celcius,12.52,MPa
44756_Q4,E_dash_23_degree_celcius,11.57,MPa
44756_Q5,E_dash_23_degree_celcius,11.08,MPa
44756_Q6,E_dash_23_degree_celcius,10.36,MPa
44756_Q7,E_dash_23_degree_celcius,12.19,MPa
44756_Q8,E_dash_23_degree_celcius,12.28,MPa
44756_Q1,E_double_dash_23_degree_celcius,1.37,MPa
44756_Q2,E_double_dash_23_degree_celcius,1.67,MPa
44756_Q3,E_double_dash_23_degree_celcius,2.12,MPa
44756_Q4,E_double_dash_23_degree_celcius,1.85,MPa
44756_Q5,E_double_dash_23_degree_celcius,1.79,MPa
44756_Q6,E_double_dash_23_degree_celcius,1.6,MPa
44756_Q7,E_double_dash_23_degree_celcius,2.05,MPa
44756_Q8,E_double_dash_23_degree_celcius,2.03,MPa
44756_Q1,E_dash_60_degree_celcius,6.17,MPa
44756_Q2,E_dash_60_degree_celcius,6.94,MPa
44756_Q3,E_dash_60_degree_celcius,7.87,MPa
44756_Q4,E_dash_60_degree_celcius,7.41,MPa
44756_Q5,E_dash_60_degree_celcius,7.11,MPa
44756_Q6,E_dash_60_degree_celcius,6.77,MPa
44756_Q7,E_dash_60_degree_celcius,7.62,MPa
44756_Q8,E_dash_60_degree_celcius,7.73,MPa
44756_Q1,E_double_dash_60_degree_celcius,0.49,MPa
44756_Q2,E_double_dash_60_degree_celcius,0.52,MPa
44756_Q3,E_double_dash_60_degree_celcius,0.63,MPa
44756_Q4,E_double_dash_60_degree_celcius,0.59,MPa
44756_Q5,E_double_dash_60_degree_celcius,0.56,MPa
44756_Q6,E_double_dash_60_degree_celcius,0.48,MPa
44756_Q7,E_double_dash_60_degree_celcius,0.59,MPa
44756_Q8,E_double_dash_60_degree_celcius,0.68,MPa
44756_Q1,tand d max,0.726,
44756_Q2,tand d max,0.655,
44756_Q3,tand d max,0.649,
44756_Q4,tand d max,0.651,
44756_Q5,tand d max,0.671,
44756_Q6,tand d max,0.664,
44756_Q7,tand d max,0.653,
44756_Q8,tand d max,0.657,
44756_Q1,Temperatur tan d max,-22.2,[°C]
44756_Q2,Temperatur tan d max,-20.2,[°C]
44756_Q3,Temperatur tan d max,-20.3,[°C]
44756_Q4,Temperatur tan d max,-21.2,[°C]
44756_Q5,Temperatur tan d max,-21.3,[°C]
44756_Q6,Temperatur tan d max,-20.3,[°C]
44756_Q7,Temperatur tan d max,-19.3,[°C]
44756_Q8,Temperatur tan d max,-22.3,[°C]
44756_Q1,ElasticModulus_G_dash_zero_point_five_percent_1_Messung,2.46,MPa
44756_Q2,ElasticModulus_G_dash_zero_point_five_percent_1_Messung,2.49,MPa
44756_Q3,ElasticModulus_G_dash_zero_point_five_percent_1_Messung,2.66,MPa
44756_Q4,ElasticModulus_G_dash_zero_point_five_percent_1_Messung,2.67,MPa
44756_Q5,ElasticModulus_G_dash_zero_point_five_percent_1_Messung,2.58,MPa
44756_Q6,ElasticModulus_G_dash_zero_point_five_percent_1_Messung,2.61,MPa
44756_Q7,ElasticModulus_G_dash_zero_point_five_percent_1_Messung,2.34,MPa
44756_Q8,ElasticModulus_G_dash_zero_point_five_percent_1_Messung,2.43,MPa
44756_Q1,ElasticModulus_G_dash_15_percent_1_Messung,1.28,MPa
44756_Q2,ElasticModulus_G_dash_15_percent_1_Messung,1.3,MPa
44756_Q3,ElasticModulus_G_dash_15_percent_1_Messung,1.32,MPa
44756_Q4,ElasticModulus_G_dash_15_percent_1_Messung,1.32,MPa
44756_Q5,ElasticModulus_G_dash_15_percent_1_Messung,1.3,MPa
44756_Q6,ElasticModulus_G_dash_15_percent_1_Messung,1.32,MPa
44756_Q7,ElasticModulus_G_dash_15_percent_1_Messung,1.23,MPa
44756_Q8,ElasticModulus_G_dash_15_percent_1_Messung,1.25,MPa
44756_Q1,tan_d_7_percent_1_Messung,0.156,
44756_Q2,tan_d_7_percent_1_Messung,0.151,
44756_Q3,tan_d_7_percent_1_Messung,0.15,
44756_Q4,tan_d_7_percent_1_Messung,0.154,
44756_Q5,tan_d_7_percent_1_Messung,0.154,
44756_Q6,tan_d_7_percent_1_Messung,0.153,
44756_Q7,tan_d_7_percent_1_Messung,0.152,
44756_Q8,tan_d_7_percent_1_Messung,0.158,
44756_Q1,LossModulus_Gdouble_dash(max),0.27,MPa
44756_Q2,LossModulus_Gdouble_dash(max),0.27,MPa
44756_Q3,LossModulus_Gdouble_dash(max),0.28,MPa
44756_Q4,LossModulus_Gdouble_dash(max),0.29,MPa
44756_Q5,LossModulus_Gdouble_dash(max),0.28,MPa
44756_Q6,LossModulus_Gdouble_dash(max),0.28,MPa
44756_Q7,LossModulus_Gdouble_dash(max),0.25,MPa
44756_Q8,LossModulus_Gdouble_dash(max),0.27,MPa
44758_Q1,ML 1+1,72.93,ME
44758_Q2,ML 1+1,76.39,ME
44758_Q3,ML 1+1,92.31,ME
44758_Q4,ML 1+1,89.65,ME
44758_Q5,ML 1+1,88.94,ME
44758_Q6,ML 1+1,96.58,ME
44758_Q7,ML 1+1,76.92,ME
44758_Q8,ML 1+1,72.18,ME
44758_Q1,ML 1+4,63.25,ME
44758_Q2,ML 1+4,67.49,ME
44758_Q3,ML 1+4,82.49,ME
44758_Q4,ML 1+4,80.09,ME
44758_Q5,ML 1+4,80.04,ME
44758_Q6,ML 1+4,85.75,ME
44758_Q7,ML 1+4,68.3,ME
44758_Q8,ML 1+4,63.09,ME
44758_Q1,MSR,0.464,log(ME)/log(s)
44758_Q2,MSR,0.474,log(ME)/log(s)
44758_Q3,MSR,0.41,log(ME)/log(s)
44758_Q4,MSR,0.419,log(ME)/log(s)
44758_Q5,MSR,0.413,log(ME)/log(s)
44758_Q6,MSR,0.396,log(ME)/log(s)
44758_Q7,MSR,0.482,log(ME)/log(s)
44758_Q8,MSR,0.469,log(ME)/log(s)
44758_Q1,Umsatzzeit 90percent,859.2,[sec]
44758_Q2,Umsatzzeit 90percent,970.2,[sec]
44758_Q3,Umsatzzeit 90percent,943.14,[sec]
44758_Q4,Umsatzzeit 90percent,972.3,[sec]
44758_Q5,Umsatzzeit 90percent,857.76,[sec]
44758_Q6,Umsatzzeit 90percent,1087.44,[sec]
44758_Q7,Umsatzzeit 90percent,1121.34,[sec]
44758_Q8,Umsatzzeit 90percent,964.86,[sec]
44758_Q1,S_dash bei 90percent Umsatz,17.71,dNm
44758_Q2,S_dash bei 90percent Umsatz,17.05,dNm
44758_Q3,S_dash bei 90percent Umsatz,17.14,dNm
44758_Q4,S_dash bei 90percent Umsatz,16.85,dNm
44758_Q5,S_dash bei 90percent Umsatz,17.19,dNm
44758_Q6,S_dash bei 90percent Umsatz,17.26,dNm
44758_Q7,S_dash bei 90percent Umsatz,16.37,dNm
44758_Q8,S_dash bei 90percent Umsatz,17.3,dNm
44758_Q1,Hardness_mean_value,64.5,Shore A
44758_Q2,Hardness_mean_value,65.43,Shore A
44758_Q3,Hardness_mean_value,64.3,Shore A
44758_Q4,Hardness_mean_value,63.73,Shore A
44758_Q5,Hardness_mean_value,63.63,Shore A
44758_Q6,Hardness_mean_value,66.6,Shore A
44758_Q7,Hardness_mean_value,65.2,Shore A
44758_Q8,Hardness_mean_value,65.13,Shore A
44758_Q1,Rebound_mean_value_1,36.13,percent
44758_Q2,Rebound_mean_value_1,36.2,percent
44758_Q3,Rebound_mean_value_1,35.6,percent
44758_Q4,Rebound_mean_value_1,36.27,percent
44758_Q5,Rebound_mean_value_1,36.8,percent
44758_Q6,Rebound_mean_value_1,36.4,percent
44758_Q7,Rebound_mean_value_1,36.0,percent
44758_Q8,Rebound_mean_value_1,36.0,percent
44758_Q1,Rebound_mean_value_2,60.0,percent
44758_Q2,Rebound_mean_value_2,60.0,percent
44758_Q3,Rebound_mean_value_2,62.5,percent
44758_Q4,Rebound_mean_value_2,60.5,percent
44758_Q5,Rebound_mean_value_2,62.0,percent
44758_Q6,Rebound_mean_value_2,62.0,percent
44758_Q7,Rebound_mean_value_2,60.5,percent
44758_Q8,Rebound_mean_value_2,56.5,percent
44758_Q1,Rebound_mean_value_3,62.5,percent
44758_Q2,Rebound_mean_value_3,63.5,percent
44758_Q3,Rebound_mean_value_3,65.5,percent
44758_Q4,Rebound_mean_value_3,65.0,percent
44758_Q5,Rebound_mean_value_3,66.5,percent
44758_Q6,Rebound_mean_value_3,66.5,percent
44758_Q7,Rebound_mean_value_3,62.5,percent
44758_Q8,Rebound_mean_value_3,62.5,percent
44758_Q1,S50,1.5,MPa
44758_Q2,S50,1.5,MPa
44758_Q3,S50,1.5,MPa
44758_Q4,S50,1.5,MPa
44758_Q5,S50,1.5,MPa
44758_Q6,S50,1.7,MPa
44758_Q7,S50,1.7,MPa
44758_Q8,S50,1.6,MPa
44758_Q1,S100,2.8,MPa
44758_Q2,S100,2.8,MPa
44758_Q3,S100,2.6,MPa
44758_Q4,S100,2.7,MPa
44758_Q5,S100,2.7,MPa
44758_Q6,S100,3.3,MPa
44758_Q7,S100,2.9,MPa
44758_Q8,S100,2.7,MPa
44758_Q1,S300,15.0,MPa
44758_Q2,S300,15.1,MPa
44758_Q3,S300,14.7,MPa
44758_Q4,S300,14.8,MPa
44758_Q5,S300,14.8,MPa
44758_Q6,S300,18.7,MPa
44758_Q7,S300,14.7,MPa
44758_Q8,S300,13.9,MPa
44758_Q1,D Median,386.0,percent
44758_Q2,D Median,357.0,percent
44758_Q3,D Median,372.0,percent
44758_Q4,D Median,370.0,percent
44758_Q5,D Median,355.0,percent
44758_Q6,D Median,327.0,percent
44758_Q7,D Median,349.0,percent
44758_Q8,D Median,382.0,percent
44758_Q1,F Median,20.8,MPa
44758_Q2,F Median,19.4,MPa
44758_Q3,F Median,20.2,MPa
44758_Q4,F Median,19.7,MPa
44758_Q5,F Median,18.6,MPa
44758_Q6,F Median,20.6,MPa
44758_Q7,F Median,18.1,MPa
44758_Q8,F Median,19.5,MPa
44758_Q1,E_dash_0_degree_celcius,37.49,MPa
44758_Q2,E_dash_0_degree_celcius,40.59,MPa
44758_Q3,E_dash_0_degree_celcius,31.35,MPa
44758_Q4,E_dash_0_degree_celcius,31.96,MPa
44758_Q5,E_dash_0_degree_celcius,35.38,MPa
44758_Q6,E_dash_0_degree_celcius,36.8,MPa
44758_Q7,E_dash_0_degree_celcius,42.55,MPa
44758_Q8,E_dash_0_degree_celcius,34.46,MPa
44758_Q1,E_double_dash_0_degree_celcius,10.33,MPa
44758_Q2,E_double_dash_0_degree_celcius,11.38,MPa
44758_Q3,E_double_dash_0_degree_celcius,10.52,MPa
44758_Q4,E_double_dash_0_degree_celcius,9.84,MPa
44758_Q5,E_double_dash_0_degree_celcius,10.79,MPa
44758_Q6,E_double_dash_0_degree_celcius,11.78,MPa
44758_Q7,E_double_dash_0_degree_celcius,12.14,MPa
44758_Q8,E_double_dash_0_degree_celcius,9.94,MPa
44758_Q1,E_dash_23_degree_celcius,20.97,MPa
44758_Q2,E_dash_23_degree_celcius,22.56,MPa
44758_Q3,E_dash_23_degree_celcius,16.71,MPa
44758_Q4,E_dash_23_degree_celcius,17.3,MPa
44758_Q5,E_dash_23_degree_celcius,18.99,MPa
44758_Q6,E_dash_23_degree_celcius,19.49,MPa
44758_Q7,E_dash_23_degree_celcius,23.7,MPa
44758_Q8,E_dash_23_degree_celcius,19.25,MPa
44758_Q1,E_double_dash_23_degree_celcius,3.61,MPa
44758_Q2,E_double_dash_23_degree_celcius,3.77,MPa
44758_Q3,E_double_dash_23_degree_celcius,2.98,MPa
44758_Q4,E_double_dash_23_degree_celcius,2.87,MPa
44758_Q5,E_double_dash_23_degree_celcius,3.37,MPa
44758_Q6,E_double_dash_23_degree_celcius,3.2,MPa
44758_Q7,E_double_dash_23_degree_celcius,4.11,MPa
44758_Q8,E_double_dash_23_degree_celcius,3.33,MPa
44758_Q1,E_dash_60_degree_celcius,12.6,MPa
44758_Q2,E_dash_60_degree_celcius,13.55,MPa
44758_Q3,E_dash_60_degree_celcius,9.94,MPa
44758_Q4,E_dash_60_degree_celcius,10.64,MPa
44758_Q5,E_dash_60_degree_celcius,11.24,MPa
44758_Q6,E_dash_60_degree_celcius,11.87,MPa
44758_Q7,E_dash_60_degree_celcius,13.91,MPa
44758_Q8,E_dash_60_degree_celcius,11.74,MPa
44758_Q1,E_double_dash_60_degree_celcius,1.37,MPa
44758_Q2,E_double_dash_60_degree_celcius,1.34,MPa
44758_Q3,E_double_dash_60_degree_celcius,0.94,MPa
44758_Q4,E_double_dash_60_degree_celcius,0.86,MPa
44758_Q5,E_double_dash_60_degree_celcius,1.15,MPa
44758_Q6,E_double_dash_60_degree_celcius,0.99,MPa
44758_Q7,E_double_dash_60_degree_celcius,1.48,MPa
44758_Q8,E_double_dash_60_degree_celcius,1.2,MPa
44758_Q1,tand d max,0.563,
44758_Q2,tand d max,0.542,
44758_Q3,tand d max,0.592,
44758_Q4,tand d max,0.571,
44758_Q5,tand d max,0.56,
44758_Q6,tand d max,0.575,
44758_Q7,tand d max,0.544,
44758_Q8,tand d max,0.58,
44758_Q1,Temperatur tan d max,-24.3,[°C]
44758_Q2,Temperatur tan d max,-22.3,[°C]
44758_Q3,Temperatur tan d max,-19.3,[°C]
44758_Q4,Temperatur tan d max,-20.2,[°C]
44758_Q5,Temperatur tan d max,-21.2,[°C]
44758_Q6,Temperatur tan d max,-19.2,[°C]
44758_Q7,Temperatur tan d max,-22.3,[°C]
44758_Q8,Temperatur tan d max,-23.2,[°C]
44758_Q1,ElasticModulus_G_dash_zero_point_five_percent_1_Messung,3.4,MPa
44758_Q2,ElasticModulus_G_dash_zero_point_five_percent_1_Messung,3.29,MPa
44758_Q3,ElasticModulus_G_dash_zero_point_five_percent_1_Messung,3.26,MPa
44758_Q4,ElasticModulus_G_dash_zero_point_five_percent_1_Messung,2.92,MPa
44758_Q5,ElasticModulus_G_dash_zero_point_five_percent_1_Messung,2.95,MPa
44758_Q6,ElasticModulus_G_dash_zero_point_five_percent_1_Messung,3.27,MPa
44758_Q7,ElasticModulus_G_dash_zero_point_five_percent_1_Messung,2.92,MPa
44758_Q8,ElasticModulus_G_dash_zero_point_five_percent_1_Messung,3.47,MPa
44758_Q1,ElasticModulus_G_dash_15_percent_1_Messung,1.44,MPa
44758_Q2,ElasticModulus_G_dash_15_percent_1_Messung,1.46,MPa
44758_Q3,ElasticModulus_G_dash_15_percent_1_Messung,1.45,MPa
44758_Q4,ElasticModulus_G_dash_15_percent_1_Messung,1.36,MPa
44758_Q5,ElasticModulus_G_dash_15_percent_1_Messung,1.4,MPa
44758_Q6,ElasticModulus_G_dash_15_percent_1_Messung,1.46,MPa
44758_Q7,ElasticModulus_G_dash_15_percent_1_Messung,1.34,MPa
44758_Q8,ElasticModulus_G_dash_15_percent_1_Messung,1.44,MPa
44758_Q1,tan_d_7_percent_1_Messung,0.169,
44758_Q2,tan_d_7_percent_1_Messung,0.164,
44758_Q3,tan_d_7_percent_1_Messung,0.152,
44758_Q4,tan_d_7_percent_1_Messung,0.151,
44758_Q5,tan_d_7_percent_1_Messung,0.153,
44758_Q6,tan_d_7_percent_1_Messung,0.159,
44758_Q7,tan_d_7_percent_1_Messung,0.16,
44758_Q8,tan_d_7_percent_1_Messung,0.174,
44758_Q1,LossModulus_Gdouble_dash(max),0.38,MPa
44758_Q2,LossModulus_Gdouble_dash(max),0.36,MPa
44758_Q3,LossModulus_Gdouble_dash(max),0.34,MPa
44758_Q4,LossModulus_Gdouble_dash(max),0.3,MPa
44758_Q5,LossModulus_Gdouble_dash(max),0.32,MPa
44758_Q6,LossModulus_Gdouble_dash(max),0.37,MPa
44758_Q7,LossModulus_Gdouble_dash(max),0.32,MPa
44758_Q8,LossModulus_Gdouble_dash(max),0.42,MPa
44760_Q1,ML 1+1,90.53,ME
44760_Q2,ML 1+1,84.97,ME
44760_Q3,ML 1+1,88.13,ME
44760_Q4,ML 1+1,73.84,ME
44760_Q5,ML 1+1,73.73,ME
44760_Q6,ML 1+1,87.97,ME
44760_Q7,ML 1+1,86.25,ME
44760_Q8,ML 1+1,91.02,ME
44760_Q1,ML 1+4,73.3,ME
44760_Q2,ML 1+4,75.38,ME
44760_Q3,ML 1+4,73.57,ME
44760_Q4,ML 1+4,65.39,ME
44760_Q5,ML 1+4,65.42,ME
44760_Q6,ML 1+4,73.49,ME
44760_Q7,ML 1+4,77.24,ME
44760_Q8,ML 1+4,75.08,ME
44760_Q1,MSR,0.389,log(ME)/log(s)
44760_Q2,MSR,0.43,log(ME)/log(s)
44760_Q3,MSR,0.391,log(ME)/log(s)
44760_Q4,MSR,0.479,log(ME)/log(s)
44760_Q5,MSR,0.476,log(ME)/log(s)
44760_Q6,MSR,0.383,log(ME)/log(s)
44760_Q7,MSR,0.421,log(ME)/log(s)
44760_Q8,MSR,0.379,log(ME)/log(s)
44760_Q1,Umsatzzeit 90percent,753.33,[sec]
44760_Q2,Umsatzzeit 90percent,931.11,[sec]
44760_Q3,Umsatzzeit 90percent,850.5,[sec]
44760_Q4,Umsatzzeit 90percent,935.16,[sec]
44760_Q5,Umsatzzeit 90percent,946.62,[sec]
44760_Q6,Umsatzzeit 90percent,880.5,[sec]
44760_Q7,Umsatzzeit 90percent,917.1,[sec]
44760_Q8,Umsatzzeit 90percent,824.28,[sec]
44760_Q1,S_dash bei 90percent Umsatz,16.2,dNm
44760_Q2,S_dash bei 90percent Umsatz,16.01,dNm
44760_Q3,S_dash bei 90percent Umsatz,16.18,dNm
44760_Q4,S_dash bei 90percent Umsatz,15.63,dNm
44760_Q5,S_dash bei 90percent Umsatz,15.68,dNm
44760_Q6,S_dash bei 90percent Umsatz,16.11,dNm
44760_Q7,S_dash bei 90percent Umsatz,16.31,dNm
44760_Q8,S_dash bei 90percent Umsatz,16.28,dNm
44760_Q1,Hardness_mean_value,61.63,Shore A
44760_Q2,Hardness_mean_value,60.6,Shore A
44760_Q3,Hardness_mean_value,62.67,Shore A
44760_Q4,Hardness_mean_value,61.57,Shore A
44760_Q5,Hardness_mean_value,62.23,Shore A
44760_Q6,Hardness_mean_value,61.77,Shore A
44760_Q7,Hardness_mean_value,62.57,Shore A
44760_Q8,Hardness_mean_value,63.13,Shore A
44760_Q1,Rebound_mean_value_1,37.53,percent
44760_Q2,Rebound_mean_value_1,38.87,percent
44760_Q3,Rebound_mean_value_1,38.0,percent
44760_Q4,Rebound_mean_value_1,38.53,percent
44760_Q5,Rebound_mean_value_1,39.0,percent
44760_Q6,Rebound_mean_value_1,38.0,percent
44760_Q7,Rebound_mean_value_1,38.93,percent
44760_Q8,Rebound_mean_value_1,37.13,percent
44760_Q1,Rebound_mean_value_2,63.5,percent
44760_Q2,Rebound_mean_value_2,63.5,percent
44760_Q3,Rebound_mean_value_2,61.5,percent
44760_Q4,Rebound_mean_value_2,63.0,percent
44760_Q5,Rebound_mean_value_2,63.5,percent
44760_Q6,Rebound_mean_value_2,61.5,percent
44760_Q7,Rebound_mean_value_2,64.5,percent
44760_Q8,Rebound_mean_value_2,62.5,percent
44760_Q1,Rebound_mean_value_3,65.5,percent
44760_Q2,Rebound_mean_value_3,67.5,percent
44760_Q3,Rebound_mean_value_3,64.5,percent
44760_Q4,Rebound_mean_value_3,66.0,percent
44760_Q5,Rebound_mean_value_3,66.5,percent
44760_Q6,Rebound_mean_value_3,66.0,percent
44760_Q7,Rebound_mean_value_3,66.5,percent
44760_Q8,Rebound_mean_value_3,66.5,percent
44760_Q1,S50,1.3,MPa
44760_Q2,S50,1.4,MPa
44760_Q3,S50,1.3,MPa
44760_Q4,S50,1.4,MPa
44760_Q5,S50,1.4,MPa
44760_Q6,S50,1.3,MPa
44760_Q7,S50,1.4,MPa
44760_Q8,S50,1.3,MPa
44760_Q1,S100,2.4,MPa
44760_Q2,S100,2.5,MPa
44760_Q3,S100,2.4,MPa
44760_Q4,S100,2.6,MPa
44760_Q5,S100,2.4,MPa
44760_Q6,S100,2.4,MPa
44760_Q7,S100,2.5,MPa
44760_Q8,S100,2.5,MPa
44760_Q1,S300,15.1,MPa
44760_Q2,S300,14.5,MPa
44760_Q3,S300,15.4,MPa
44760_Q4,S300,15.0,MPa
44760_Q5,S300,13.8,MPa
44760_Q6,S300,15.0,MPa
44760_Q7,S300,15.1,MPa
44760_Q8,S300,16.3,MPa
44760_Q1,D Median,381.0,percent
44760_Q2,D Median,383.0,percent
44760_Q3,D Median,362.0,percent
44760_Q4,D Median,396.0,percent
44760_Q5,D Median,353.0,percent
44760_Q6,D Median,377.0,percent
44760_Q7,D Median,382.0,percent
44760_Q8,D Median,341.0,percent
44760_Q1,F Median,21.3,MPa
44760_Q2,F Median,20.3,MPa
44760_Q3,F Median,20.3,MPa
44760_Q4,F Median,21.6,MPa
44760_Q5,F Median,17.5,MPa
44760_Q6,F Median,20.5,MPa
44760_Q7,F Median,21.0,MPa
44760_Q8,F Median,19.4,MPa
44760_Q1,E_dash_0_degree_celcius,20.84,MPa
44760_Q2,E_dash_0_degree_celcius,27.76,MPa
44760_Q3,E_dash_0_degree_celcius,21.22,MPa
44760_Q4,E_dash_0_degree_celcius,30.38,MPa
44760_Q5,E_dash_0_degree_celcius,26.89,MPa
44760_Q6,E_dash_0_degree_celcius,21.57,MPa
44760_Q7,E_dash_0_degree_celcius,21.26,MPa
44760_Q8,E_dash_0_degree_celcius,18.91,MPa
44760_Q1,E_double_dash_0_degree_celcius,7.36,MPa
44760_Q2,E_double_dash_0_degree_celcius,8.84,MPa
44760_Q3,E_double_dash_0_degree_celcius,6.89,MPa
44760_Q4,E_double_dash_0_degree_celcius,9.46,MPa
44760_Q5,E_double_dash_0_degree_celcius,8.79,MPa
44760_Q6,E_double_dash_0_degree_celcius,7.37,MPa
44760_Q7,E_double_dash_0_degree_celcius,7.38,MPa
44760_Q8,E_double_dash_0_degree_celcius,6.71,MPa
44760_Q1,E_dash_23_degree_celcius,11.11,MPa
44760_Q2,E_dash_23_degree_celcius,15.3,MPa
44760_Q3,E_dash_23_degree_celcius,11.56,MPa
44760_Q4,E_dash_23_degree_celcius,16.78,MPa
44760_Q5,E_dash_23_degree_celcius,14.87,MPa
44760_Q6,E_dash_23_degree_celcius,11.8,MPa
44760_Q7,E_dash_23_degree_celcius,11.54,MPa
44760_Q8,E_dash_23_degree_celcius,10.17,MPa
44760_Q1,E_double_dash_23_degree_celcius,1.79,MPa
44760_Q2,E_double_dash_23_degree_celcius,2.49,MPa
44760_Q3,E_double_dash_23_degree_celcius,1.82,MPa
44760_Q4,E_double_dash_23_degree_celcius,2.84,MPa
44760_Q5,E_double_dash_23_degree_celcius,2.46,MPa
44760_Q6,E_double_dash_23_degree_celcius,1.95,MPa
44760_Q7,E_double_dash_23_degree_celcius,1.9,MPa
44760_Q8,E_double_dash_23_degree_celcius,1.66,MPa
44760_Q1,E_dash_60_degree_celcius,7.04,MPa
44760_Q2,E_dash_60_degree_celcius,9.34,MPa
44760_Q3,E_dash_60_degree_celcius,7.53,MPa
44760_Q4,E_dash_60_degree_celcius,9.9,MPa
44760_Q5,E_dash_60_degree_celcius,9.05,MPa
44760_Q6,E_dash_60_degree_celcius,7.45,MPa
44760_Q7,E_dash_60_degree_celcius,7.42,MPa
44760_Q8,E_dash_60_degree_celcius,6.55,MPa
44760_Q1,E_double_dash_60_degree_celcius,0.53,MPa
44760_Q2,E_double_dash_60_degree_celcius,0.78,MPa
44760_Q3,E_double_dash_60_degree_celcius,0.61,MPa
44760_Q4,E_double_dash_60_degree_celcius,0.91,MPa
44760_Q5,E_double_dash_60_degree_celcius,0.77,MPa
44760_Q6,E_double_dash_60_degree_celcius,0.63,MPa
44760_Q7,E_double_dash_60_degree_celcius,0.59,MPa
44760_Q8,E_double_dash_60_degree_celcius,0.49,MPa
44760_Q1,tand d max,0.662,
44760_Q2,tand d max,0.615,
44760_Q3,tand d max,0.636,
44760_Q4,tand d max,0.6,
44760_Q5,tand d max,0.628,
44760_Q6,tand d max,0.664,
44760_Q7,tand d max,0.664,
44760_Q8,tand d max,0.68,
44760_Q1,Temperatur tan d max,-20.3,[°C]
44760_Q2,Temperatur tan d max,-20.3,[°C]
44760_Q3,Temperatur tan d max,-21.3,[°C]
44760_Q4,Temperatur tan d max,-21.2,[°C]
44760_Q5,Temperatur tan d max,-20.2,[°C]
44760_Q6,Temperatur tan d max,-20.3,[°C]
44760_Q7,Temperatur tan d max,-20.2,[°C]
44760_Q8,Temperatur tan d max,-20.3,[°C]
44760_Q1,ElasticModulus_G_dash_zero_point_five_percent_1_Messung,2.59,MPa
44760_Q2,ElasticModulus_G_dash_zero_point_five_percent_1_Messung,2.58,MPa
44760_Q3,ElasticModulus_G_dash_zero_point_five_percent_1_Messung,2.53,MPa
44760_Q4,ElasticModulus_G_dash_zero_point_five_percent_1_Messung,2.87,MPa
44760_Q5,ElasticModulus_G_dash_zero_point_five_percent_1_Messung,2.85,MPa
44760_Q6,ElasticModulus_G_dash_zero_point_five_percent_1_Messung,2.46,MPa
44760_Q7,ElasticModulus_G_dash_zero_point_five_percent_1_Messung,2.72,MPa
44760_Q8,ElasticModulus_G_dash_zero_point_five_percent_1_Messung,2.31,MPa
44760_Q1,ElasticModulus_G_dash_15_percent_1_Messung,1.28,MPa
44760_Q2,ElasticModulus_G_dash_15_percent_1_Messung,1.27,MPa
44760_Q3,ElasticModulus_G_dash_15_percent_1_Messung,1.29,MPa
44760_Q4,ElasticModulus_G_dash_15_percent_1_Messung,1.35,MPa
44760_Q5,ElasticModulus_G_dash_15_percent_1_Messung,1.33,MPa
44760_Q6,ElasticModulus_G_dash_15_percent_1_Messung,1.26,MPa
44760_Q7,ElasticModulus_G_dash_15_percent_1_Messung,1.32,MPa
44760_Q8,ElasticModulus_G_dash_15_percent_1_Messung,1.22,MPa
44760_Q1,tan_d_7_percent_1_Messung,0.16,
44760_Q2,tan_d_7_percent_1_Messung,0.149,
44760_Q3,tan_d_7_percent_1_Messung,0.152,
44760_Q4,tan_d_7_percent_1_Messung,0.159,
44760_Q5,tan_d_7_percent_1_Messung,0.164,
44760_Q6,tan_d_7_percent_1_Messung,0.153,
44760_Q7,tan_d_7_percent_1_Messung,0.149,
44760_Q8,tan_d_7_percent_1_Messung,0.151,
44760_Q1,LossModulus_Gdouble_dash(max),0.29,MPa
44760_Q2,LossModulus_Gdouble_dash(max),0.27,MPa
44760_Q3,LossModulus_Gdouble_dash(max),0.27,MPa
44760_Q4,LossModulus_Gdouble_dash(max),0.32,MPa
44760_Q5,LossModulus_Gdouble_dash(max),0.32,MPa
44760_Q6,LossModulus_Gdouble_dash(max),0.27,MPa
44760_Q7,LossModulus_Gdouble_dash(max),0.29,MPa
44760_Q8,LossModulus_Gdouble_dash(max),0.25,MPa
